黄芩,防风#等分
防风,白芷#4．5g
天南星,防风#等分
黄芩,防风#等分
防风3g,黄芩9g,阿胶15g
远志,干防风15g
草乌,细辛,防风#等分
防风30g,五灵脂,川乌头#60g
防风0.6g,羌活0．9g,红豆2个
防风30g,黄芪,白术#60g
地骨皮,防风#30g,炙甘草7.5g
地骨皮30g,防风30g,甘草15g
防风,芍药,黄芩#30g
牡蛎,白术,防风#90g
川乌60g,防风60g,雄黄30g
川花椒3g,北细辛3g,香白芷3．6g,青防风6g
黄芩,大黄,防风,薄荷#15g
干葛,防风,石膏,甘草
大戟90g,露蜂房,细辛#30g,防风15g
龙胆草,防风,生甘草,细辛#3g
防风,荆芥,甘草,牛蒡子#等分
升麻,荆芥穗,防风#15g,细辛30g
艾叶62g,雄黄6g,防风62g,花椒6g
甘菊花,旋覆花,防风,石膏#等分
萆薢,防风,狗脊,乌头#等分
天麻,天南星,防风#30g,薄荷叶15g
茯苓9g,防风,麦冬,黄芩#6g
地骨皮60g,防风30g,甘草15g,麦冬30g
大黄,荆芥穗,川芎,防风#等分
当归,防风苗,蒺藜,牡丹皮#等分
防风,黄芩,麦冬#90g,白茯苓120g
防风,蝉蜕,猪牙皂荚#45g,天麻60g,
防己9g,桂枝10g,防风9g,甘草10g
防风,当归,川芎,地黄#30g
麦冬,防风,茯苓#30g,人参15g
防风,黄柏#3g,柴胡6g,苍术9g
全当归,酒黄连#120g,防风,枳壳#60g
牡荆子60g,防风90g,皂荚10挺,桑螵蛸60g
黑牵牛,甘草#120g,防风30g,牛蒡子240g
防风,苦参,何首乌,薄荷#等分
羌活,独活,防风,地榆#30g
羌活,防风,柴胡,甘草#500g
天南星30g,菊花22．5g,自然铜30g,防风15g,川芎30g
当归,红花,白芷,防风,南星#等分
防风,羌活,全蝎,薄荷,荆芥#30g
黄芪,赤小豆#30g,土蒺藜,枳实#15g,防风30g
车前子,羚羊角屑,防风,菟丝子#30g,决明子45g
牡蛎22．5g,白术30g,白芷10．5g,,甘草9g,防风15g
升麻,桔梗,甘草#1．5g,防风玄参#3g
苍术120g,防风6g,,白术,白茯苓,白芍药#3g
乌雌鸡肉75g,桂52．5g,细辛90g,防风7．5g,干姜75g
茯苓30g,薏仁30g,柴胡6g,防风,甘草#3g
轻粉,白附子,黄芩,白芷,防风#等分
石膏15g,栀子30g,生甘草9g,防风60g,豨莶草120g
甘菊花120g,防风60g,蒺藜子,恶实#30g,甘草15g
白薇15g,防风,白蒺藜,石榴皮,羌活#9g
细辛0．6g,炙甘草1g,升麻2．1g,防风3g,草龙胆12g
石膏,茵陈,黄芪,白术,防风
花椒,川芎#15g,白芷,防风,干姜#0．3g
防风,川芎,天麻,甘草#60g,朱砂15g
防风,苍耳,苦参,蒺藜子#60g,枳壳30g
防风30g,龙胆30g,生地黄60g,沉香15g,升麻15g
防风,羌活,全蝎,薄荷,荆芥#30g
升麻,葛根,防风,赤芍,甘草
当归30g,红花9g,赤芍9g,白及9g,防风9g
麦麸,防风,白术,牡蛎,黄芪#4.5g
苏叶,防风,川芎#4．5g,陈皮3g,,甘草2g
白术500g,蔓荆子30g,防风30g,附子15g,桂心15g
皂荚500g,防风30g,独活30g,甘草30,牛蒡子30g
皂角刺60g,臭樗皮30g,防风30g,赤芍药30g,枳壳30g
羌活,玄参,木通,乌头,防风#7.5g
附子30g,黄芪120g,甘草15g,麻黄150g,防风15g
防风,龙胆草#15g,铜青9g,五倍子6g,淡竹叶1握
藿香叶7钱,山栀子仁3g,石膏15g,甘草90g,防风120g
石膏15g,栀子仁30g,甘草90g,防风60g,豨莶草120g
全蝎8个,防风8g,僵蚕15g,天麻30g,川乌1个,南星1个
人参,麻黄,白术,防己,防风#等分,桑白皮倍加
南星240g,防风120g,独活,附子,全蝎,甘草#60g
薄荷500g,川芎,防风#60g,桔梗150g,砂仁15g,甘草120g
人参,蔓荆子#1．5g,防风3g,葛根4．5g,黄芪9g,甘草12g
干山药,生地黄,人参,茯苓,防风,泽泻#30g
川芎,龙脑薄荷叶#2．25kg,细辛150g,防风750g,桔梗3kg,甘草1．05kg
天竺黄30g,防风30g,钩藤30g,白僵蚕15g,干全蝎15g,白附子15g
天麻,防风,羌活,甘菊花,杏仁#60g,甘草30g
僵蚕3g,防风9g,天萝子27g,陈白梅7个,胆矾少许,酸米醋少许
木通45g,防风30g,赤芍药45g,白芷22．5g,山栀子仁30g,大黄45g
当归,熟地,白芍,川芎120g,防风,制苍术#21g
升麻,葛根,柴胡,白芍#30g,防风,甘草#15g
柴胡3～9g,防风3g,陈皮4．5g,芍药6g,甘草3g,生姜3～5片
南星,防风,白芷,天麻,羌活,禹白附#等分
黄芪,防风,白茯苓,白术,麻黄根、节#15g,甘草6g
白术,附子,甘草,防风#30g,桂90g,茯苓15g
桔梗2．5g,甘草4．5g,射干,牛蒡子#2g,防风,玄参
冰片7．5g,秦皮,防风,细辛,甘草,宣黄连#45g
淫羊藿60g,虎胫骨60g,附子60g,防风60g,踯躅花60g,牛膝60g
生地黄,赤芍药,川芎,当归,防风#等分,黄芩减半
白术,厚朴,甘菊花#15g,人参,白芷,防风#30g
白术30g,酸枣仁30g,麻黄根60g,防风30g,白龙骨75g,黄芪60g
白芥子30g,防风22．5g,安息香30g,沉香15g,补骨脂30g,槟榔15g
地黄1kg,杏仁250g,金钗石斛,牛膝,防风,枳壳#120g
地黄汁750m1,鹿茸15g,人参45g,茯神15g,防风15g,甘草30g
细辛0．6g,川芎,蔓荆子#1．5g,甘草,白芷#3g,防风4.5g
川芎,薏苡仁#60g,细辛,防风,地骨皮,柳枝#30g
黄芪90g,当归15g,防风,羌活#3g,荆芥穗4．5g,甘草1．5g
荆芥,牛蒡子,甘草,防风,当归,赤芍药#等分
防风,冰片,牡蛎#60g,五味子,白芷,细辛#30g
青梅20枚,明矾90g,桔梗,白芷,防风#30g,猪牙皂荚30条
防风,钟乳粉,牛黄,白术#15g,熟地黄,甘草#0．9g
防风30g,甘菊花30g,牛蒡子30g,白附子30g,前胡30g,石膏60g
防风15g,苍术,石膏#30g,炙甘草15g,川芎,黄芩#7．5g
防风,陈皮,细辛,金银花,荆芥,枳壳#等分
麦冬,柴胡,防风,半夏,赤茯苓,犀角#15g
炒白芍18g,炒白术9g,煨防风4．5g,陈皮3g,炒黄芩6g,煨葛根3g
皂荚10挺,羌活60g,防风90g,桂心90g,附子60g,干薄荷120g
羌活,肉桂#30g,附子,当归,防风,牛膝#22g
羌活,独活,柴胡,防风,肉桂,当归
羌活,山栀子仁,防风#7．5g,,甘草10g,白蒺藜,菊花#15g
羌活,防风,当归,生地,川芎,白芍药
附子,桂心#15g,细辛,防风,人参,干姜#18g
附子,桂心#15g,细辛,防风,人参,干姜#18g
附子150g,黑豆270g,天雄150g,防风90g,天麻,川芎#150g
大附子1枚,防风30g,骨碎补15g,汉防己白术#15g,乳香6g
川芎60g,防风,郁金,猪牙皂荚,明矾#30g,蜈蚣#1条
夜明砂,木贼,防风,田螺壳,青木香,细辛#等分
黄芩,黄连,防风,山栀子#30g,大黄,甘草#15g
细辛,防风,川大黄,黄芩#7．5g,花椒15g,蜡15g
人参,石菖蒲,川芎,熟地黄#30g,细辛30g,防风15g,朱砂15g
龙胆草4．5g,黄连,防风#3g,升麻2．1g,草豆蔻10粒,北细辛0．6g,炙甘草1．2g
紫荆皮12g,荆芥穗,薄荷叶#9g,僵蚕,苦桔梗,防风#6g,甘草4．5g
山药,防风,细辛#30g,山茱萸,蔓荆实#22．5g,芍药升麻#15g
天麻,半夏,防风,羌活胆星,僵蚕,全蝎#等分
天麻,防风,甘草,川芎,羌活,白芷,麻黄#等分
木通30g,防风15g,栀子仁15g,川升麻30g,石膏60g,麻黄23g,桂心15g
马钱子6个,土槿皮60g,槟榔7个,防风6g,麝香lg,冰片1g,蜗牛7个
升麻,山茱萸#22．5g,甘菊花,细辛#15g,蔓荆实,山药,防风#30g
南星6g,苍术4．5g,羌活4．5g,川芎2．4g,滑石9g,半夏4．5g,防风4．5g
川乌头250g,天麻60g,黄芪60g,当归60g,羌活60g,肉桂90g,防风60g
羌活,秦艽,白芍药,防风#3g,当归,川芎,熟地黄#4．5g
大青梅20个,猪牙皂30条,桔梗60g,防风60g,净食盐360g,块明矾90g,白芷60g
甘草,防风,荆芥,薄荷,黄芩#3g,桔梗9g,玄参3g
石膏,石决明,荆芥,白芷,川芎,防风,旋覆花#等分
生地黄,升麻,川芎,细辛,露蜂房,防风#30g,大皂荚6g
生铁落30g,石膏15g,龙齿15g,白茯苓,防风#4．5g,玄参,秦艽#3g
犀角,麻黄,防风,石决明,当归,楮实子,枸杞子#等分
防风,荆芥,连翘,白芷,薄荷,赤芍,石膏
白杨皮45g,地骨皮30g,防风15g,蔓荆子30g,细辛30g,杏仁30枚,生地黄60g
川芎3g,荆芥,防风,桔梗#4．5g,柴胡2．1g,黄芩,当归尾#6g
生石膏90g,青龙齿,辰茯神,青防风#45g,玄参,秦艽#30g,鲜生地120g
干生地500g,干熟地500g,石斛,防风,枳壳,牛膝,杏仁#120g
川乌头,天南星,干姜#30g,甘草,川芎#60g,防风7．5g,天麻15g
赤芍药45g,羚羊角,玄参,防风,黄芩#30g,蔓荆实,甘菊花#o．9g
川芎,白术,天麻#30g,防风,荆芥穗#15g,细辛3g,甘草7．5g
川芎60g,菊花30g,白芷60g,细辛15g,石膏15g,防风60g,甘草15g
当归6g,川芎,熟地,防风,黄芪#9g,芍药4．5g,甘草1．2g
防风,白芷#2．3g,白芍药,熟地黄,当归,川芎#3g,羌活2．3g
防己,桂,麻黄,葛根#60g,甘草,防风,芍药#30g
防风,白茯苓,升麻,贝母蒺藜子,大黄,甘草#7．5g
防风30g,龙骨60g,升麻,赤芍药,,葛根,石膏#45g
防风,升麻#2．4g,青皮,生地黄,牡丹皮,当归,细辛#1．5g
生地黄,木通,防风,甘草,黄芩,赤芍,羌活#等分
防风,黄连,谷精草,黄芩,甘草,天南星#30g,蛤粉4g
全蝎7．5g,细辛,藁本,羌活,川芎,防风#15g,白花蛇6g
木贼,苍术,白蒺藜,防风,羌活,川芎,甘草#等分
芦荟9g,明矾9g,黄柏31g,苦参31g,蛇床子31g,荆芥15g,防风15g
天竺黄,人中黄#60g,僵蚕<去丝嘴),全蝎,防风,荆芥#30g,麝香3g
鸡苏叶,荆芥穗,桔梗,防风,牛蒡子,甘草#30g,人参15g
何首乌120g,荆芥,威灵仙,防风,蔓荆子,车前子,甘草#60g
荆芥穗,蔓荆子,蚵蚾草,威灵仙,何首乌,防风,甘草#2．5kg
枳壳,防风,独活,大黄,前胡,当归,麻黄#9g
川芎3g,桔梗,防风,荆芥穗#4．5g,柴胡2．1g,黄芩,归尾#6g
羌活,独活#3g,藁本,防风,甘草,川芎#1．5g,蔓荆子1g
附子30g,川乌头30g,天雄30g,桂心45g,干姜45g,防风45g,槟榔75g
鸡苏叶,恶实,玄参,甘草#30g,防风,人参,天冬#15g,
细辛,草乌#30g,蝎梢15g,荆芥穗,防风#45g,升麻15g,没食子30g
苍耳子30g,樟木子30g,樟木皮30g,防风30g,薄荷30g,黄柏120g,苍术90g
苦参,荆芥,防风,白矾,花椒,野菊,马鞭草#等分
黄连,连翘,羌活,菊花#60g,防风45g,细辛,甘草#30g
羌活,防风,川芎,人参#30g,干葛,升麻,甘草#15g
当归,冰片,川芎,山栀子仁,川大黄,羌活,防风#等分
当归6g,龙胆草3g,川芎6g,山栀4．5g,羌活6g,防风6g,黄芩6g
草乌头15g,香白芷30g,川芎60g,防风,天麻,甘草#30g,细辛15g
全蝎,香白芷,细辛,荆芥,防风,川芎,花椒#7.5g
桂枝8g,赤芍9g,甘草3g,防风,川芎,羌活#5g,白术9g
大黄,山栀子,防风,薄荷,川芎,,羌活,甘草#等分
防风3g,苏叶嫩枝4．5g,生姜皮38,淡豆豉9g,秦艽4.5g,络石藤9g,鲜葱白4个,嫩桑枝30g
防风180g,人参60g,川芎,细辛,前胡,羌活,白芷#15g,甘草22g
藿香250g,白芷,前胡#500g,黄芪,甘草,人参#1000g,羌活,防风#1．5kg
巨胜子,麻黄,苦参,荆芥,防风,独活#360g,大风子肉240g,蒺藜120g
细辛,荆芥,白芷,川芎,黄芩,防风,甘草,地骨皮#等分
羌活,独活,防风,当归,牛膝,黄柏,肉桂,白芍药#等分
人参,石菖蒲,生地黄,川芎#30g,朱砂,防风#15g,细辛3g,甘草15g
地龙,五灵脂,威灵仙,防风,马钱子,草乌头#30g,白胶香,乳香#9g
荆芥穗90g,防风,人参,黄芩,麻黄,肉桂,苍术,甘草#45g
白蒺藜,防风,粉草,木贼,山栀#15g,草决明30g,青葙子7．5g,蝉蜕7．5g
人参30g,白术120g,桂,防己,甘草#90g,乌头7枚,防风22．5g,赤茯苓60g
人参,当归#60g,芍药,干桑叶,防风,独活,葛根,甘草#15g
薄荷500g,苏叶250g,黄柏360g,苍术500g,防风500g,杏仁炭250g,甘草250g,青黛130g
大黄75g,防风,黄芪,黄连#45g,漏芦30g,秦艽,苦参,乌梢蛇#60g
天麻30g,防风60g,细辛15g,薄荷叶15g,川芎30g,甘草<炙)30g,吴白芷30g,朱砂30g
玄参15g,乌梅3个,薄荷叶500g,川芎,防风#60g,桔梗15g,砂仁15g,甘草120g
川羌活12g,左秦艽9g,海风藤12g,宣木瓜12g,五加皮12g,川续断12g,软防风12g,北细辛2g,
川芎20～30g,荆芥,防风,全蝎荜茇#10～12g,蜈蚣2条,天麻10g,细辛3～6g
川芎,石膏,升麻,细辛,草乌,白芷,防风,羌活
川芎,羌活,蔓荆子,防风,白芷,细辛,藁本,石膏#等分
薄荷叶240g,川芎,荆芥#120g,香附子240g,防风45g,白芷,羌活,甘草#60g
川羌活,当归,大黄#15g,麻仁,桃仁#30g,皂荚子,防风,秦艽#15g
天麻15g,防风15g,枳壳22．5g,茺蔚子22．5g,白僵蚕15g,白蒺藜30g,凌霄花15g,踯躅花15g
细辛,何首乌,乌药#30g,川乌,淮乌,五月雄小乌豆,防风,粉草#15g
五味子,杏仁,桂心#3g,防风,甘草,赤芍药,川芎#6g,花椒0．9g
牛膝,革薜,杜仲,苁蓉,防风,菟丝子,白蒺藜#等分,桂枝减半
苍术9g,防风4．5g,黄连,木香#1．5g,厚朴,陈皮,枳壳#3g,甘草1．2g
升麻,防风,黄柏,茯苓,芍药,陈皮#15g,连翘,当归#2．1g
乌头,地龙,羌活,虎骨,延胡索,当归,没药,防风#30g
人参,生地,川芎,朱砂,防风,细辛,石菖蒲,甘草#3g
肉桂3g,当归9g,玄胡索15g,白芷15g,苍术30g,赤芍药15g,防风30g,荆芥120g
生地,黄甘菊,防风,枳壳,决明子,石决明,白芍,茯神#等分
白芷,防风,连翘,石膏,荆芥,赤芍药,升麻,薄荷
生黄芪310g,防风250g,炒白术250g,桂枝310g,白芍310g,生姜150g,甘草150g,大枣310g
黄芪,防风,白茯苓,白术#0．3g,麻黄根,甘草,牡蛎#1．5g,小麦5粒
地骨皮,茺蔚子#45g,防风,黄芩,玄参,大黄,细辛#30g,芒硝60g
川芎,白芷,苏叶,香附#3g,陈皮,防风,羌活#24g,甘草1．5g
荆芥15g,防风9g,半夏9g,陈皮3g,天花粉4．5g,茯苓9g,黄芩6g,苏叶3g
威灵仙,附子,桔梗,防风,蔓荆子,枳壳,川芎,当归#等分
淡竹叶24片,防风,人参,桂枝,桔梗,前胡,陈皮,茯苓#3g
大南星25个,大半夏50个,皂荚120g,白矾120g,盐120g,桔梗60g,防风120g,芒硝120g
防己30g,竹沥,防风30g,升麻30g,桂30g,麻黄45g,川芎30g,羚羊角30g
防己60g,防风,川芎,附子,甘草,当归,陈皮#30g,赤小豆54g
防风,决明子,人参,车前子#45g,黄连,菊花,槐实,蓝实#30g
防风,桂心,知母#12g,白术,生姜#15g,芍药,甘草#9g,附子6g
防风,甘草,黄芩,白茯苓,当归#15g,杏仁50枚,秦艽7．5g,麻黄30g
细辛,蔓荆子#o．9g,葛根,防风#1．5g,当归身2．5g,炙甘草,黄连,人参#3g
防风,羌活,白附子,甘草,川芎,白茯苓,全蝎,人参#等分
黄芪,附子,甘草,苍术,陈皮,羌活,防风,桔梗#等分
防风,甘葛,茯苓#2．4g,麦冬2．4g,芍药,黄芩#1．8g,犀角1．2g,甘草0．9g
白术,茯苓,防风#15g,巴戟天9g,肉桂3g,桂枝2．4g,天花粉,黄芪#6g
防风,天麻,半夏#15g,天南星,干姜,川乌#30g,川芎,甘草#60g
当归,川芎,芍药,熟地,防风#30g,白术60g,羌活15g,苍术2．5kg
芦荟,防风#15g,白附子,白术,天麻,白芷#30g,朱砂,冰片#3．7g,
苏叶4．5～9g,防风3～4．5g,光杏仁6～9g,羌活3—4．5g,白芷3～4．5g,广陈皮2．4～3g,鲜生姜2．4～3g,浙苓皮6～9g
赤芍,地龙,当归,防风,五加皮#30g,麝香7．5g,乳香,没药#7．5g
赤土75g,防风,赤芍药,地骨皮,何首乌,当归,山栀子仁#60g,甘草30g
菊花,羌活,防风,蝉蜕,蒺藜,川芎,当归,甘草
天南星,半夏#60g,藁本,细辛,川芎,防风,羌活,独活#30g
香白芷o．6g,蔓荆子o．9g,炙甘草,当归身,柴胡#1．5g,升麻,防风#2.1g,黄芪3g
川乌,草乌,苍术,细辛,白芷,薄荷,防风,甘草#等分
山豆根,麦冬#3g,牛蒡子,玄参,桔梗#2．1g,甘草0．6g,防风1．5g,绿豆49粒
蛇床子,菟丝子,远志,防风,巴戟天,五味子,杜仲,肉苁蓉#30g
苍术,酒黄柏,酒芍药,陈皮,防风,威灵仙,山楂,当归
羌活,防风,桔梗,白附子,枳壳,白蒺藜#15g,蔓荆实9g,皂荚250g
羌活,苍术#8g,川芎,白茯苓,防风,枳壳,桔梗#5g,甘草2g
芍药,细辛,桔梗,车前子,人参,茯苓#30g,羌活,防风#60g
附子15g,防风15g,枳壳15g,羌活15g,白芷15g,甘草15g,蜂房15g,花椒60g
石决明,细辛,知母,生地黄,防风#30g,兔肝一具,五味子,人参#75g
石决明,车前子,人参,甘菊花,槐子,熟地黄#30g,茺蔚子60g,防风60g
酒黄芩6g,白芷4．5g,羌活,防风,柴胡梢#3g,川芎3．6g,荆芥2．4g,甘草1．5g
苦参500g,防风,荆芥,苍耳子,胡麻#250g,川乌,白芷#45g,黑蛇1条
车前子,知母,茺蔚子,人参,防风,黑参#6g,黄芩4．5g,茯苓6g
木贼30g,防风18g,柴胡18g,青葙子24g,蝉蜕30g,黄芩18g,菊花24g,车前子24g
败龟版30g,没药,肉桂,自然铜,骨碎补,当归,白芷,防风#15g
知母,茺蔚子#30g,防风,细辛#45g,桔梗,大黄,茯苓,芒硝#45g
银花62g,菊花62g,黄连9g,土茯苓31g,玉米仁15g,防风15g,蝉蜕9g,甘草9g
白芷4.5g,升麻3g,枳壳3g,黄芩3g,防风3g,半夏3g,石斛3g,甘草1.5g
黄芪45g,防风,远志,地骨皮,人参,茯苓,大黄#30g,知母60g
细辛,人参,茯苓,车前子,五味子,黑参,防风,地骨皮#45g
黄芪3．6g,白术,牡蛎,茯苓,防风,麦冬,地黄#2．4g,大枣8个
苍术500g,川芎250g,细辛120g,防风,白芷#250g,草乌120g,川乌150g,天麻60g
人参,当归,防风,黄芪,芍药,麦冬#60g,独活,白术,桂心#90g
羌活4．5g,防风4．5g,川芎3g,细辛1．5g,甘草3g,苍术3g,香白芷3g,黄芩3g,生地3g
川芎,半夏,防风#30g,甘草15g,全蝎3个,附子,川乌,木香,南星#15g
大麻仁60g,防风30g,枳壳30g,旋覆花30g,川大黄90g,木香30g,槟榔30g,川升麻30g,杏仁30g
川芎,柴胡#30g,半夏曲,甘草,甘菊,细辛,人参,前胡,防风#15g
天麻,荆芥穗,生地黄,独活,当归,桂,白僵蚕,防风,延胡索#15g
天南星15g,细辛15g,附子15g,防风15g,天麻30g,半夏15g,禹白附15g,旋覆花15g,川芎15g
防风,白术,茯苓,川芎#3g,陈皮,半夏#4．5g,白芷1.5g,天麻2g,甘草1g
天麻30g,防风30g,羌活30g,甘草30g,人参15g,桔梗30g,白术15g,川芎15g,半夏曲30g
明天麻9g,防风9g,钩藤9g,僵蚕6g,全蝎6g,蜈蚣1条,生石膏60g,甘草3g,犀角3g
木乳30s,旋覆花15g,枳壳22g,石膏60g,甘菊花15g,,川芎15g,甘草15g,荆芥22g
木通,石菖蒲,防风,枳壳,全蝎,僵蚕,甘草,木香,南星
五加皮60g,杜仲120g,萆薢60g,狗脊60g,阿胶60g,防风60g,川芎90g,细辛30g,杏仁60g
石膏12g,升麻4．5g,大生地15g,防风,薄荷叶,荆芥穗,前胡,天麻#6g,甘草3g
白蒺藜,当归,熟地黄#60g,川芎,白芍,木贼,防风,羌活#30g,香附60g
当归,桂心#60g,人参,川芎,厚朴,防风,甘草,白芷,桔梗#30g
黄芪30g,当归15g,白术9g,人参3g,茯苓1．5g,防风1．5g,白芥子2．4g,红花0．9g,金银花15g
川芎,白芷,香附,紫苏叶,陈皮,菖蒲,当归,防风,甘草#等分
川升麻30g,当归15g,防风15g,藁本15g,杏仁7．5g,酸枣仁7．5g,细辛7.5g,白芷7．5g,川芎7．5g,
羌活4．5g,独活4．5g,苍术4．5g,防风4．5g,葛根4．5g,藁本4．5g,升麻2．4g,白芷4．5g,炙草4．5g
麻黄1．2g,桂枝,甘草#0．9g,杏仁,白芷,防风#2．4g,升麻1.5g,羌活,川芎#3g
黑豆750g,天麻,羚羊角屑,防风,赤茯苓,羌活,桂心,酸枣仁,生地黄#30g
乌梢蛇90g,天南星30g,干蝎30g,禹白附30g,羌活30g,白僵蚕30g,麻黄60g,,防风22．5g,桂心30g
石决明60g,细辛15g,桔梗,防风,茺蔚子,车前子,茯苓,山药,玄参#60g
竹沥,生地黄汁,冰片,生姜,防风,麻黄#12g,防己,附子#9g,石膏15g
当归,白术,苍术,防风#9g,木通3g,茯苓,猪苓#12g,桂枝,甘草#3g
枳壳4．5g,桔梗6g,防风,茯苓#4．5g,瓜蒌仁3g,紫苏子2．4g,甘草3g,杏仁2．18,半夏4．5g
石决明,车前子,细辛,人参,白茯苓,柏子仁,防风#30g,山药,茺蔚子#60g
石决明3g,人参3g,茯苓3g,车前子3g,细辛1．5g,防风6g,大黄3g,茺蔚子6g,桔梗4．5g
当归,川芎,白芍药,熟地黄,羌活#3g,防风,防己#1．5g,黄连1g,龙胆草1．5g
当归,川芎,白芍,生地,木瓜,钩藤,川断,丹皮,防风
生地黄15g,郁李仁15g,牛膝,防风,桂心,海桐皮,羌活,白茯苓,薏苡仁#7．5g
白蒺藜,防风,道人头,蛇床子,卷柏,黄芪,漏芦#45g,羊蹄根60g,蒴藿根90g
白鲜皮12g,麻黄15g,白茯苓22．5g,防风,独活,杏仁,当归,芍药#12g,桂7．5g
白鲜皮,人参,白芷,防风,黄芩,知母,沙参,犀角#15g,甘草7．5g
白芷,防风,白蒺藜,川当归,川芎,地龙,黄连,龙胆草,甘草
半夏18g,宿姜15g,茯苓,桂心,枳实,陈皮#9g,白术12g,防风,远志#6g
淡全蝎6g,皂角刺12g,苦参9g,白鲜皮15g,刺蒺藜15g,枳壳9g,威灵仙15g,防风4．5g,黄柏9g
熟地黄45g,黄连30g,决明子30g,没药,甘菊花,防风,羌活,桂心,朱砂#15g
熟地黄30g,磁石60g,防风0．9g,羌活0．9g,黄芪30g,白芍药,木通,桂心#0．9g,人参30g
地肤子l0g,防风l0g,独活l0g,荆芥l0g,白芷l0g,赤芍l0g,花椒l0g,桑白皮l0g,苦参l0g
芍药,川芎,当归,防风,桂#15g,甘草,生地黄#30g,枳壳,白术#15g
川芎,芍药,牡丹皮#45g,羌活,甘菊花,防风,甘草#60g,柴胡,半夏#30g
麻油120g,石蟹1枚,防风30g,蛤蚧1对,灯心灰7．5g,蜈蚣1条,全蝎7个,血竭7．5g,黄连15g,当归15s
甘菊花,黄连#4．5g,防风,荆芥,白芷#9g,红花,当归#3g,芒硝6g,白矾1．5g
全蝎14枚,朱砂,天麻,白附子,蝉蜕#6g,麝香1．5g,防风,白僵蚕#3g,金箔10片
当归30g,细辛30g,防风30g,桂心30g,独活60g,麻黄60g,附子30g,川芎30g,薏苡仁30g
当归,生地#30g,紫草,麻黄,马钱子,大风子,防风,黄柏,玄参#15g,麻油240g,黄蜡60g
巴戟天15g,茯苓30g,山药15g,防风1．5g,炒栀子3g,白芍15g,当归10g,白术30g,甘草3g
竹沥15g,防风45g,升麻30g,羌活,桂,川芎,羚羊角屑#30g,麻黄45g,杏仁80枚
茯神,益智,防风,人参,桑寄生,藿香叶,甘草,沉香,熟地黄#等分
川乌,草乌#15g,麻黄45g,川芎,防风,羌活#30g,地龙,雄黄#9g,全蝎10个
葛根4．5g,升麻,防风,白芷#3g,黄芪2．4g,人参2．1g,甘草1．2g,芍药,苍术#0．9g
石决明,细辛,防风,车前子,人参,白茯苓,大黄,茺蔚子#30g,桔梗15g
羊心1枚,甘草30g,远志15g,防风30g,生地黄45g,芍药,牡蛎#30g,人参45g,羚羊角15g
白乳羊肝1具,黄连30g,甘菊,防风,薄荷,荆芥,羌活,当归,川芎#9g
防己30g,羌活30g,当归60g,防风30g,白芍30g,川芎30g,米仁120g,甘草18g,羚羊角30g
天麻,防风,人参#30g,全蝎7个,僵蚕,粉草#15g,朱砂,雄黄#10．5g,麝香1．5g
石斛45g,熟地黄,杜仲,丹参#37．5g,防风,川芎,麦冬,桂枝,川独活#30g
防风,当归,赤茯苓,杏仁,秦艽,葛根,羌活,桂枝,甘草
防风7．5g,僵蚕7．5g,白附子,7．5g,川芎15g,荆芥7．5g,雄黄3g,全蝎7个,朱砂3g,麝香少许
防风30g,赤芍,桂心#15g,羚羊角,川芎,羌活,当归,酸枣仁,牛蒡子#6g
防风,远志,桔梗,羚羊角,甘草,赤芍药,细辛,人参,黄芩#等分
当归,川乌头,羌活,防风,天花粉,荆芥穗,木贼#30g,甘草15g,乌贼鱼骨45g
全蝎10个,天麻,防风,白芷,黄芪,甘草,白茯苓#7．5g,人参6g,扁豆4．5g
苍术15g,羌活9g,防风9g,防己9g,木瓜9g,怀牛膝9g,肉桂3g,茯苓6g,甘草梢3g
白术,菟丝子,青葙子,防风,甘草,羌活,白蒺藜,密蒙花,木贼#等分
远志,茺蔚子,防风,人参,干山药,五味子,茯苓,细辛#30g,车前子45g
生黄芩,陈皮#1．5g,防风,高良姜,干姜,郁李仁,甘草#3g,柴胡3．6g,白葵花7朵
贝母,夏枯草,前胡,防风,苏子,瓜蒂霜,枳壳,丹参,陈皮#等分
何首乌45g,防风,黑豆,荆芥穗,地骨皮#30g,桑白皮,天仙藤,苦参,赤土#15g
何首乌15g,防风15g,白蒺藜15g,枳壳15g,天麻15g,胡麻15g,白僵蚕15g,茺蔚子15g,蔓荆子15g
皂角刺60g,防风,槐花#22．5g,蛇床子,白矾,白蒺藜,枳壳,羌活#15g,蜂房,五倍子#7．5g
皂荚500g,乌梢蛇肉90g,枳壳30g,川大黄30g,防风30g,苦参30g,牛蒡子30g,天麻30g,荆芥30g
细辛,川芎,防风,桔梗,白术,羌活,桑白皮,薄荷叶#30g,甘草1．5g
沙参22．5g,白茯苓22．5g,远志15g,犀角屑15g,甘草15g,防风15g,龙齿30g,天冬30g,生地黄30g
苍术240g,厚朴120g,当归,川芎,白芍药,防风,陈皮葛根,甘草#60g
羌活,防风,旋覆花,独活,川芎,细辛芽,蔓荆子,甘草,石膏
羌活,生白术,防风,炒白芍,黄芩#45g,当归90g,白芷,川芎#30g,甘草18g
羌活,防风#3g,秦艽,川断#6g,威灵仙,全当归#6g,明乳香,净没药,杜红花#1．5g
羌活,防风,川芎,藁本,当归,芍药,甘草#30g,地榆,华细辛#60g
山药9g,白术,茯苓#4．5g,甘草,羌活2．4g,防风,秦艽,防己,苍术#3g,
白术30g,白茯苓22．5g,柴胡45g,五味子30g,干姜22．5g,甘草22．5g,附子22．5g,桂心15g,防风22．5g
石决明30g,甘菊花30g,细辛15g,熟地黄60g,人参30g,地肤子30g,五味子45g,兔肝一具,防风60g
苏叶,防风,陈皮,厚朴,枳壳,煨木香,炒僵蚕,钓钩藤,生甘草
生地黄,白茯苓,川芎,蔓荆子,熟地黄,防风,山药,白菊花,细辛#等分
虎杖草,豨莶草,苍耳草,防风,升麻,荆芥,金银花,紫苏,鹤虱草
苍术,紫苏,防风,赤苓,豆豉,藿香,陈皮,厚朴,炙甘草
当归30g,生黄芪18g,真阿胶12g,防风9g,荆芥9g,川芎9g,生杭芍6g,红花3g,生桃仁4．5g
金银花250g,生大黄60g,紫地丁60g,紫草30g,全当归60g,土马钱子60g,川黄柏30g,生甘草30g,青防风60g
茅山苍术180g,白芷60g,川乌120g,防风120g,细辛90g,白术75g,草乌120g,两头尖120g,雄黄150g
防风,羚羊角,远志,桔梗,黄芩,甘草,赤芍#3g,人参,细辛#6g
黄芪,防风,茺蔚子,桔梗,大黄,黄芩,黄连,车前子,芒硝#30g
防风,荆芥穗#60g,细辛30g,草乌30g,白芷30g,全蝎22．5g,青盐15g,芒硝30g,青黛15g
细辛,甘菊花,枳壳,赤芍药#15g,石膏,藁本,川芎,防风#30g,甘草7．5g
藿香叶,荆芥穗,旋覆花,香白芷,石膏末,防风#15g,川乌7．5g,天南星7．5g,川芎15z,草乌头4．5g
附子90g,当归,黄芪,白芍药#60g,川芎,防风,白术#45g,肉桂30g,茯苓,熟地黄#23g
独活,羌活,川乌,草乌,当归,防风,川芎,天麻,何首乌,海桐皮
人参,黄芪,当归,川芎,厚朴,桔梗,防风,甘草,白芷,肉桂
防风,荆芥,川芎,甘草#3g,当归,黄柏#6g,苍术,牡丹皮,花椒#9g,苦参15g
人参30g,茯神45g,龙齿30g,白术15g,防风22．5g,金、银箔#50片,麦冬15g,甘草15g,熟地黄30g
川牛膝,当归,干木瓜,乳香,防风,苍术,川萆薢,狗脊,虎骨,没药#等分
熟地黄,五味子,菟丝子,蕤仁,车前子#30g,细辛,甘草,防风,白茯苓,柏子仁#15g
羌活,升麻#3g,独活2.1g,苍术,防风,威灵仙,白术,当归,白茯苓,泽泻#1.5g
冰片,牛黄,乳香#3g,天南星15g,人参,天麻,防风#7．5g,朱砂9g,干蝎14个,麝香4．5g
薄荷叶90g,硼砂15g,天花粉30g,天竺黄15g,风化消,百药煎,防风,孩儿茶#30g,桔梗218,甘草30g
川芎,细辛,防风,甘菊花,甘草,石菖蒲,青藤根,全蝎,细芽茶,藁本#30g
党参,黄芪,防风,官桂,川朴,白芷,川芎,桔梗,当归,生甘草
防风,白附子,北细辛,白茯苓,川乌,菖蒲,干姜,香白芷,川芎,甘草节#等分
独活,茯苓,人参#9g,防风,当归,甘草,干姜,石斛#6g,附子9g,大豆30g
白附子,香白芷,荆芥穗,石膏,薄荷叶,天麻,川芎,防风#15g,两头尖30g,苍术30g
黄芪,人参#3g,黄连,柴胡#2．1g,蔓荆子,当归,葛根,防风#1．5g,生甘草3g,细辛叶0．9g
天麻30g,干蝎30g,白僵蚕30g,防风30g,甘草7.5g,白附子30g,朱砂7.5g,雄黄7.5g,牛黄7.5g,麝香7.5g
天麻,川芎,川升麻,半夏#9g,防风,细辛,羌活,荆芥穗,蝉蜕,甘草#6g
天麻,当归,防风,乌头,独活,细辛,乌梢蛇,半夏,全蝎,白僵蚕#30g
木通7．5g,甘草7．5g,当归7．5g,白芷7．5g,防风7．5g,细辛7．5g,栀子仁7．5g,黄连7．5g,垂柳枝80g,黄芩22．5g,
黄柏,知母,木通,栀子,生地黄,甘草,黑参,桔梗,黄芩,防风
五灵脂,荆芥穗,防风,羌活,独活,甘草节,穿山甲,骨碎补,草乌#15g,麝香少许
代赭石,全蝎,朱砂,琥珀#3g,南星,禹白附,防风,乌梢蛇肉,天麻#3g,麝香o．3g
秦艽,桃仁,皂荚子#3g,苍术,防风#2g,黄柏1．5g,当归尾,泽泻#0．9g,槟榔0．3g,熟大黄3g
生地黄汁300m1,防风22．5g,羊肾脂60g,麻油300ml,乳香30g,黄蜡60g,乱发15g,当归15g,甘草22．5g,白蔹15g
菖蒲,牛蒡子,羌活,川芎,防风,漏芦,荆芥,麦冬,前胡#等分,甘草减半
党参9g,桔梗3g,川芎4．5g,甘草节3g,白芷9g,川朴3g,黄芪4．5g,当归9g,桂枝3g,防风9g
胆南星,羌活,独活,防风,天麻,人参,川芎,荆芥,粉草,全蝎#等分
黄芪30g,人参,当归#60g,厚朴,桔梗,桂心,川芎,防风,甘草,白芷#30g
牛胆南星,川黄连,全蝎,蝉蜕#7．5g,僵蚕,禹白附,防风,明天麻#4．5g,木香3g,麝香1．5g
升麻,葛根,独活,羌活,白芍药,人参#15g,甘草,柴胡#9g,防风7．5g,甘草6g
升麻,防风,人参#30g,蝎尾15g,雄黄6g,牛黄3g,甘草,朱砂#7．5g,麝香3g,僵蚕15g
乌梅,柴胡,紫菀,生地黄,木香#30g,秦艽,贝母,防风#9g,杏仁150g,皂荚60片
乌药,陈皮#6g,枳壳,白芷,桔梗,防风,僵蚕,独活,川芎#3g,甘草1．5g
犀角屑,天麻,细辛,防风,川芎,香白芷,羌活,甘菊花#30g,冰片,麝香#3g
丹参,紫参,蒺藜子,黄芩,防风,黄芪,羌活#30g,白鲜皮,连翘#22．5g,甘草15g
丹参15g,露蜂房7．5g,川升麻15g,防风15g,连翘15g,黄芪15g,川大黄15g,甘草15g,牛蒡子15g,枳壳22．5g,
附子,白术,甘草,当归,防风,桂枝,薏仁#30g,乳香,没药,茯苓#15g
羌活,白附子,防风,秦艽,胆星,白僵蚕,半夏,木瓜,甘草,茯神木#等分
防风,木贼草,密蒙花,蝉蜕,蔓荆子,龙胆草,菊花,黄连,白芷,蒺藜
龙胆草,栀子仁#6g,防风,川芎,玄参,荆芥,小茵陈,甘菊,楮实,甘草#3g
当归,羌活,独活,防风,川芎,丹参,青皮,香附,乌药,川断
荆芥穗120g,菊花,防风,木贼,白附子#90g,白蒺藜30g,粉草30g,制苍术,人参,羌活#15g
羚羊角,薄荷,羌活,半夏#4．5g,白菊花,川乌,川芎,防风,车前子#15g,细辛6g
枳壳,桔梗#2．4g,防风,乌药,当归,杏仁,半夏,木通#3g,甘草,红花#1．5g
羌活,防风,熟地,当归,芍药,川芎,桃仁,牛膝,黄芩,黄柏
白乳羊肝1具,甘菊花15g,黄连30g,防风,薄荷,荆芥穗,羌活,当归,生地黄#15g,川芎9g
杏仁,官桂,胆星,陈皮#2．4g,川芎,防风,人参,黄芩,附子#3g,甘草1．5g
草乌头120g,川芎,当归,藁本,防风,桂,天南星,雄黄#15g,白芷,干姜#30g
生地黄,天冬#1．2g,川芎,牛膝,白芍药,炙甘草,白术,防风#1．5g,熟地黄,当归身#1．8g
黄芪,人参,桂枝,甘草,熟附子,细辛,羌活,防风,川芎,煨生姜
人参,苍术#3g,白芍药,甘草#4．5g,白芷,当归身,麻黄#6g,防风,葛根#9g,新升麻12g
白术,黄芪,白芍,天花粉#9g,茯苓15g,车前子3g,防风1．5g,甘草1．5g,肉,桂0．9g,益智仁1．5g
当归,生地黄,泽兰#60g,防风,黄芪,续断,桂#30g,人参,地骨皮,芍药#45g
当归,白芍药,川芎,生地黄,白蒺藜,黄芪#3g,防风,荆芥,何首乌,甘草#1．5g
当归,白芍药,川芎#30g,生地黄,白蒺藜,防风,荆芥穗#30g,何首乌,黄芪,炙甘草#15g
熟地黄,当归#1．8g,川芎,牛膝,白芍药,炙草,白术,防风#1．5g,生地黄,天冬#1．2g
苍术,当归身,川芎,苏薄荷,黄芪,熟地黄,防风,川羌活,甘草,白芍药#等分
竹叶12g,葛根9g,防风,桔梗,桂枝,人参,甘草#3g,附子6g,大枣3枚,生姜15g,
竹沥lOOml,麻黄2．4g,附子4．5g,防己9g,干姜4．5g,白术4．5g,葛根4．5g,甘草1．5g,防风4．5g,桂心4．5g
防己,防风,桑寄生,人参,当归,川芎,独活,竹沥,茯苓,甘草
威灵仙15g,荆芥7．5g,防风7．5g,木香3g,全当归9g,乌药6g,木瓜9g,桂枝15g,红花10．5g,川续断7．5g
秦艽,羌活,防风,白芷,川芎,芍药,当归,地黄,白术,茯苓#等分
生甘草,炙甘草#6g,防风7．5g,柴胡,升麻,酒生地黄,酒知母#15g,酒黄柏,羌活#30g,黄芪60g
防风,白僵蚕,干蝎,白附子,五灵脂,朱砂,羌活,天麻,天浆子#7．5g,牛黄3g
防风,连翘,桑根白皮,牡丹皮,白头翁,黄柏,豉,独活,秦艽#30g,海藻90g
防风,甘草#30g,黄芩22．5g,当归,赤茯苓#30g,秦艽,葛根#22．5g,桂,杏仁#30g,麻黄15g
细辛3g,防风,川芎,白鲜皮,独活,甘草,陈皮#9g,大枣7枚,甘竹叶6g,白蜜15g
防风,天麻,人参#7．5g,甘草,白僵蚕,干全蝎,白附子#15g,朱砂30g,牛黄7．5g,麝香3g
防风,川芎,苏叶,前胡,泽泻,陈皮,厚朴,杏仁,腹皮,茯苓
全蝎21个,天麻,防风,羌活#1．5g,川白芷,甘草,扁豆,黄芪#9g,砂仁,赤茯苓#15g
麦冬,白茯苓,人参,防风,川芎,当归,紫菀#30g,桂,甘草,紫石英#15g
远志,人参,细辛,白茯苓,黄芪,桂#30g,熟地黄,菖蒲,白术,防风#15g
杜仲12g,阿胶,防风,狗脊,川芎,芍药,细辛,五加皮,萆薢#9g,杏仁3g
麻黄30g,大黄21g,威灵仙24g,金银花,羌活,白芷,蝉蜕,皂角刺,川山甲#15g,防风9g
赤箭60g,防风30g,当归60g,川芎30g,阿胶60g,熟地120g,防己30g,米仁120g,丹参60g,秦艽45g
羚羊角4．5g,木贼草9g,蒺藜9g,青皮9g,泽泻6g,密蒙花6g,蛇蜕4．5g,石决明9g,防风6g,甘草3g
连翘,山栀子仁,黄芪,防风,升麻,羚羊角,漏芦,炙甘草,炒大黄,地骨皮#30g
吴茱萸,苍术,鳖甲,防风,人参,川芎,藿香叶,柴胡,肉豆蔻,甘草#15g
岗稔根30g,川萆薢30g,土茯苓30g,荆芥6g,防风6g,白芷4g,川芎6g,当归12g,生地15g,白鲜皮9g
何首乌,防风,金银花,荆芥,苍术,,甘草,苦参,连翘,木通
何首乌,天麻,枸杞子,生地,熟地#30g,防风,川芎,薄荷,诃子,甘草#15g,
辛夷仁,细辛,藁本,升麻,川芎,木通,防风,羌活,甘草,白芷#等分
羌活,防风,苍术,茯苓,猪苓,泽泻,茵陈,甘草,桑白皮,地骨皮#等分
玄参,桑皮,枳壳,黄连,杏仁,旋覆花,防风,黄芩,白菊,葶苈子
没药30g,独活30g,虎胫骨60g,晚蚕沙45g,川芎45g,防风30g,蔓荆子30g,当归30g,赤芍药30g,桂心30g
炙甘草2．1g,泽泻9g,瓜蒌根,白茯苓,黄柏#15g,柴胡21g,防风,细黄芩,黄连,羌活#30g
胡椒,花椒,川芎#6g,荆芥穗,白芷,防风,草乌,羌活,荜茇,露蜂房#15g
羌活,防风,赤芍,白芷,川芎,甘草,陈皮,枳壳,柴胡,干葛
羌活,防风,葛根,桔梗,山楂肉,地骨皮,蝉蜕,僵蚕,连翘,甘草
茯苓3g,桔梗3g,茺蔚子6g,黄芩3g,防风6g,川芎3g,知母3g,黑参3g,当归身6g,人参3g
百部,贝母,山茱萸,阿胶#60g,天冬,桔梗#30g,防风,人参#45g,甘草90g,半夏60g
陈皮30g,槟榔15g,木香7．5g,羌活15g,防风15g,青皮15g,枳壳15g,不蛀皂荚2挺,郁李仁30g,牵牛60g
大黄,黄芩,黄连#15g,黑牵牛30g,滑石15g,荆芥穗60g,防风7．5g,川芎30g,木香15g,官桂22．5g
鸡苏叶250g,荆芥穗30g,防风30g,黄芪,生地黄,桔梗#15g,甘草,川芎,甘菊花#7．5g,脑子1．5g
防风,车前子,木通,茺蔚子,茯苓,熟大黄,玄参,玄明粉,桔梗,黄芩#等分
金银花30g,当归15g,生黄芪9g,生甘草6g,乳香3g,没药3g,白芷3g,防风2g,穿山甲3片,黄明胶15g
川芎,白术,防风,木贼,羌活,甘草,蒺藜,密蒙花,青葙子,菟丝子,当归
人参30g,麦冬45g,黄芪30g,甘草30g,石菖蒲30g,防风30g,远志30g,附子30g,白茯苓30g,五味子30g,桂心30g
大风子,小胡麻,白蒺藜#600g,苍术,荆芥#1808,牛膝,川断#120g,苦参360g,防风240g,蝉蜕150g,蛇蜕90g
蝉蜕15g,蛇蜕9g,川芎,防风,羌活,炙甘草,当归,白茯苓#30g,赤芍药90g,苍术120g,石决明45g
川芎0．9g,柴胡2．1g,羌活,防风,藁本,生甘草,升麻#3g,熟甘草,酒生地黄#6g,酒黄连,酒黄芩#13．5g
片脑,麝香#o．5g,硼砂,明乳香,没药#9g,全蝎,防风,百药煎,芒硝,薄荷叶,粉草#15g
荆芥9g,防风9g,麻黄6g,桂枝9g,白芷6g,羌活9g,蝉蜕6g,当归9g,赤芍9g,桃仁9g,红花9g
赤小豆100g,人参30g,甘草30g,瞿麦30g,白蔹30g,当归30g,黄芩30g,防风30g,黄芪30g,沉香30g,川升麻30g
肉桂o．9g,连翘,炙甘草,苍术,陈皮#1．5g,当归梢,防风,藁本#3g,黄芪4．5g,黄柏,羌活#6g
当归,独活#1．5g,蔓荆子2．1g,防风,炙甘草,升麻,藁本#3g,柴胡羌活,苍术,黄芪#4．5g
羌活,防风,升麻,白芷,桔梗,连翘,栀子,芍药,金银花,甘草,牛蒡子
乌梢蛇120g,当归60g,黄芪45g,生地黄45g,乱发22．5g,防风30g,甘草60g,黄丹180g,胡粉120g,蜡60g,松脂60g
乌梢蛇9g,蝉蜕6g,荆芥9g,防风9g,羌活9g,白芷6g,黄连6g,黄芩9g,银花9g,连翘9g,甘草6g
乌梢蛇6g,羌活,独活#9g,防风6g,炙僵蚕6g,生地15g,丹皮9g,丹参9g,赤芍9g,黄芩9g,银花15g
白花蛇1条,全蝎,当归,防风,羌活#3g,独活,白芷,天麻,赤芍药,甘草,升麻#15g
半夏0.6g,熟甘草,白豆蔻仁,兰香,升麻,连翘,桔梗#1．5g,生甘草,防风#3g,酒知母4．5g,石膏9g
甘草,桔梗,防风,薄荷,荆芥,牛蒡,射干,玄参,连翘,黄芩,银花
龙胆草,归尾#6g,银花,花粉,连翘,黄芩#4．5g,丹皮,防风,木通,知母,甘草#3g
当归,大黄,栀子仁,黄芩,红花,赤芍药,甘草,白芷,防风,生地黄,连翘#等分
生地9g,当归6g,荆芥,防风#4．5g,赤芍,川芎,白鲜皮,蝉蜕,薄荷#3g,独活,柴胡#2g
生地黄,当归,防风,酸枣仁,赤茯苓,黄芪,川芎,羚羊角屑,羌活,炙甘草,桂心#15g
白花蛇30g,全蝎,当归,防风,羌活#3g,独活,白芷,天麻,赤芍药,甘草,升麻#15g,
白茯苓30g,人参30g,防风15g,桂心22．5g,远志15g,桔梗22．5g,枳壳22．5g,诃黎勒22．5g,白术15g,半夏22．5g,甘草7．5g
白茯苓30g,远志22．5g,甘草15g,桂心30g,人参30g,白芍药22．5g,防风22．5g,熟地黄30g,铁粉60g,黄芪22．5g,麦冬22．5g
八珍汤24g,黄芪3g,防风,升麻#1.5g
桂枝2．4g,白芍4．5g,甘草1．5g,怀牛膝6g,川牛膝4．5g,当归6g,蚕沙12g,秦艽3g,防风3g,红枣5枚,生姜3片
润玄参,大生地,粉丹皮,荆芥穗,玉桔梗,焦山栀,天花粉,牛蒡子,生甘草,南薄荷,青防风
人参,黄芪,当归,白术#3g,陈皮,甘草,升麻,柴胡,防风,白芷,川芎#1.5g
芍药,熟地黄,当归#60g,防风,秦艽,羌活,防己,川芎,白术#30g,桂,甘草#22.5g
升麻,葛根,白芷,jiu黄芩,桔梗#3g,防风,薄荷#1.5g,石膏9g,甘草1.8g,天花粉2.4g,细辛1.2g
人参,黄芪,当归,川芎,白芍,甘草,白芷,防风,桔梗,连翘,陈皮
当归,白芷,防风,白鲜皮,白术,川芎,杏仁,甘草,甘菊花,天雄#30g,人参15g
肉桂60g,麻黄30g,海桐皮30g,川乌头30g,黑豆60g,五加皮30g,防风30g,牛膝30g,附子60g,松节30g,道人头30g
石决明30g,车前子30g,五味子15g,细辛15g,大黄30g,茯苓30g,知母30g,茺蔚子30g,黑参30g,防风30g,黄芩30g
防风,羌活,防己#30g,麻黄15g,黄松节30g,桂心,荆芥穗,羚羊角屑,桑寄生,甘草,薏苡仁#15g
防风,甘菊花#22.5g,川芎,赤芍药#15g,黄芩30g,羚羊角15g,细辛22.5s,枳壳15g,黄连22.5g,甘草15g,石膏30g,人参15g
防风,羊桃根#90g,石南,秦艽,蔺草,蒺藜子,蛇床子,白及,枳壳#30g,苦参90g,升麻3g
防风,川芎,天麻,羌活,香白芷,草乌头,白附子,荆芥穗,当归,甘草#15g,滑石60g
防风,当归#4.5g,赤茯苓,独活,秦艽,赤芍药,黄芩#3g,杏仁,甘草#1.5g,桂心1.2g,生姜5片
生地,防风,连翘,升麻,荆芥穗,牛蒡子,玄参,酒黄柏,人参,桔梗,甘草
防风,乌药,玄胡索,桔梗,枳壳#2.1g,莱菔子6g,槟榔,金银花,山楂,连翘,赤芍#3g
防风2.1g,黄芩3g,薄荷1.5g,羌活1.5g,升麻1.5g,天花粉3g,桔梗3g,半夏1.5g,川芎1.5g,荆芥1.5g,甘草0.9g
防风,人参,甘草,天麻,前胡#7．5g,细辛,柴胡#4．5g,白茯苓桔梗#6g,枳壳7．5g,川芎9g
黄芪12g,苍术,羌活,独活,防风,升麻,葛根#9g,炙甘草6g,麻黄,花椒,白芷#3g
天竺黄,陈皮,茯神,明天麻#30g,胆星60g,甘草,雄黄,防风#15g,麝香4．5g,朱砂15g,枳壳15g
净连翘,桑白皮,白头翁,粉丹皮,北防风,川黄柏,青化桂,淡豆豉,海螺蛸,软秦艽,川独活#6g
防风,玄参,连翘#6g,白蔹,芒硝,大黄,射干#3g,升麻1．5g,白芍3g,甘草1．5g,杏仁20粒
黄连30g,防风,五味子,甘草,羌活,独活,当归尾#45g,黄柏,细辛,知母,石决明#30g
羌活,防风,川芎,甘草,木贼,绿豆皮,荆芥#9g,蝉蜕,谷精草,蛇蜕,鸡子壳#6g
麻黄0．9g,黑附子o．9g,羌活1．5g,苍术1．5g,防风0．6g,黄芪3g,甘草,升麻#0．6g,白芷,白僵蚕,黄柏#0．9g
炒阿胶,生地黄,卷柏叶,山药,大蓟根,五味子,鸡苏#30g,炒柏子仁,人参,防风,麦冬#15g
金银花9g,牛蒡子,防风,荆芥,当归,川芎,白芍,黄芩,连翘#2．4g,木通,甘草#1．2g
钓藤,陈皮,半夏,麦冬,茯苓,茯神,人参,甘菊花,防风#15g,炙甘草7．5g,生石膏30g
川楝子,牵牛子,乌药,茴香,陈皮,萆薢,防风#60g,乳香,草乌,五灵脂#15g,威灵仙60g
桂枝,防风,蝉蜕#9g,苍术,苡仁#6g,茵陈12g,猪苓9g,银花15g,连翘15g,郁金,大枣#6g
当归梢,赤芍药,生地黄,龙胆草,防风,黄连,黄柏,知母,车前子,泽泻#3g,甘草梢1．5g
生地黄,当归,赤芍,川芎,连翘,栀子,龙胆草,大黄,羌活,甘草,防风
当归,川芎,山栀,大黄,羌活,防风,胆草,生地,竹叶,琥珀,天竺黄#等分
当归,川芎,赤芍,生地黄,黄连,牡丹皮,栀子,防风,荆芥,薄荷,甘草
人参,玄参,沙参,丹参,苦参,防风#30g,廑虫30枚,附子30g,巴豆30枚,花椒30g,干姜15g,葶苈30g
羌活,当归,白芷,防风,粉草,连翘,熟地,牛蒡子,僵蚕#60g,蒺藜180g,玄参250g,苦参皮500g
大黄450g,枳壳90g,槟榔150g,郁李仁150g,山药150g,牛膝150g,独活90g,防风90g,山茱萸90g,麻仁300g,菟丝子120g,车前子180g
黄芩6g,黄连6g,桔梗4．5g,甘草3g,连翘3g,牛蒡子,玄参#3g,大黄4．5g,荆芥1g,防风1g,羌活lg,石膏l.5g
黄芪,防风,川芎,山萸肉,当归,白术,肉桂,甘草,人参,五味子#30g,白茯苓45g,熟地黄60g,肉苁蓉90g
川芎,细辛,羌活,槐花,石膏,香附子,甘草#15g,荆芥,薄荷,茵陈,防风,菊花#30g
酒汉防己,防风#0．9g,神曲,独活#1．5g,川芎,柴胡,肉桂,当归梢,甘草,苍术#3g,羌活4．5g,桃仁5个
白芷,连翘,花粉#2．5g,荆芥,甘草节,蒡子#3g,防风,乳香,没药#1．5g,银花6g,贝母,归尾#4．5g
麻黄,防己,人参,黄芩,桂心,甘草,芍药,川芎,杏仁#3g,附子6g,防风4．5g,生姜15g
麻黄,桂心,甘草#6g,生姜15g,人参,川芎,白术,附子,防己,芍药,黄芩#3g,防风4．5g
麻黄,白芷,细辛,荆芥穗,菊花,防风,石膏,何首乌,川芎,薄荷,干蝎,草乌头#等分
肉苁蓉120g,枸杞子120g,当归,川芎,防风#60g,菊花,楮实,巴戟天,荆芥穗,白蒺藜#45g,决明子30g,生地黄120g
天冬,知母,茺蔚子,防风,辽五味,茯苓,熟地黄,羌活,荆芥穗,川芎,白芍药,当归#等分
天麻,防风,细辛,藁本,川芎,香白芷,干山药,黄芪,蝎梢,当归#30g,甘草16g,白附子15g
升麻,葛根,羌活,荆芥,防风,前胡,紫苏,牛蒡子,陈皮,甘草,桔梗,枳壳
肉苁蓉30g,山茱萸30g,生地黄45g,远志45g,蛇床子37g,五味子45g,防风45g,茯苓45g,牛膝45g,菟丝子45g,杜仲45g,山药45g
荆芥穗,白僵蚕,天麻,甘草#30g,羌活,川芎,白附子,川乌头,蝎梢,藿香叶#15g,薄荷9g,防风30g
人参,当归,黄芪,芍药,川芎,防风,甘草,瓜蒌,白芷,官桂,桔梗,金银花#9g
人参9g,黄芪15g,防风,白芷,川芎,当归#9g,桔梗6g,连翘12g,升麻9g,柴胡6g,金银花15g,甘草节6g
牛黄15g,冰片7．5g,天竺黄15g,犀角屑,羚羊角屑,朱砂,黄芩,川升麻#30g,甘草7．5g,防风15g,麝香3g,真珠15g
人参30g,天麻30g,防风30g,粉甘草60g,白僵蚕1．5g,全蝎1．5g,雄黄7．5g,陈胆星7．5g,朱砂7．5g,麝香3g,冰片1．5g,牛黄1．5g
连翘,牛蒡子,玄参#3g,大黄,荆芥,防风,羌活#1g,石膏,桔梗#4．5g,甘草3g,黄芩7．5g,黄连4．5g
升麻3g,人参,白术,白茯苓,陈皮,当归,白芍,麻子仁#1．5g,甘草,防风#0．9g,荆芥穗0．6g,乌梅1个
升麻,葛根#4．5g,羌活,防风,黄柏,南星,川山甲,半夏#2．4g,鹿角灰6g,大黄6g
升麻,石膏,防风,荆芥,归尾,赤芍,连翘,桔梗,甘草,薄荷,黄芩,灯心
川乌,草乌#30g,当归60g,红花,官桂,白芷,桃仁,防风,赤芍药,补骨脂,穿山甲,羌活#30g
防风,桂枝,枳壳,赤芍药,桔梗#30g,木香,人参,槟榔,当归,川芎,陈皮,甘草#15g
薄荷叶420g,柿霜150g,桔梗135g,甘草105g,川芎84g,百药煎15g,防风48g,砂仁13．5g,青黛9g,冰片,元明粉,白硼砂#6g
龙齿,远志,生地黄,白茯苓,天冬,山药,防风,五味子,车前子,麦冬,地骨皮,人参#等分
当归,川芎,芍药,生地黄#6g,羌活,防风,黄芩,龙胆草,甘菊花,黄连#4．5g,玄参,薄荷#3g
半夏30g,防风15g,大腹皮15g,麦冬22．5g,枇杷叶15g,赤茯苓22．5g,白术22．5g,桔梗22．5g,枳壳22．5g,前胡22．5g,人参15g,甘草15g
人参、白术、茯苓、当归、白芍、熟地黄、川芎、炙甘草、黄芪,附子,肉桂,防风
桑白皮,地骨皮,桔梗,杏仁,防风,黄芩,瓜蒌仁,知母,薄荷,枳壳,陈皮,甘草#等分
生黄芪6g,人参6g,焦术3g,炙甘草2．4g,陈皮3g,归身6g,升麻0．6g,荆芥3g,银花6g,肉桂1．5g,防风3g,乳香3g
桑白皮15g,紫苏,北前胡,防风,赤茯苓,黄芩,天冬,当归,连翘,桔梗,生地黄,甘草#7．5g
川芎,防风,僵蚕,独活#30g,天麻120g,桔梗90g,细辛,白附子,羌活,甘草#15g,薄荷,荆芥穗#45g
黄柏,苦参,连翘,川牛膝,何首乌,当归尾,生地,牡丹皮,防风,防己,荆芥,紫苏叶
防风,桔梗,芍药,五味子,川芎,甘草,麦冬,桂,熟地黄#30g,当归,黄芪,茯苓#45g
黄芪,花粉#6g,防风,当归,川芎,白芷,桔梗,厚朴,穿山甲,皂角刺#3g,金银花,陈皮#9g
当归,杜仲,丹参,郁李仁,赤芍药,石斛22．5g,牛膝,酸枣仁,防风,槟榔#30g,萆薢45g,桂15g
当归15g,川芎7．5g,白芍9g,生地9g,熟地9g,防风6g,白芥子6g,荆芥6g,首乌12g,玉竹12g,黄芪15g,甘草3g
当归15g,赤芍9g,生地12g,防风9g,黄芩9g,栀子9g,牛蒡子9g,连翘9g,大黄12g,白芷9g,红花9g,甘草3g
薄荷1．5g,羌活1．5g,芜蔚子3g,柴胡2．4g,蒺藜3g,菊花2．4g,防风2．4g,甘草1．2g,生地黄6g,当归4．5g,白芍药3g,川芎2．4g
决明子,甘菊花#30g,防风,车前子,川芎,细辛,栀子仁,玄参,蔓荆子,白茯苓,山茱萸#45g,生地黄90g
防风,玄参,决明子,车前子,茯神,地骨皮,枳壳,龙齿,甘菊花,苦参,大黄,麦冬#30g,
升麻,防风,山栀仁,甘草,麦冬,荆芥穗,木通,葛根,薄荷叶,玄参,连翘,牛蒡子
荆芥,防风,牛蒡子,甘草,枳壳,桔梗,石膏,苏叶,百部,马兜铃,葶苈,桑皮
防风,薄荷,荆芥,石膏,知母,桔梗,甘草,牛蒡,连翘,木通,枳壳,淡竹叶
麦冬30g,防风22．5g,羚羊角屑22．5g,茯神30g,赤芍药22．5g,柴胡30g,枳壳22．5g,白术30g,黄芪30g,川芎22．5g,甘草15g,酸枣仁22．5g
远志30g,防风15g,桂心15g,茯神30g,甘草15g,独活30g,犀角屑30g,人参30g,石膏60g,秦艽30g,黄芩22．5g,麦冬45g
五加皮,萆薢,山茱萸#90g,杜仲120g,阿胶,金毛狗脊,防风,川芎,细辛,鹿角屑#60g,当归,生地黄#30g
肉豆蔻15g,羌活,防风,桔梗#7．5g,陈皮,独活,薏苡仁,人参,草豆蔻,川芎#15g,甘草,木香#7．5g
苍耳子,金银花,皂角刺,防风,荆芥,连翘#3g,蛇床子,天麻,前胡#1．5g,土茯苓,牙皂,甘草#9g
苡仁,川芎,当归,干姜,肉桂,川乌,羌活,独活,麻黄,防风,白术,甘草
川连,甘草#3g,苏梗,牛蒡,玄参,赤芍,荆芥,连翘,黄芩,花粉,射干,防风#4.5g,
草决明,当归,菊花#30g,木贼,蝉蜕#6g,川芎9g,青葙子,防风,山栀,白蒺藜,白芍,粉草#15g
柴胡,甘草,干姜#60g,肉桂,桔梗,防风,荆芥穗,五加皮#30g,芍药15g,麻黄,陈皮#45g,黄芪7．5g
连翘,当归,菊花,蔓荆子,甘草,柴胡,升麻,黄芩,黄芪,防风,羌活,生地黄#等分
细辛o．3g,升麻,蕤仁#0．9g,青皮,连翘,防风#1．2g,柴胡1．5g,生甘草,当归身#1．8g,荆芥穗3g,生地黄4．5g,拣黄连9g
羌活,防己,羚羊角,升麻,黄芩,蔓荆实#45g,犀角60g,茯神,葛根,甘草#37．5g,防风22g,麻黄30g
羌活30g,羚羊角15g,麻黄30g,防风15g,独活15g,旋覆花30g,人参,白茯苓,当归,麦冬,龙齿#15g,杏仁30g
羌活30g,汉防己30g,荆芥30g,薏苡仁60g,防风30g,麻黄45g,酸枣仁30g,黄松节30g,附子45g,川芎30g,天麻45g,道人头30g
半夏,杏仁,川羌活,藁本,川芎,防风,白茯苓,甘草,白芷,麻黄,广陈皮,桂枝#等分
黄芪,当归#9g,白术,广陈皮,川升麻#2．4g,人参,柴胡,甘草#1．8g,桂枝,防风,木通#3g,木瓜2．4g
羌活3g,川附子3g,白僵蚕9g,前胡3g,连翘4．5g,生黄芪4.5g,蔓荆子4.5g,陈皮3g,防风3g,白茯苓4．5g,金银花6g,甘草1.5g
菟丝子30g,茺蔚子3Og,生地黄60g,青葙子60g,防风30g,五味子9g,黑参30g,柴胡30g,泽泻30g,细辛9g,车前子30g,茯苓30g
黄芩,甘草,藁本,栀子,防风,菊花,密蒙花,连翘,桔梗,薄荷,赤芍药,白蒺藜
防风,荆芥,羌活,前胡,升麻,干葛,赤芍,桔梗,川芎,白芷,牛蒡子,甘草
菊花,车前子,熟地黄,木贼,密蒙花,薄荷,连翘,白蒺藜,防风,荆芥穗,甘草,川芎#等分
当归,金银花,防风,马钱子,玄参,生甘草,白及,石菖蒲,连翘,生大黄,白芷,生地黄#12g
兔肝2具,柏子仁,熟地黄,防风#30g,五味子,车前子,细辛,菟丝子#15g,川芎,枸杞子,山药#30g
通草,山栀,黄连,生地,甘草,滑石,荆芥,防风,当归,芍药,大黄,紫草
人参9g,黄芪6g,当归9g,川芎1.5g,地黄9g,白芍2.4g,防风3g,羌活1.8g,荆芥2.1g,葛根3g,黄芩3g,附子1.5g,甘草1．5g
大黄,黄芩#60g,人参,地骨皮,决明子,防风,石胆,地肤子,黄连,甘草,车前子#30g,免肝三具,萤火虫100枚
防风,白术,杜仲,川当归,熟地黄,白芍药,黄芪#二两,羌活,牛膝,甘草,人参#30g,附子,川芎#45g
防风,羌活,独活,防己,黄芩,黄连,苍术,白术,甘草,细辛#9g,知母,川芎,地黄#30g
川芎30g,当归22．5g,羌活,旋覆花,华阳细辛,蔓荆子,防风,石膏,藁本,荆芥穗,半夏曲,生地黄,甘草#15g
天麻3g,防风3g,川芎2g,羌活2g,人参,远志,柏子仁,山药,麦冬#3g,酸枣仁308,细辛3g,南星曲2．5g,石菖蒲3g
天麻15g,白附子15g,羌活15g,防风15g,牛膝22．5g,麻黄30g,川芎22．5g,萆薢22.5g,独活15g,当归15g,桂心15g,干蝎7．5g,白僵蚕15g
天麻,地榆,玄参,金铃子,乌头,乌药,防风,乳香,麝香,冰片,朱砂,没药#30g,自然铜15g
蒺藜,防风,羌活,川芎,天麻,茯苓,蝉蜕,苍术#15g,华阴细辛,荆芥,茺蔚子,甘草#7．5g,甘菊60g
橘核,香附子,花椒子,山栀,山楂子,苍术#51s,甘草,茴香,黄柏,元胡索,汉防己,防风#30g,人参15g
熟地黄,杜仲#24g,黄芪18g,枳壳,茯苓,陈皮,人参#12g,防风,川芎,白芍药#9g,山药,甘草,山茱萸#6g
地骨皮,黄芪,芍药,黄芩,白术,茯苓,人参,柳桂,甘草,防己,当归#30g,防风60g
昆布30g,海藻30g,枳壳30g,牛蒡子15g,连翘15g,防风15g,玄参15g,何首乌30g,牵牛子15g,甘草15g,川大黄15g,皂荚子仁50枚,牡荆子30g
附子30g,桂心,白茯苓,山茱萸,五味子,杜仲,续断,枸杞子,熟地黄,巴戟,菟丝子,防风#15g,牛膝60g
冰片,麝香,真西牛黄#4．5g,雄黄,琥珀,僵蚕,羌活,白附,防风,天麻,全虫梢#27g,真天竺黄,川贝#90g
甘草,大麦芽面,陈皮,猪苓#o．9g,泽泻,益智仁,半夏,防风,羌活,神曲,柴胡,升麻#1.5g,苍术3g
当归尾,赤芍,金银花,连翘,牛蒡子,栀子,羌活,白芷,红花,防风,甘草,升麻,桔梗#6g
川乌,草乌,麻黄#60g,苍术,何首乌,白附子,白僵蚕,川芎#15g,防风,干姜#7.5g,雄黄13．8g,藿香荆芥#7．5g
巴戟天6g,附子,五加皮,石斛,甘草,茯苓,当归#3g,牛膝,川萆薢#45g,肉桂,防风,防己#1.5g,生姜3片
当归,川芎,薄荷,黄芩,山栀,连翘,甘草,银花,玄参,防风,桔梗,荆芥,大黄
石斛,黄芪,鹿茸,地骨皮,附子#30g,菟丝子,山茱萸#37．5g,远志,熟地黄,菖蒲,防风#22．5g,桂15g,玄参30g
当归,虎胫骨,川羌活,川萆薢,防风#60g,秦艽120g,鳖甲30g,川牛膝,松节,晚蚕沙#60g,枸杞子150g,干茄根240g,苍耳子120g
白头翁60g,牛膝22．5g,附子22．5g,桂心22．5g,羌活22．5g,赤芍药22．5g,赤茯苓15g,人参15g,防风22．5g,虎胫骨30g,牡丹皮15g,当归15g,酥生姜汁
白僵蚕30g,乌梢蛇肉15g,天麻15g,独活15g,天南星15g,川乌头15g,禹白附15g,防风15g,犀角屑15g,蝉蜕15g,桑螵蛸15g,朱砂15g,麝香7．5g,
乳香60g,白芷60g,柴胡60g,没药60g,川芎60g,黄连45g,黄芩45g,防风45g,薄荷45g,菊花45g,生栀子75g,羌活30g,甘草15g
半夏,干葛,细辛,白术,茯苓,桂心,防风,干姜,黄芩,小草,甘草,柴胡,麦冬#22．5g
半夏6g,吴茱萸,当归#4．5g,麦冬,干姜,白茯苓,苦桔梗,南木香,防风,牡丹皮,甘草#3g,官桂,北细辛#1．5g
羚羊角,当归,防风,独活,茯苓,枣仁,五加皮#3g,米仁1．5g,杏仁2．4g,甘草,木香#18,葱白16cm,生姜5片
羌活,川芎,防风,木贼,甘草,苍术,青皮,菊花,石膏,蒺藜#30g,枸杞子,蛇蜕,石决明#15g
川芎,连翘,羌活,柴胡,防风,黄芩,木贼,荆芥穗,甘菊花,旋覆花#15g,地骨皮30g,甘草,石膏#60g
川芎30g,当归22．5g,羌活,旋覆花,细辛,蔓荆子,石膏,藁本,荆芥穗,半夏曲,防风,熟地黄,甘草#15g
川芎,甘菊花#30g,羌活9g,防风0．9g,细辛,白僵蚕#90g,草决明,旋覆花,蝉蜕#3g,蜜蒙花,天麻,荆芥穗,甘草#15g
银花,草河车,赤芍,细辛,蝉蜕,黄连,僵蚕,防风,泽兰,羌活,独活,青皮,甘草#等分
当归,生地黄,川芎,连翘,防风,荆芥,白芷,羌活,黄芩,山栀,枳壳,甘草#等分,细辛减半
蝉蜕15g,蒺藜15g,防风,羌活,木贼,川芎,细辛,秦皮,枳实,荆芥,藁本,干菊,甘草#7．5g
石莲肉,白扁豆,人参#75g,神曲60g,全蝎,羌活,天麻,防风,木香,白芷,甘草,黄芪#30g,茯苓45g
肉苁蓉39g,覆盆子36g,蛇床子36g,菟丝子36g,乌贼骨24g,五味子18g,当归36g,川芎33g,白芍30g,防风18g,黄芩15g,艾叶9g,牡蛎24g
石决明,草决明,防风,赤芍,柴胡,白芷#2．4g,菊花3．6g,川芎,羌活,蒺藜,红花#1．5g,当归3g,栀子1．8g
防风,羌活,连翘,升麻,夏枯草,牛蒡子,川芎,黄芩,甘草,昆布,海藻,僵蚕,薄荷
防风,羌活,白芍药,归尾#1．5g,红花,苏木#少许,茯苓,苍术,独活,前胡,黄芩#1．5g,炙草,防己#1．8g
防风75g,蔓荆实,羚羊角,玄参,山栀子仁#45g,萎蕤,大麻仁,芍药,芒硝#90g,黄连,枳壳#30g,菊花22．5g,麦冬60g
黄芩,柴胡#3g,桔梗,川芎,防风,羌活,枳壳#2．4g,甘草0．9g,连翘,射干,白芷,黄连#2．1g,荆芥3g
连翘,防风,黄连,陈皮,芍药,当归,独活,白蒺藜,荆芥,茯苓,,黄芩,甘草,牛蒡子#等分
当归,肉桂,吴茱萸,丹皮,半夏,麦冬#6g,防风,细辛,藁本,千姜,茯苓,木香,炙甘草#3g
皂荚树根皮30g,金银花,威灵仙,牛膝,豨莶草,木瓜#9g,防风,荆芥,连翘,白鲜皮,苦参,地骨皮,当归#6g
前胡,羌活,麻黄,白茯苓,川芎,黄芩,甘草,蔓荆子,枳壳,细辛,石膏,菊花,防风#30g
藁本,香白芷,桂枝#o．98,苍术,升麻#1．5g,当归身1．8g,草豆蔻仁3g,羌活4.5g,羊胫骨灰6g,麻黄,防风#9g,柴胡15g,细辛少许
菟丝子,柏子仁#90g,枸杞90g,山药90g,白茯苓60g,防风30g,栀子30g,五味子30g,车前子30g,细辛15g,甘草15g,蕤仁9g,川芎30g
黄芪60g,人参3g,炙草2．4g,半夏30g,炒白芍,独活,防风#15g,炒白术,茯苓,泽泻,柴胡#9g,连翘6g,羌活4．5g
羚羊角,生地黄,熟地黄,肉苁蓉,枸杞子,防风,草决明,楮实子#15g,甘菊花,羌活,当归#30g,羊子肝120g,川芎15g
附子1枚,芍药,甘草,麻黄,白术#30g,防风,防己#45g,人参,黄芩,肉桂,独活,川芎#30g,天雄1枚
附子,狗脊#7．5g,山药,熟地黄,王孙,肉桂,天雄,山茱萸,秦艽,干漆,防风,甘草#15g,白蔹30g
当归,川芎,地黄,芍药,甘菊,龙胆草,防风,防己,炙甘草,香附,决明子,密蒙花,木贼
归尾,大黄,黄芩,知母,桔梗,茺蔚子,芒硝,车前子,防风,赤芍药,栀子,连翘,薄荷#等分
羌活,独活#1．8g,白芍药,生地黄,泽泻#o．9g,人参,白术,茯苓,黄芪,炙草,当归#1．2g,柴胡,防风#1．5g,熟地黄1．2g
甘菊花,旋覆花,蜜蒙花#30g,地肤子,青葙子,覆盆子,牛蒡子,蔓荆子,草决明#45g,白蒺藜,川芎,木贼,黄芩,防风#30g
川乌头15g,甘草15g,细辛15g,花椒15g,干姜30g,赤茯苓60g,防风60g,当归30g,秦艽45g,附子45g,桂心45g,赤芍药45g,独活60g,牛膝45g
天麻,草乌,川芎,细辛,苍术,甘草,川乌,薄荷,甘松,防风,白芷,白附子#五钱,雄黄,全蝎#9g
五加皮30g,桂心,30g,川芎45g,羌活30g,秦艽45g,防风45g,杏仁30g,萆薢30g,枳壳30g,当归45g,附子30g,牛膝30g,薏苡仁30g,丹参30g
五加皮30g,萆薢30g,海桐皮30g,虎胫骨45g,牛膝30g,防风30g,薏苡仁30g,牛蒡子30g,淫羊藿30g,当归30g,续断30g,附子30g,杜仲30g,熟地黄30g
蜈蚣1条,全蝎7个,蝉蜕7个,僵蚕7个,防风,荆芥,连翘,当归,甘草,白芷,芒硝,穿山甲#3g,金银花30g,大黄9g
全蝎49个,防风,禹白附,僵蚕,天麻,朱砂,牛胆南星,天竺黄#30g,蝉蜕15个,麝香6g,牛黄4．5g,天浆子21个,干蟾1枚,赤脚蜈蚣l条
苁蓉,牛膝,防风,革薜,海桐皮,自然铜,威灵仙,金毛狗脊,川乌头#30g,没药15g,乳香15g,地龙30g,骨碎补120g,马钱子120g
升麻,青木香,白蔹,芒硝,射干,当归,黄芩,桂心,芍药,防风,大黄,川芎,干葛#60g,莽草30g
黄芪60g,半夏,人参,甘草#30g,独活,防风,白芍药,羌活#15g,陈皮12g,茯苓,柴胡,泽泻,白术#9g,黄连3g
白芍药4．5g,升麻,羌活,黄芪#3g,生地黄,熟地黄,独活,牡丹皮,炙甘草,柴胡,防风#1.5g,当归身,葛根#0.9g,肉桂少许
乌梢蛇30g,天浆子20枚,天麻15g,天南星15g,干蝎7．5g,禹白附15g,附子30g,防风15g,半夏15g,牛黄,冰片,麝香,朱砂,雄黄#7．5g
陈皮180g,枳壳180g,柴胡180g,香附180g,葛根180g,杏仁180g,川芎180g,苍术180g,白芷180g,羌活300g,苏叶360g,防风240g,乌药90g,甘草90g
绿豆粉60g,白附子,白及,白蔹,白僵蚕,白芷,天花粉#30g,甘松,三柰子,茅香#15g,零陵香,防风,藁本#6g,肥皂荚1挺
甘草,天麻,芥,羌活,防风,薄荷,黄芩,麻黄,干蝎,僵蚕,白芷,竹叶,附子,细辛
犀角,川芎,羌活#30g,白僵蚕,防风,荆芥穗#15g,干蝎,白芷,藁本,冰片,麝香,牛黄#22．5g,鸡苏叶60g,天麻60g
白术30g,人参30g,细辛15g,陈皮30g,桂心0．9g,防风15g,诃黎勒皮0．9g,五味子15g,干姜15g,半夏15g,白茯苓30g,甘草15g,旋覆花15g,厚朴30g
白花蛇1条,当归60g,川芎,白芍,生地,防风,荆芥,jiu黄芩,连翘,胡麻子,何首乌,升麻,羌活,桔梗#30g
防风3g,黄芩4．5g,人参,白及#3g,麦冬6g,生甘草1．5g,知母3g,炒白芍3g,怀生地3g,黄柏3g,黄芪3g,黄连3g,当归头,百合#3g
天南星,半夏,防风,干姜,甘草,细辛,禹白附,芒硝,太阴石,川芎,白僵蚕,陈皮,川乌头,薄荷叶#30g
防风,石膏#4.5g,柴胡,羌活,五味子,升麻#6g,甘草,酒黄连,黄芪#9g,酒黄芩,酒黄柏,当归身,草龙胆,芍药#15g
白蒺藜,菊花,石决明,生地#30g,楮实子,槐角,五味子,黄连,当归尾#15g,防风,荆芥穗#7.5g,甘草3g,川芎9g,蕤仁2．1g
防风,山药#45g,萎蕤60g,赤芍药45g,车前子90g,秦皮,泽泻#30g,川芎60g,山栀子仁,白茯苓#45g,独活,白槟榔,甘菊花,羚羊角#30g
北防风,川当归,赤芍药,牛蒡子#30g,荆芥穗36g,蝉蜕22．5g,生地黄,香白芷,甘草,白附子,白僵蚕,何首乌,乌梢蛇肉#15g,紫参22．5g
远志,人参,,细辛,桂,干姜,防风,龙齿,熟地黄,菖蒲#60g,黄芪,白茯苓,白术#240g
杜仲,防风,附子,石菖蒲,桔梗,秦艽,细辛,肉桂,厚朴,半夏#9g,沙参,熟地黄,花椒,干姜#15g
杜蘅,半夏,白薇,桔梗,附子,牛膝#30g,石菖蒲,花椒,细辛,厚朴,沙参,防风,干姜,桂#15g
甘菊花,蔓青子,蒺藜子,谷精草,牡蛎,川芎,淫羊藿,生地黄#15g,蛇蜕5条,羌活,防风,桑叶,蝉蜕,地骨皮#30g
人参,黄芪,当归,川芎,甘草,白芍药,乳香,水香,乌药,官桂,防风,枳壳,桔梗,厚朴#等分
乳香,没药#6g,大黄,连翘,黄芩,黄连,黄柏,南星,半夏,防风,羌活,瓜蒌,阿胶,皂角刺#15g
槐角240g,地榆240g,黄芪240g,当归240g,川芎120g,阿胶60g,升麻240g,生地240g,黄芩240g,连翘240g,秦艽240g,防风120g,白芷120g,川连120g
羌活,甘草,石决明,石膏,密蒙花,苍术,防风,蒺藜子,木贼#15g,蔓荆子,威灵仙,干桑叶,荆芥穗,原蚕沙#7．5g
白术1．5g,枳壳,羌活,川芎,白芷,独活,防风,前胡,桔梗,薄荷#1．2g,荆芥,甘草#0．9g,柴胡2．1g,黄芩1．5g
羌活,川续断,牛膝,防风,当归,川芎#3g,薄桂0．9g,秦艽,川乌#1．5g,苍术,麻黄,甘草节,枳壳,穿山甲#2．1g
附子,干姜,甘草,防风,独活#45g,石膏,白茯苓,白术,川芎,柴胡,当归,人参#30g,杏仁20枚,细辛30g
附子30g,防风30g,五加皮30g,萆薢30g,薏苡仁30g,桂心30g,牛膝30g,独活30g,当归30g,杜仲30g,海桐皮30g,木香30g,淫羊藿30g,枳壳30g
附子,川芎,石斛,独活,牛膝,当归,熟地黄#30g,枳壳,丹参,防风,白术,黄芪,木香,五加皮#22．5g
阿胶,卷柏,干山药,生地黄,鸡苏,大蓟,五味子#30g,柏子仁,茯苓,人参,百部,远志,麦冬,防风#15g
人参,白术,黄芪#3g,甘草1．5g,当归,川芎,芍药,熟地黄#3g,防风,防己,羌活,牛膝#2．1g,杜仲,萆薢#3g,附子2．1g
陈皮,半夏,茯苓,防风,白芷,贝母,天麻,夏枯草,山慈姑,连翘,海藻,枳实,黄芩,桔梗,前胡,
防风,金银花,皂刺,蝉蜕,连翘,白鲜皮,五加皮,荆芥,穿山甲#3g,生地,木瓜,僵蚕#4．5g,皂荚7个,薏仁9g,土茯苓120g
人参,黄芪,白术,当归,川芎,白芍,茯苓#3g,甘草,桂心,防己,防风,乌头#1．5g,细辛18,生姜3片,红枣2枚
升麻,当归尾,川芎,生地黄,赤芍药,白粉葛,黄芩#3g,黄连,黄柏,连翘,防风#2．4g,羌活,金银花,甘草节#1．5g,蝉蜕2个
熟地黄,大麻仁#45g,萆薢,五加皮,石斛,赤芍药,防风#30g,牛膝,桂,酸枣仁,羌活,木香#22．5g,附子l枚,牡丹皮15g,槟榔2枚
连翘,瞿麦,滑石,车前子,牛蒡子,赤芍,栀子,木通,当归,防风#1．2g,柴胡,黄芩,荆芥#3．6g,蝉蜕1．5g,甘草4．8g
青木香,黄连,黄柏,黄芪,防风,荆芥,苦参,苍耳子,蛇床子,羌活,升麻,麻黄,甘草#15g,鸡肠草,冬青叶#12g
当归须,白术,半夏,甘草,丹皮,赤茯苓,防风,香附,陈皮,赤芍,人参,川芎,黄芪,生地,没药
天麻30g,踯躅花30g,独活30g,麻黄60g,附子30g,白附子30g,晚蚕蛾30g,乌梢蛇肉60g,防风30g,道人头30g,白蒺藜30g,麝香15g,桂心30g,当归30g,川乌头30g
天麻,禹白附,天南星,羌活,白僵蚕,赤茯苓,防风,桂心,朱砂,干蝎,蝉蜕,羚羊角屑#30g,铅霜15g,麝香7.5g,乌梢蛇30g
当归,川芎,白芷,人参,茯苓,麦冬,防风,荆芥,薄荷,苍耳子,香附子,蔓荆芥,秦艽,甘草#60g,天竺黄9g
黄连,生地,赤芍,当归尾,赤茯苓,防风,细辛#3g,大黄,桑白皮#6g,甘菊,谷精草,生甘草#9g
牛黄15g,白薇15g,人参60g,麦冬60g,茯神,远志,熟地黄,朱砂,天竺黄,防风,独活,甘草,龙齿#30g,冰片30g,麝香7．5g
人参9g,升麻15g,白术6g,白芍6g,生地3g,归头6g,黄芪9g,黄柏,知母#3g,粉草1．5g,山药3g,防风3g,肉桂1．5g,附子2．1g,红花1．8g
牙皂9g,广藿香,白芷,广皮,贯仲,薄荷,生人中黄,木香,橘梗,半夏#6g,明雄黄,明朱砂#7．5g,防风3g,细辛9g,枯矾4．5g
石决明,谷精草,白术,川芎,羌活,防风,甘草,楮子,蝉蜕,草决明,蕤仁#15g,木贼,青陈皮#22．5g,蛇蜕3g,细辛7．5g
生南星30g,知母,贝母,生地黄,阿胶,川芎,桑白皮,甘草#90g,防风,射干,桔梗,天冬,脑荷,杏仁,半夏#15g
白花蛇90g,黄芩30g,防风30g,白鲜皮30g,甘草30g,枳壳30g,栀子仁30g,赤芍药30g,川大黄30g,苍耳子30g,麦冬45g,黄芪30g,白蒺藜30g,羌活60g,苦参60g
白花蛇60g,白附子30g,磁石30g,天麻15g,狗脊15g,附子15g,萆薢15g,白僵蚕15g,细辛15g,防风15g,白术15g,川芎15g,白鲜皮15g,羌活15g,蔓荆子15g
玄参9g,人参9g,杜仲12g,芍药12g,桂心,3g,生姜6g,生地黄9g,白术9g,通草9g,当归9g,桑寄生12g,川芎12g,防风6g,丹皮6g,独活6g
玄参30g,麦冬30g,防风30g,地骨皮30g,远志30g,川大黄30g,车前子30g,茺蔚子30g,决明子30g,蔓荆子30g,细辛30g,黄芩30g,黄连30g,犀角屑30g,甘草30g
槐角60g,生地60g,当归身,黄芪#60g,川芎,阿胶#15g,黄连,黄芩,枳壳,秦艽,防风,连翘,地榆,升麻#30g,白芷15g
黄芩,苍术#30g,菊花,木贼,旋覆花,蝉蜕,防风,草决明,青葙子,甘草,桑叶,茼子,川芎,真珠#15g,蛇蜕皮15g
土茯苓660g,玄参,银花,防风,荆芥,连翘,黄柏,大黄,芒硝,蝉蜕,天花粉,龙胆,猪苓,泽泻#60g,甘草3．6g
当归尾60g,川芎,荆芥穗,干葛,乌药,川独活,赤芍药,白芷,升麻#30g,羌活,甘草,防风,枳壳#15g,红花,苏木#0．75g
羌活15g,防风9g,升麻3g,葛根6g,白术3g,苍术9g,当归身9g,人参6g,甘草15g,苦参6g,黄芩3g,知母9g,茵陈15g,猪苓9g,泽泻9g
薄荷,桔梗,知母,黑参,赤芍药,黄芩,生地黄,菊花,茺蔚子,当归,桑白皮,防风,川芎,白芷,甘草
川贝母30g,制白附子10g,雄黄10g,天竺黄30g,防风10g,羌活10g,天麻10g,陈胆星6g,制僵蚕10g,全蝎10g,蛇含石24g,朱砂10g,冰片,麝香#4．5g,西牛黄3g,
朱砂30g,龙齿30g,犀角屑30g,天麻30g,秦艽22．5g,川升麻22．5g,羚羊角屑30g,防风15g,茯神30g,黄芩15g,铁粉45g,麦冬45g,远志15g,汉防己22．5g,铅霜22．5g
防风30g,秦艽22．5g,石斛60g,薏苡仁30g,白术30g,川芎30g,杜仲30g,附子30g,大麻仁30g,萆薢30g,丹参30g,桂心30g,牛膝30g,独活30g,槟榔30g
防风30g,白术30g,川芎30g,细辛30g,羌活30g,茵芋30g,牛膝30g,狗脊30g,萆薢30g,薏似仁60g,麻黄120g,附子30g,杏仁30g,赤箭30g,桂心30g
防风,麻黄,独活,秦艽#90g,当归,防己,甘草,人参,黄芩,升麻,芍药#60g,远志,石膏#30g,麝香15g,半夏60g,
赤芍药240g,防风,香白芷,川乌头,麻黄,白蒺藜#120g,雄黄,白僵蚕,细辛,天麻,川芎#60g,甘草,干姜,藿香叶,甘松#30g
麦冬,防风,玄参,地骨皮,远志,大黄,车前子,茺蔚子,决明子,蔓荆实,细辛,黄芩,黄连,犀角屑,甘草#30g
人参,天麻,防风#15g,僵蚕,蝉蜕,全蝎#9g,雄黄,胆星#1．5g,牛黄,甘草,独角仙#3g,白花蛇肉4．5g,朱砂,麝#4g,代赭石4．5g
生地黄,独活,黄柏,防风,知母#0.9g,蔓荆子,前胡,羌活,白芷,生甘草#1．2g,黄芩,寒水石,栀子,黄连#1．5g,防己0．9g
羌活,独活,连翘,荆芥,防风,柴胡,升麻,桔梗,甘草,川芎,牛蒡子,当归尾,红花,苏木,天花粉
嫩鹿茸45g,北细辛,黄芪,当归#60g,藁本头,京芍药,川白芷,牡丹皮,川芎,干姜,肉桂,小黑豆,没药,防风,花椒#30g
羌活,菊花,麻黄,川芎,石膏,防风,前胡,黄芩,细辛,甘草,枳壳,白茯苓,蔓荆子#30g,薄荷15g,吴白芷15g
附子30g,莽草15g,白花蛇60g,天南星22．5g,川乌头15g,天麻22．5g,干蝎15g,桂心22．5g,防风15g,薏苡仁30g,枫香30g,川芎22．5g,萆薢30g,羌活22．5g,淫羊藿30g
木香,独活,紫苏,白芷,芍药,黄芪#3g,羌活,当归#6g,枳壳4．5g,防风,厚朴,茯苓,陈皮#2．4g,官桂,甘草#1．5g
乳香,防风,知母,陈皮,木通,香附#3g,没药,川芎,甘草,当归,贝母#1．5g,苡仁,银花,瓜蒌仁#6g,橘叶20片
川芎,当归,芍药,防风,人参,木香,黄芪,官桂,桔梗,白芷,槟榔,厚朴,乌药,甘草,紫苏,枳壳#等分
青葙子,决明子,葶苈子,车前子,五味子,枸杞子,地肤子,茺蔚子,麦冬,生地黄,细辛,肉桂,赤茯苓,泽泻,防风,黄芩#30g
当归3g,茯苓3g,川芎,熟地,陈皮,半夏,羌活#2．18,白芍2．5g,人参,秦艽,牛膝#1．8g,白术12g,桂枝18,柴胡1.2g,防风1．5g,炙甘草1．2g
荆芥穗,羚羊角,酸枣仁,生地黄,枳壳,人参,鳖甲,肉桂,白术,柴胡#22．5g,甘草,川芎,赤芍药,牡丹皮,当归,防风#150g
川续断,杜仲,防风,桂心,细辛,人参,白茯苓,当归,白芍药,甘草#30g,秦艽,生地黄,川芎,川独活#15g,黄芪,川牛膝#30g
生地黄,熟地#4．5g,苍术,厚朴,陈皮,黄连,黄柏,黄芩,归身,白术,人参#3g,甘草,防风,泽泻,地榆#1．8g,乌梅2个
大豆,杏仁#15g,清酒30m1,麻黄,防风,木防己,猪苓#12g,泽泻,黄芪,乌头#9g,生姜218,半夏18g,茯苓,白术#15g,甘遂,甘草#6g,
秦艽90g,石膏60g,甘草60g,川芎60g,当归60g,川羌活30g,川独活60g,防风30g,黄芩30g,白芍药60g,吴白芷30g,白术30g,生地黄30g,熟地黄30g,白茯苓30g,细辛15g
天麻30g,乌梢蛇60g,白僵蚕22．5g,干蝎22．5g,附子30g,干姜15g,桂心22．5g,防风22．5g,蝉蜕22．5g,川乌头22．5g,羌活22．5g,细辛22．5g,独活22．5g,麻黄45g,天南星15g,羚羊角屑30g
天麻60g,蝉蜕15g,阿胶30g,地骨皮30g,麦冬30g,薏苡仁30g,独活60g,白鲜皮30g,羚羊角屑30g,防风30g,附子30g,人参30g,牛蒡子30g,赤芍药30g,甘草30g,桑根白皮30g
川芎,细辛,苦参,地骨皮,菖蒲,何首乌,蔓荆子,薄荷叶,杜蒺藜,牛蒡子,荆芥穗,蚵蚾草,威灵仙,防风#15g,天麻30g,甘草60g
天南星22．5g,白芷45g,麻黄30g,防风45g,羌活,独活,川芎,天麻,白芍药,桔梗,细辛,白僵蚕#15g,甘草11g,干姜7．5g,冰片3g,麝香7．5g
人参120g,三七240g,山羊血60g,千年健500g,钻地风500g,肉桂50g,真花椒500g,乳香500g,没药5008,穿山甲250g,小茴香500g,苍术500g,真蕲艾2kg,甘草1kg,麝香120g,防风2kg
花椒0．3g,防风3g,荆芥3g,甘草梢1．5g,红花0．75g,桃仁,麻仁,杏仁#3g,升麻4．5g,柴胡2．1g,当归3g,熟地6g,知母,黄柏,石膏#3g,细辛0．3g
生黄芪9g,白芍药4．5g,党参12g,当归4．5g,金银花3g,天花粉3g,北防风3g,川芎2．4g,荆芥穗3g,生甘草3g,牛蒡子3g,陈皮2．4g,苦桔梗6g,皂角刺2个,白术3g,连翘3g
人参,当归,黄芪,川芎,茯苓,防风,桂心#7．5g,桔梗,远志,甘草,白芷#30g,缩砂,香附子,厚朴#60g,赤小豆150g,附子2枚
牛蒡子,连翘,天花粉,地骨皮,黄连,黄芩,山栀,知母,干葛,玄参#2．4g,桔梗,前胡,木通#1．8g,甘草,薄荷,防风#0.9g
荆芥,防风,川芎,白芍,黄芪,麻黄,甘草#1．5g,薄菏,山栀,当归,连翘,滑石,金银花,羌活,人参,白术#2．4g,大黄,芒硝#6g
当归身,龙胆草,黄芩,桑皮,车前子,生地黄,赤芍,枳壳#2．4g,炙甘草0．9g,熟大黄,防风,川芎,川黄连,木贼草,羌活,柴胡#2g
白花蛇60g,麻黄15g,天麻15g,何首乌15g,天南星15g,禹白附15g,桂心15g,萆薢1．5g,白鲜皮15g,羌活15g,蔓荆子15g,白僵蚕15g,晚蚕蛾7．5g,"防风
15g",乌犀角屑15g,磁石30g
蔓荆子,防风,荆芥,苦参,苍耳,黄荆子,牛蒡子,胡麻仁,甘枸杞,余粮石,白芷梢,苍术,连翘,土茯苓,羌活,独活#9g
桔梗,玄参,白芷,防风,赤芍,川芎,前胡,独活,连翘,荆芥,甘草#1．5g,牵牛,山豆根,黄芩,射干,生地#15g
天麻,苍术,杏仁#3g,羌活,独活,防风,白鲜皮,川芎,当归,白芍药,白术,茯苓,黄芩,半夏#2．4g,麻黄2．1g,甘草1．2g
蔓菁子120g,蛇蜕皮,蝉蜕,羌活,川芎,木贼,甘草,石决明,密蒙花,青葙子,石膏,青皮,枸杞子,白蒺藜,防风#30g,苍术60g
陈皮21g,半夏,茯苓,甘草,槟榔,紫苏,当归,川芎,防风,枳壳,乌药,桔梗,青皮,枳实#15g,木香7．5g,香附子15g
麻黄,防风#4．5g,川芎,防己,附子,人参,芍药,黄芩,甘草,桂心#3g,生姜12g,石膏18g,杏仁9g,竹沥60ml,羚羊角6g,生葛汁30ml
红花0．9g,蔓荆子,细辛#1.5g,生地黄,熟地黄#3g,藁本,川芎#4．5g,防风,羌活,独活,炙甘草,柴胡,当归身,葛根#6g,白芍药,升麻#9g
荆芥穗120g,苦参,地骨皮,白牵牛,赤小豆#90g,白蒺藜,防风,白僵蚕,香白芷,蓖麻叶,杉木,蒴藿叶#60g,马钱子45g,当归,独活,吴茱萸#30g
防风,秦艽,当归,川芎,生地,白芍,赤茯苓,连翘#3g,槟榔,甘草,栀子,地榆,枳壳,槐角,白芷,苍术#1．8g
麦冬,淡竹叶,黄芩,柴胡,知母,川芎,白芍,川断,茯苓,白术,人参,甘草,陈皮,黄连,防风,大枣
防风,荆芥,连翘,柴胡,黄芩,川芎,羌活,桔梗,蓝叶,射干,白芷,牛蒡子,黄连,甘草,青木香,金银花
蝉蜕,苍术,熟地黄,川芎,白蒺藜#30g,茺蔚子,羌活,防风,木贼,甘菊,荆芥,蔓荆子,杏仁,菟丝子,石决明,蛇蜕#15g
苁蓉,威灵仙,青葙子,巴戟,蝉蜕,甘菊花,密蒙花,旋覆花,防风,枸杞子,天麻,地骨皮#60g,蛇蜕皮45g,香白花45g,桑花,麻子#30g
附子,天麻,虎骨,天南星,狗脊,白茯苓,阿胶,狼毒,白僵蚕,海桐皮,牡蛎,天雄,防风,吴茱萸,羌活,独活#30g
大黄,川芎,菊花,防风,牛蒡子,荆芥,玄参,蒺藜,细辛,黄芩,栀子,木贼,甘草,草决明,苍术,蔓荆子
苦参500g,防风,荆芥,羌活,当归,川芎,赤芍,金银花,独活,连翘,黄芩,黄连,栀子,滑石,白术,甘草#30g
荆芥,防风,连翘,枳壳,升麻,薄荷叶,羌活,独活,桔梗,干葛,木通,金银花,黄芩,川芎,甘草,山栀子
人参,白术,茯苓,干葛,紫苏,半夏,荆芥穗,桔梗,杏仁,麻黄,,陈皮,甘草,桑白皮,枳壳,前胡#等分
当归,黄芩#30g,桔梗,麻黄,枳壳#15g,秦皮,葶苈,菊花,旋覆花,生地黄,防风,白芷,甘草,玄参,栀子#30g,地骨皮24g
白芷,白蜡#60g,白附子,辛夷,防风,乌头,藿香#15g,藁本30g,萎蕤,零陵香#15g,商陆,麝香#3g,牛脂,鹅脂#30g,羊脂15g,麻油6g
麻黄根,牡蛎,浮小麦,黄芪,人参,麦冬,川芎,赤芍,生地,当归,甘草,陈皮,香附,防风,丹皮,葱白
川芎,威灵仙,荆芥,麻黄,防风,天麻,青木香,金毛狗脊,羌活,独活,枳壳#15g,川乌,草乌#12g,苍术,陈皮,川当归#15g
羚羊角,犀角#60g,牛黄24g,黄连,黄芩,川芎,白芷,当归#45g,菊花,大黄,防风,草决明,羌活,生地,滑石,地肤子,蝉蜕#30g
党参,银花#4．5g,甘草1．5g,当归,连翘,赤芍,花粉,瓜蒌仁,桔梗,白术#3g,陈皮,防风,川芎,青皮,厚朴,荆芥#2．1g,黄芪4．5g
胆星120g,半夏120g,陈皮60g,白茯苓60g,枳实30g,海石30g,天花粉60g,黄芩60g,黄柏30g,知母30g,当归30g,天麻60g,白术60g,大黄150g,甘草9g,防风60g,白附子60g
黄连,黄芩,大黄,连翘,小生地,胆草,菊花,银花,薄荷,木贼,川羌活,蝉蜕,赤芍,防风,荆芥,甘草,黄柏#3g
菖蒲,秦艽,桂心,当归,禹余粮,人参,附子,黄芩,甘草,远志,防风#30g,龙骨,赤石脂,茯苓,芍药,川芎,防风#60g
五加皮75g,枳壳75g,独活45g,乌喙45g,干姜45g,石南30g,丹参60g,防风60g,白术60g,地骨皮60g,川芎60g,猪椒根60g,熟地黄90g,牛膝90g,虎胫骨150g,枸杞子60g,秦艽60g
蔓荆子,附子,泽兰,防风,杏仁,零陵香,藿香,川芎,天雄,辛荑#60g,沉香30g,松脂,白芷#60g,马髻膏,松叶,熊脂#30g,生麻油2．4L
麻黄,石膏,独活,茯苓#6g,吴茱萸,秦艽,细辛,桂心,人参,防风,川芎,防己,甘草#3g,干姜4．5g,白术9g,杏仁6枚,附子3g
仙遗粮120g,防风,荆芥,川芎,当归,天花粉,金银花,白蒺藜,薏苡仁,威灵仙#3g,山栀,黄连,连翘,干葛,白芷,甘草,黄芩#1．8g
防风,荆芥,薄荷,桔梗,麻黄,黄芩,山栀,连翘,当归,芒硝,大黄,赤芍,滑石,石膏#3g,川芎,甘草#1．5g,白术2．4g
当归4．5g,赤芍4．5g,川芎,生地黄,连翘,黄芩,防风#3g,黄连6g,荆芥穗2g,苦参,羌活,薏苡仁#3g,皂荚子10个,防风3g,木瓜1．5g,生甘草0．6g,土茯苓30g
细辛o．3g,生甘草,炙甘草,熟地黄#o．9g,柴胡2．18,黄柏,知母,石膏,桃仁,当归身,麻子仁,防风,荆芥穗#3g,升麻4．5g,红花少许,杏仁6个,小椒3个
朱砂30g,麝香15g,雄黄30g,天南星30g,禹白附30g,母丁香30g,藿香30g,白花蛇60g,桂心30g,防风30g,蝉蜕30g,川芎30g,蔓荆子30g,天麻30g,"白僵蚕
30g",麻黄30g,川乌头30g
当归15g,首乌15g,竹节香附15g,白术15g,木香15g,细辛15g,川乌90g,草乌90g,大茴香90g,川芎90g,防风90g,白芷90g,芥穗908,桔梗90g,麻黄90g,苍术250g,甘草60g
当归30g,干姜,陈皮,黄芪,芍药,川芎,桂心,独活,防风,人参,吴茱萸,甘草,生地黄,茯苓#7．5g,生姜4．5g,大枣3枚,羊肉100g
防风,天麻,升麻,白附子,定风草,细辛,川芎,人参,丹参,苦参,玄参,紫参,蔓荆子,威灵仙,穿山甲,何首乌#30g,蜈蚣1对
防风,川芎,当归,芍药,大黄,薄荷叶,麻黄,连翘,芒硝#15g,石膏,黄芩,桔梗#30g,滑石90g,甘草60g,荆芥,白术,栀子#7．5g
远志15g,菖蒲15g,铁精15g,桂心22．5g,黄芪30g,防风22．5g,当归22．5g,人参15g,甘草15g,熟地黄22．5g,川芎15g,茯神22．5g,独活15g,紫石英30g,五味子15g,麦冬,半夏15g
川芎,羌活,独活,细辛,白芷,当归,黄芪,牛膝,蝉蜕,狗脊,首乌,全蝎#15g,防风600g,苦参500g,大枫子600g,牛黄6g,血竭150g
当归,阿胶,人参,黄芪,白术,栀子,荆芥,黄芩,地榆,艾叶#3g,川芎2．1g,芍药2．4g,防风2．4g,地黄4．5g,黄连,蒲黄#4．5g,甘草0．9g
附子30g,肉苁蓉30g,巴戟30g,防风22．5g,当归30g,羌活22．5g,桂心,22．5g,萆薢22．5g,酸枣仁22．5g,牛膝30g,木香22．5g,白蒺藜22．5g,补骨脂30g,鹿茸60g,石斛30g,桃仁30g,白茯苓30g
土茯苓60g,白花蛇0．9g,防风,荆芥,薄荷,牙皂,金银花,皂角刺,白藓皮,川芎,当归,苡仁,人参,黄芩,牛膝,木通,甘草#3g
密蒙花,木贼,白蒺藜,蝉蜕,青盐#30g,薄荷,香白芷,防风,生甘草,川芎,知母,荆芥穗,枸杞子,白芍#15g,黑脂麻150g,当归9g,甘菊花18g
黄连90g,家菊花,龙胆草,石决明,人参,当归,熟地,枸杞,麦冬,牛膝,青盐,黄柏,柴胡,防风,羌活#25g,肉桂12g,羯羊肝1具
乳香30g,乌头15g,羌活30g,雄黄15g,白附子,羚羊角屑#30g,附子15g,原蚕蛾,防风,乌梢蛇,白僵蚕,虎胫骨#30g,轻粉,麝香#7．5g,赤箭,牛膝,没药#15g
乌梢蛇,青葙子,防风,独活,麻黄,桔梗,秦艽#37．5g,羌活30g,当归,细辛,桂#90g,川芎,白芷#75g,白芍药,蒺藜子,人参,天麻#60g,附子75g
杜仲210g,牛膝300g,马钱子1．24kg,甘草1．1kg,山药450g,木香90g,乳香120g,没药120g,自然铜300g,千年健90g,羌活90g,地风90g,红花90g,防风90g,续断210g,柴胡120g,狗脊300g,"麻
黄600g"
白蒺藜90g,石决明,炙甘草,防风,山栀炭,羌活,茯苓,蔓荆子#60g,当归,川芎,赤芍#45g,苍术,花粉,甘菊花,茺蔚子#30g,淡黄芩24g,蝉蜕,蛇蜕#15g
栀子60g,川黄连120g,黄芩,黄柏,大黄#60g,泽泻,玄参,红花,胆草#30g,赤芍,归尾#36g,菊花60g,防风30g,生地36g,石决明,蒺藜#60g,羚羊角3g,冰片15g
藿香,甘松香,甲香,鸡舌香,附子,续断,乌喙#37．5g,泽兰,防风,细辛,白术#30g,白芷,松叶,莽草#52．5g,柏叶60g,大皂荚6．6cm,甘草22．5g,猪膏2．4L
白芥子60g,甘遂60g,地龙肉60g,威灵仙75g,急性子75g,透骨草75g,麻根90g,细辛90g,乌梅肉120g,生山甲120g,血余30g,江子30g,全蝎30g,防风30g,生草乌30g,紫硇砂18g,香油2．5kg,东丹1．25kg
牛黄8g,全蝎30g,僵蚕log,珍珠log,麝香4g,朱砂log,雄黄log,天麻20g,钩藤log,防风20g,琥珀6g,胆南星log,禹白附log,半夏log,天竺黄log,冰片4g,薄荷10g,甘草40g
肉桂,白芍药,红花#1．5g,细辛1．8g,人参,熟地黄,川芎#3g,独活根,黑附子,炙甘草#4．5g,羌活,藁本,防风#6g,白术,当归,黄芪,柴胡#9g,"桃仁
10个"
紫苏,青皮,当归,芍药,乌药,茯苓,桔梗,半夏,川芎,黄芪,枳实,防风,陈皮,甘草#3g,木香,大腹皮,槟榔,枳壳#1．5g
大黄500g,扁柏500g,栀子120g,桃仁120g,泽兰120g,防风150g,薄荷150g,黄芩150g,骨碎补1.5kg,当归尾1.5kg,制草乌30g,制川乌30g,天南星30g,制半夏30g,毛麝香500g,千打捶500g,血见愁500g,透骨消500g,田基黄500g,入地金牛500g
大天南星120g,丁香30g,粟米270g,木香,厚朴,神曲,麦芽,陈皮,防风,白术,谷芽,缩砂仁,白豆蔻,青皮#30g,半夏曲60g,人参,沉香,甘草#15g
升麻1．2g,防风,生甘草,汉防己,生地黄#1.5g,当归身1．8g,柴胡,羌活,炙甘草,黄芪,酒知母,酒黄芩#3g,酒龙胆草,石膏,黄柏#4．5g,红花少许,桃仁5个,杏仁10个
白马茎,赤石脂,石韦,天雄,远志,山茱萸,菖蒲,蛇床子,山药,杜仲,肉苁蓉,柏子仁,石斛,续断,牛膝,天花粉,细辛,防风#60g
白蒺藜60g,玄参30g,沙参30g,丹参30g,苦参30g,人参30g,秦艽60g,栀子仁30g,甘菊花30g,枳壳30g,黄芩30g,乌梢蛇120g,独活60g,茯神30g,山药30g,细辛30g,防风60g,麻黄30g
白术,川芎,防风#0.9g,甘草,荆芥#o．75g,桔梗,羌活#0．9g,芍药0．75g,柴胡0．6g,前胡,薄荷,黄芩#0．75g,山栀,知母#o．6g,滑石,石膏#0．9g,大黄1．2g,芒硝0．9g
白术,苍术,川芎,当归,人参,茯苓,薏苡仁,皂荚针,厚朴,防风,木瓜,木通,穿山甲,独活#3g,金银花6g,甘草,精猪肉60g,土茯苓120g
当归240g,川芎240g,羌活240g,生地240g,防风240g,薄荷240g,草决明240g,旋覆花240g,蝉蜕240g,白蒺藜240g,菊花120g,白芍120g,赤芍120g,白芷120g,蛇蜕120g,蒙花360g,木贼360g,黄连60g
川芎,井泉石,淫羊藿,槐花#30g,花椒7．6g,蛤粉,石决明,防风,荆芥,羌活,苍术,甘菊花,黄芩,杜蒺藜,木贼,地骨皮,薄荷,甘草#30g
防风,防己,荆芥,白鲜皮,连翘,槐花,苍术,皂荚针,风藤,木通,白芷,天花粉,木瓜,金银花,翻白草#3g,甘草1．5g,土茯苓120g,大黄9g
杜仲30g,干姜15g,萆薢30g,羌活22．5g,天雄22．5g,花椒22．5g,桂心22．5g,川芎15g,防风15g,秦艽15g,川乌头22．5g,细辛22．5g,五加皮22．5g,石斛22．5g,续断60g,当归22．5g,五味子22．5,槟榔22．5g
赤箭30g,茯神30g,五加皮30g,鹿茸60g,防风30g,牛膝45g,桂心30g,独活30g,蛇床子30g,菟丝子90g,酸枣仁30g,山茱萸30g,巴戟30g,附子60g,淫羊藿30g,萆薢30g,石斛60g,熟地黄30g
羌活,麻黄#30g,防风22．5g,木香,槟榔,"附子
",白术,乌头,草豆蔻,陈皮,牛膝,当归,杏仁,人参,白茯苓,甘草,川芎,肉桂#15g
羌活30g,乌梢蛇肉60g,天麻30g,防风30g,禹白附30g,藁本30g,麻黄30g,白芷30g,白僵蚕30g,天南星30g,川芎30g,细辛30g,附子30g,桂心30g,当归30g,桑螵蛸15g,干蝎30g,晚蚕蛾15g
黄芪2g,炙甘草1．5g,升麻,猪苓#1．2g,白茯苓,葛根,人参#1g,柴胡,羌活,陈皮,连翘,当归身,炒黄柏,泽泻,苍术,曲末,知母,防风#0．6g
附子,独活,防风,川芎,丹参,萆薢,菖蒲,天麻,官桂,当归#30g,黄芪,细辛,山茱萸,白术,甘菊花,牛膝,甘草,枳壳#15g
附子30g,酸枣仁15g,防风15g,羚羊角屑15g,人参22．5g,桂心15g,羌活15g,甘菊花7．5g,蔓荆子15g,白鲜皮15g,茯神22．5g,山药22．5g,黄芩15g,龙齿30g,川芎15g,天麻15g,黄芪15g,枳壳15g
生地黄9g,归身4．5g,柴胡,天花粉,牛蒡子,川芎,防风,薄荷,草决明,白蒺藜,密蒙花,谷精草,白粉葛,栀子,木贼草,羌活#24g,川连0.9g,甘菊6g
防风,荆芥,黄连,昆布,海藻,海粉,羌活,升麻,连翘,青皮,胆星,贝母,牛蒡子,夏枯草,沉香,香附子,抚芎,黄芩
苍耳子,骨碎补,自然铜,血竭,白附子,赤芍,当归,肉桂,白芷,没药,防风,牛膝#90g,五加皮,天麻,槟榔,羌活#30g,虎胫骨,龟版#60g
大风子62g,何首乌31g,白蒺藜31g,菊花15g,陈皮15g,防风15g,牛膝15g,全蝎15g,当归尾15g,黄连15g,车前子15g,金银花15g,马钱子4g,黄芩6g,苦参7g,麝香6g,红、白胡麻#12g,全蛇蜕1条
生地黄240g,天冬,干姜,当归,石斛,肉苁蓉,白术,甘草,芍药,人参#180g,麻子仁15g,大黄,黄芩#150g,花椒15g,防风120g,紫菀150g,茯苓,杏仁#90g,白芷30g
羚羊角30g,犀角30g,牛黄15g,琥珀9g,厚朴30g,黄芩30g,川芎15g,白芷15g,菊花24g,防风24g,羌活24g,草决明30g,生地21g,熟地21g,防己24g,黑牵牛24g,蝉蜕21g,地肤子30g,滑石30g
麻黄2．1g,陈皮,乌药,僵蚕,川芎,枳壳,桔梗,白芷,干姜,防风,羌活,天麻#2．4g,当归,续断,威灵仙,乳香,没药#3g,甘草1．8g,麝香少许
天麻60g,乌梢蛇60g,白附子30g,白僵蚕30g,防风30g,麻黄60g,甘菊花45g,白鲜皮30g,藁本30g,羌活30g,独活30g,细辛30g,阿胶30g,干蝎30g,当归30g,桂心30g,白茯苓30g,干姜15g,甘草15g
天雄30g,天南星15g,禹白附15g,半夏15g,天麻15g,干蝎15g,羌活15g,白花蛇肉15g,川芎15g,白僵蚕15g,桂心15g,防风15g,白鲜皮15g,甘菊花15g,木香15g,巴豆7．5g,朱砂7．5g,雄黄7．5g,麝香7．5g
熟地黄45g,菟丝子,车前子,麦冬,蕤仁,决明子,地肤子,茺蔚子,枸杞子,黄芩,五味子,防风,泽泻,细辛,杏仁,北葶苈,青葙子#30g,桂皮15g,羊肝200g
苍术300g,陈皮300g,柴胡300g,连翘300g,白芷300g,川朴450g,枳实,楂肉,羌活,防风,前胡,藿香,甘草#300g,陈茶10kg,桔梗,麦芽,苏叶#450g,建曲300g,川芎300g
牛黄9g,茯苓27g,天麻27g,川芎27g,天竺黄36g,胆星27g,白附27g,全蝎27g,蝉蜕27g,防风36g,钩尖27g,雄黄18g,朱砂18g,僵蚕27g,人参18g,珍珠12g,琥珀24g,大梅2．5g,麝香2．5g
甘菊花,大黄,旋覆花,升麻,石决明,川芎#15g,羌活,地骨皮,青葙子,车前子,石膏,木贼,黄芩,栀子仁,草决明,甘草,荆芥穗,防风#30g,黄连7．5g
茯苓片240g,柴胡180g,泽泻片,枳壳,苏叶,防风,扁豆,赤小豆#150g,忍冬藤,枯黄芩,鲜竹茹,花粉#120g,藿香,生甘草,香薷,麦冬#90g,双勾藤210只,鲜荷叶30片,陈茶叶3kg
白薇,防风,射干,白术#45g,当归,防己,青木香,天冬,乌头,枳实,独活,山茱萸,葳蕤#30g,麻黄37．5g,柴胡,白芷#22．5g,莽草,花椒#7．5g,秦艽3．75g
白蒺藜30g,茵芋30g,羌活30g,木香30g,羚羊角屑30g,附子30g,白花蛇肉608,白附子30g,当归30g,干蝎30g,薏苡仁22．5g,槟榔15g,牛膝30g,川芎30g,牛黄7．5g,麝香7．5g,杏仁30g,防风22．5g,酸枣仁30g,
防风,川芎,当归,白芍,白术,甘草,连翘,薄荷,栀子,桔梗,麻黄,石膏,滑石,荆芥,黄芩,芒硝,大黄,蝉蜕,枳壳
白术,白茯苓,桔梗#9g,人参10．5g,秦艽,北柴胡,防风,白芍药,甘草,当归,泽泻,生地黄,熟地黄,地骨皮,肉豆蔻,槟榔,缩砂仁#15g,猪苓12g,黄芪30g
大枫肉,白蒺藜,防风,苦参#1kg,荆芥,胡麻,当归#500g,天麻300g,黄连,乌药,棕灰,雄黄#15g,海风藤,人参#250g,官桂,甘草#210g,天竺黄,檀香根#6g,麝香30g
土茯苓60g,白花蛇0．9g,,荆芥,薄荷#3g,金银花,皂角刺,牙皂,白鲜皮,当归,五加皮,地骨皮,川芎,薏苡仁,人参,黄芩,牛膝#9g,木通,甘草#3g
胆南星105g,防风105g,羌活105g,茯苓60g,僵蚕60g,甘草60g,天竺黄60g,陈皮60g,麻黄75g,钩藤75g,薄荷75g,天麻90g,猪牙皂75g,全蝎120g,琥珀60g,牛黄12g,冰片6g,朱砂48g,麝香12g
白术,细辛,川芎,草决明,羌活,当归,五味,防风,官桂,菊花,玄参,白茯苓,地骨皮,青葙子,车前子,甘草,人参,苦参,黄芩#等分
苍耳子,晚蚕沙,五加皮,大茄根#120g,归身,虎骨,羌活,枸杞子,荆芥,油松节,杜仲,牛膝,萆薢,防风,秦艽#60g,白术,黄柏,苍术#30g,木香15g
白术,细辛,当归,决明子,川芎,白茯苓,羌活,五味子,人参,菊花,防风,地骨皮,苦参,玄参,甘草,车前子,桂,黄芩,青葙子#等分
生地黄60g,苁蓉45g,麦冬,远志,防风,干姜,牛膝,地骨皮,萎蕤,山药,石斛,细辛,甘草,附子,桂心,茯苓,山茱萸#30g,钟乳粉75g,羖羊肾1具
天雄,附子,草乌头#45g,骨碎补90g,白胶香6g,川乌头36g,防风,天南星,锡蔺脂,萆薢,禹白附,自然铜,,补骨脂,白僵蚕,五灵脂,赤小豆,糯米,"乳香
没药#30g"
天雄,当归,人参#1．5g,附子,防风,天冬,花椒,独活#1．2g,乌头,秦艽,细辛,白术,干姜#0.9g,麻黄,山茱萸,五味子,桔梗,白芷,柴胡,莽草#0.6g
香油560g,黄连,黄柏,当归,马钱子,白及,白蔹,何首乌,赤芍药,桃仁,川芎,生地黄,熟地黄,南星,夏#9g,巴豆14枚,防风,草乌,白芷,白芍药#9g
川芎,当归,紫苏,桔梗,青皮,陈皮,乌药,黄芪,枳实,茯苓,防风,半夏,白芍#3g,甘草节,大腹皮,木香,槟榔,泽泻,枳壳#1．5g,牛膝3g
乌梢蛇90g,秦艽30g,川芎90g,桂心30g,防风30g,人参30g,栀子仁30g,白鲜皮30g,丹参30g,沙参30g,玄参30g,苦参60g,升麻30g,犀角屑30g,通30g,枳壳30g,黄芩30g,白蒺藜30g,羌活60g
甘松,山奈,细辛,白芷,白蔹,白及,防风,荆芥,僵蚕,山栀,藁本,天麻,羌活,独活,密陀僧,枯矾,檀香,花椒,菊花#3g,红枣肉7个
白芷,白术,白及,白茯苓,白扁豆,白细辛,白僵蚕,白莲蕊,白牵牛,白蔹,白鸽粪,甘松,团粉,白丁香,白附子,鹰条#等分,防风,荆芥穗,羌活,独活减半
萆薢,防风,白蒺藜,狗脊,乌药,附子,禹白附,赤小豆,地龙,骨碎补,馕？香子,羌活,天南星,黄芪#15g,肉苁蓉,牛膝,何首乌,花椒,覆盆子#30g,马钱子0．9g
蜜炙黄芪60g,大生地36g,茯苓30g,龟版胶30g,肉桂18g,抱茯神60g,大麦冬30g,熟地45g,羌活24g,川芎30g,潞党参45g,全当归36g,陈皮30g,防风30g,白术30g,五味子24g,枸杞子30g,大枣仁1kg,枣皮30g,冰糖1kg
当归,川芎,白芍药,防风,羌活,天麻,僵蚕,白芷,青皮,陈皮,乌药,牛膝,南星,半夏,黄连,黄芩,山栀仁,连翘,麻黄,甘草#2.4g
沉香,大黄,藿香,红花,檀香,青木香,甘松#6g,细辛3g,槟榔9g,香附15g,甘草,白芷,当归#30g,麝香1．5g,川芎24g,豆蔻15g,藁本24g,防风15g,冰片0．9g,公丁香12g
杜仲,干姜,熟地黄,萆薢,羌活,天雄,花椒,桂,川芎,秦艽,乌头,细辛#90g,五加皮,石斛#150g,续断,天花粉,地骨皮,桔梗,甘草,防风#30g
肉苁蓉60g,独活,附子,花椒#45g,泽泻,黄芪#60g,五味子,蒺藜,防风,杏仁,木香,干姜,牡蛎,赤石脂,黄芩,甘草,肉桂,桃仁,细辛,续断#30g
杏仁30g,茺蔚子30g,青葙子30g,枸杞子30g,五味子30g,茯苓30g,生地黄90g,菟丝子60g,决明子30g,山萸,车前子,地骨皮,柏子仁,大黄,细辛,甘草,人参,黄芩,黄连,防风#45g
白术,川芎#4．5g,南星,半夏,芍药,茯苓,天麻#3g,当归,生地黄,熟地黄,牛膝,酸枣仁,黄芩,陈皮#2．4g,羌活,防风,官桂#1.8g,红花,炙甘草#1．2g,黄柏1g
茯苓60g,法半夏60g,天麻60g,胆星36g,僵蚕36g,全蝎30个,白附子30g,钩藤36g,薄荷36g,防风36g,羌活25g,猪苓30g,厚朴30g,前胡25g,白术30g,黄芩25g,黄连225g,藿香25g,砂仁25g,甘草60g
当归,远志肉,川芎,酸枣仁,白术,赤芍药,香附子,朱砂,熟地黄,羌活,防风#6g,茯神7．5g,半夏9g,全蝎,麦冬,人参,牛膝,天麻#3g,甘草2．7g,陈皮,白芷#4．5g
防风,荆芥,黄连,黄芩,连翘,羌活,独活,柴胡,前胡,川芎,桔梗,蓝叶,玄参,牛蒡子,升麻,赤芍药,金银花,白芷,甘草,干葛,青木香
熟地黄30g,巴戟22．5g,黄芪22．5g,石斛30g,人参22．5g,白茯苓22．5g,桂心,22．5g,牛膝30g,山茱萸22．5g,防风22．5g,菟丝子30g,羌活22．5g,肉苁蓉30g,附子30g,磁石60g,丹参22．5g,五味子22．5g,麦冬30g,甘草15g,远志15g,柏子仁30g
川芎,草乌,川乌#15g,乳香9g,秦艽4．5g,川牛膝,羌活,防风,地龙#6g,桂枝,麻黄#30g,当归15g,虎骨9g,白芷,红花,独活#15g,川马钱子60g,木瓜,苍术,五加皮,蕲蛇肉#9g,原麝香1．5g
川贝母,陈皮#12g,羌活,生地,木通,大青叶,荆芥穗,桔梗,前胡,山川柳,赤芍,制南星,玄参#9g,薄荷6g,钩藤,制半夏,枳壳#9g,葛根,天麻,防风,甘草,炒牛蒡子#6g
升麻3g,葛根1．5g,漏芦,牡丹皮,当归,生熟地黄#9g,连翘3g,黄芪3g,芍药9g,桂枝9g,柴胡24g,黍粘,羌活#3g,防风,独活#1．5g,昆布,三棱,广术,人参,黄连,陈皮#3g
白附子,明天麻,藁本,缩砂仁,荆芥穗,川羌活,细辛,川独活,薄荷叶,藿香叶,麻黄,甘松30g,葛根,防风,白芷,川芎,桔梗,香附子,甘草,川乌,石膏#60g,寒水石750g
山茱萸,干姜,川巴戟,芍药,泽泻,北细辛,菟丝子,远志,桂心,黄芪,石斛,生地黄,附子,当归,牡丹皮,蛇床子,甘草,苁蓉,人参#60g,菖蒲30g,防风45g,茯苓15g
龟甲,虎骨#180g,海桐皮,羌活,丹参,独活,牛膝,萆薢,五加皮,酸枣仁#90g,附子,天雄,天麻,防风,威灵仙,川芎#75g,当归,肉桂,紫参#90g,薄荷180g,槟榔180g,菖蒲45g
人参,川芎,荆芥,白芷,川乌,南星,石膏#60g,石决明,草乌,藁本,雄黄,细辛,当归,蒲黄,苍术,防风,薄荷,藿香,全蝎#60g,何首乌30g,羌活90g,甘松60g
牛黄,珍珠,麝香#37．5g,朱砂,龙齿,犀角,琥珀#6g,天冬,人参,茯苓#12g,水银37．5g,麦冬12g,防风,黄芩,知母,龙胆草,石菖蒲,白芍药,全蝎,甘草#15g,蜂房9g,金箔,银箔#70片
龙骨,虎骨,川芎,当归,桂圆肉,熟地,砂仁,木香,山楂,补骨脂,防风,广皮,酸枣仁,杜仲,菟丝子,黄芩,贯众,白蒺藜#120g,川牛膝,煅石膏,神曲,川贝,木通#6g
淫羊藿22．5g,防风15g,羌活22．5g,禹白附22．5g,天麻30g,天南星15g,犀角屑22．59,木香15g,槟榔15g,羚羊角屑22．5g,乳香22．5g,虎胫骨22．5g,桂心15g,附子22．5g,当归22．5g,牛膝22．58,白僵蚕15g,鹿茸22．5g,石斛22．5g,麝香7．5g,海桐皮22．5g,干蝎15g,乌梢蛇90g
黄连360g,薄荷1．5kg,连翘1．5kg,川芎1．5kg,蔓荆子炭30kg,当归30kg,白芷15kg,蒙花15kg,生石决明15kg,菊花45kg,黄柏15kg,甘草750g,生地3kg,防风1．5kg,黄芩3kg,白蒺藜4．5kg,栀子1．5kg,蝉蜕1．5kg,荆芥1．5kg,赤芍1．5kg,木贼草1．5kg,旋复花1．5kg,草决明1．5kg
当归,白芷,赤芍药,牛膝,杜仲,木瓜,茯苓,骨碎补,乌梅,何首乌,川续断,补骨脂,小茴香,独活,桑寄生,五加皮,苍术,陈皮,防风,天麻#30g,川芎,槟榔,半夏#15g,甘草9g
鹿茸,熟地,苁蓉,巴戟肉,茯苓,石斛,牛膝,防风,泽泻,川断,杜仲,小茴香,补骨脂,沉香,荜茇,桑螵蛸#90g,山萸肉60g,龙骨,菟丝子,附子,肉桂#30g,川芎,五味子,覆盆子#15g
川厚朴,砂仁,桔梗,羌活,干葛,香薷,茵陈,白芍药,枳壳,黄芩,木瓜,防风,陈皮,苏叶,白芷,大腹皮,青蒿,茯苓#30g,麦芽,滑石#60g,薄荷,甘草,川黄连#15g,陈红茶240g
香附子,羌活,山楂肉,川芎,陈皮,前胡,干葛,紫苏叶,赤茯苓,木香,薄荷,砂仁,苍术,赤芍,乌药,防风,藿香,白芷,厚朴#90g,生甘草45g,生蔻仁60g,枳壳,草蔻#30g,神曲150g
人参,五加皮,五味子,天雄,牛膝,防风,远志,石斛,山药,狗脊#30g,苁蓉,生地黄#90g,巴戟天45g,茯苓,菟丝子#40g,覆盆子,石龙芮#60g,萆薢,石南,蛇床子,白术#15g,天冬50g,杜仲45g,鹿茸110g
鲜牛蒡子根叶梗1．5kg,活白凤仙梗120g,川附子,桂枝,大黄,当归,肉桂,官桂,草乌,川乌,地龙,僵蚕,赤芍药,白芷,白蔹,白及#60g,川芎120g,续断,防风,荆芥,五灵脂,木香,香橼,陈皮#30g
防风,麻黄,人参,白芷,当归,枸杞,秦艽,桔梗,黄芩,甘草,羌活,独活,细辛,半夏,防己,茯苓,芍药,前胡,苍术,藿香,官桂,香附,生地,熟地
川牛膝,肉苁蓉,花椒,附子#120g,马钱子,地龙#90g,覆盆子,禹白附,菟丝子,赤小豆,天南星,防风,骨碎补,何首乌,萆薢,川羌活,金毛狗脊,乌药#60g,绵黄芪,人参#30g,川乌,白茯苓,白术,甘草#30g
乌梢蛇90g,檀香,丁香,茜根,紫葛,防风,苦参,独活,沙参,栀子仁,酸枣仁,槐子,白芷,附子,藁本,羚羊角,防己,桃胶,萆薢,芜荑仁炒),天花粉,秦艽,乌药#22．5g,桑根白皮90g,木通45g
石斛12．5kg,肉苁蓉12．5kg,麦冬25kg,茯苓50kg,五味子12．5kg,人参50kg,熟地黄75kg,菟丝子12．5kg,草决明12．5kg,苦杏仁12．5kg,山药1.2．5kg,蒺藜12．5kg,川芎12．5kg,青葙子12．5kg,甘草12．5kg,牛膝12．5kg,黄连12．5kg,生地黄12．8kg,天冬50kg,防风12．5kg,枳壳12．5kg,菊花12．5kg,枸杞子12．5kg,生磁石lOkg,生石膏25．5kg
皂刺30g,桑寄生,何首乌,石南藤,白蒺藜,五加皮,地骨皮,白鲜皮#21g,草乌,,牛蒡子,归尾,五灵脂,蔓荆子,胡麻子,,苦参,虎胫骨,地龙,京墨,马钱子,天花粉#15g,白胶香,乳香,没药#9g
天冬,麦冬,生地黄,熟地黄,新罗人参,白茯苓,干山药#30g,枸杞子,牛膝,金钗石斛,草决明,杏仁,甘菊,菟丝子,羚羊角#22．5g,肉苁蓉,五味子防风,甘草,沙苑蒺藜,黄连,枳壳,川芎,生乌犀,青葙子#15g
陈皮6g,当归6g,防风6g,白芷6g,荆芥68,海桐皮6g,苦参6g,羌活6g,茅苍术6g,明天麻6g,海风藤60g,广木香6g,秦艽6g,薏米仁6g,生甘草6g,川续断6g,川牛膝6g,连翘6g,桂枝3g,大红枣4枚,生姜2片,大胡麻620g,小胡麻620g,白蒺藜620g,苦参500g,防风250g,荆芥250g,全当归180g,茅苍术180g,薏米仁120g,川续断120g,川牛膝120g,大风子霜300g
防风,僵蚕,首乌,全蝎,羌活,独活,芍药,生地,威灵仙,蔓荆子,牛蒡子,苦参,胡麻,大黄,黄芩#60g,枸杞子,薄荷,南星,天麻#30g,荆芥,柏枝,山栀#120g,炙甘草15g,白术500g,大风子肉500g,两头尖3g
厚朴15g,,广陈皮15g,山楂15g,羌活15g,小青皮,干葛,防风,乌药,川乌,枳壳,白芷,茱萸,石菖蒲,甘草,,砂仁#15g,制香附,广藿香,苍术,莪术,槟榔,茯苓#15g,麦芽,神曲,紫苏#30g,木通24g
菟丝子30g,珍珠22．5g,远志15g,防风15g,蔓荆子15g,车前子15g,石斛30g,白茯苓30g,玄参15g,人参15g,木香15g,决明子15g,地肤子15g,蕤仁15g,川芎15g,羌活15g,羚羊角屑15g,熟地黄30g,枸杞子15g,牛膝30g,山药15g,甘菊花15g,黄芪15g,地骨皮15g,覆盆子22．5g,兔肝60g
苍白术#60g,赤白苓#120g,煨草果60g,神曲150g,甘草90g,川朴180g,广皮180g,木瓜90g,桔梗45g,苏叶210g,半夏135g,防风90g,香薷60g,朱砂120g,炒乌药90g,茶叶60g,大腹皮90g,羌活135g,藿香210g,"煨
木香90g",紫豆蔻60g,白芷150g,薄荷90g,炒砂仁90g,檀香30g,香附60g
淡附子,鲜红花,血余,莪术,桂枝,羌活,独活,白僵蚕,秦艽,麻黄,当归,制川乌,防风,威灵仙,制草乌,生大黄,赤芍,生山栀,桃仁,三棱,白芷,淡全虫,五加皮,良姜#60g,生地,香附,乌药#120g
乌犀角屑30g,羚羊角屑60g,天南星30g,天雄30g,天麻60g,乌梢蛇60g,桂心30g,白僵蚕30g,干蝎30g,防风60g,麻黄60g,川芎30g,独活30g,干姜30g,川乌头30g,白术30g,当归30g,白芷30g,细辛30g,牛膝30g,槟榔30g,青陈皮30g,禹白附30g,桑螵蛸30g,阿胶30g,牛黄7．5g,麝香7．5g
白花蛇1条,白附子,天麻,牛膝#30g,当归30g,何首乌60g,僵蚕30g,威灵仙60g,羌活,独活,防风,萆薢,蔓荆子,苦参#30g,甘草21g,石菖蒲60g,蝉蜕30g,白芍120g,川芎30g,苍耳草120g,雷丸90g,赤芍30g,枫子肉90g,枳壳30g,雄黄15g,皂荚90g,乌药21g
远志,黄芪#15g,芍药30g,五味子,黄芩#7．5g,赤茯苓,牡荆实#22．5g,秦艽30g,乌头,天雄,细辛,山茱萸,菊花#15g,防风22．5g,狗脊,桂,川芎,芜荑#15g,菖蒲,萎蕤#22．5g,白蔹,山药,附子,龙胆,厚朴#15g,花椒,巴戟天#7．5g
金银花,蜈蚣,荆芥,灵仙,首乌,石膏,甘菊,蒺藜,芙蓉叶,胡麻,苦参,天麻,连翘,杜仲,黄柏,川芎,牛蒡子,当归,防风,羌活,独活,白术,人参,甘草,苍耳子,黄芪,细辛#30g
独活,麻黄,白茯苓,厚朴,五味子,蒺藜子,槐子,枸杞子,菥蓂子,麦冬,人参,细辛,白芷,决明子,车前子,茺蔚子,覆盆子,地肤子,丹参,川芎,防风,黄芩,升麻,黄连#37．5g,远志,木通,柏子仁#60g
生地,川附,香附,乌药#60g,五加皮,桂枝,当归,防风,羌活,独活,秦艽,天虫,全蝎,灵仙,川乌,草乌,白芷,良姜,大黄,麻黄,赤芍,莪术,三棱,桃仁,红花,六轴子,头发#30g,麻油4kg
金银花480g,蒲公英120g,赤芍药120g,黄芪240g,紫花地丁180g,红花240g,鬼馒头120g,地榆60g,黄柏60g,羌活30g,半夏30g,紫草30g,麻黄60g,瓜蒌30g,白芷30g,当归60g,栀子60g,独活30g,黑参90g,花粉30g,苍术30g,钩藤30g,木通30g,大黄30g,紫胡24g,甘草15g,皂荚15g,连翘9g,防风15g,牛蒡子15g,,全蝎6g,僵蚕6g,广木香90g,蝉蜕9g,没药9g,麝香6g
苦参500g,荆芥375g,白芷,大风子肉,防风#180g,大皂荚,川芎,当归,何首乌,大胡麻,枸杞子,牛蒡子,威灵仙,全蝎,白附子,蒺藜,独活,川牛膝#150g,草乌,苍术,连翘,天麻,蔓荆子,羌活,青风藤,甘草,杜仲#90g,白花蛇,缩砂仁#60g,人参30g
苦参500g,大风子肉180g,荆芥500g,防风,白芷#180g,全蝎,何首乌,白附子,枸杞子,威灵仙,当归,大胡麻,川芎,蒺藜,大皂荚,川牛膝,牛蒡子,独活#150g,蔓荆子,风藤,羌活,连翘,苍术,天麻,杜仲,"草乌
",甘草#90g,人参30g,砂仁60g,白花蛇60g
苍术60g,白附子60g,桂枝60g,当归60g,西秦艽60g,草乌60g,追地风60g,千年健60g,威灵仙60g,川芎60g,钩藤60g,菟丝子60g,川牛膝60g,何首乌60g,川乌60g,知母60g,栀子60g,红花60g,白花蛇30g,苦参120g,刺蒺藜120g,防风120g,小胡麻120g,苍耳子120g,黄柏120g,桃仁120g,紫草120g,全虫120g,丹皮120g,荆芥180g,白鲜皮180g
马钱子,透骨草,生山甲,汉防己,乳香,没药,生姜,王不留行,细辛,五加皮,豨莶草,独活,生草乌,五倍子,肉桂,枳壳,牛蒡子,血余#9g,地龙,红娘,全蝎,灵仙,生大黄,泽兰叶,丝瓜络,麻黄,土鳖虫,防风#12g,归尾15g,功劳叶30g,蜈蚣4条
云母,焰消,甘草#120g,槐枝,柳枝,桑白皮,侧柏叶,陈皮#60g,花椒,白芷,没药,赤芍,官桂,当归,黄芪,血竭,菖蒲,白及,川芎,白蔹,木香,防风,厚朴,桔梗,柴胡,党参,苍术,黄芩,龙胆草,"合欢
乳香",茯苓#15g
生地9g,苍术9g,枳壳9g,五加皮9g,莪术9g,桃仁9g,山柰9g,当归9g,川乌9g,陈皮9g,乌药9g,三棱9g,大黄9g,首乌9g,草乌9g,柴胡9g,防风9g,刘寄奴9g,猪牙皂9g,川芎9g,官桂9g,羌活9g,威灵仙9g,赤药9g,南星9g,香附9g,荆芥9g,白芷9g,海风藤9g,藁本9g,续断9g,良姜9g,独活9g,麻黄9s,甘松9g,连翘9g
茯苓,木瓜,麦冬,生地,当归#60g,藿香,菖蒲,苍术,半夏,腹皮,白矾,陈皮,防风,黄芩,杏仁#30g,山栀,柴胡,木通,香附,桔梗,泽泻,远志#25g,砂仁,川芎,油朴,羌活,独活,青黛,川连,雄黄,甘草,黄柏,神曲,枳壳,广木香,青木香,嫩苏梗,广郁金#15g
鲜紫苏,鲜牛蒡,鲜萆麻,鲜薄荷,鲜苍耳#240g,鲜白凤仙120g,青葱240g,荆芥,防风,水红花子,川附子,广木香,当归,川乌,草乌,青皮,天麻,穿山甲,连翘,僵蚕,陈皮,芥子,蒲公英,天南星,官桂,桂枝,白芷,乌药,生半夏,青木香,大黄,白蔹,川芎#30g,上肉桂60g,乳没#30g,丁香油120g,苏合油120g,檀香,琥珀#60g,当门子9g
片脑,牛黄,乳香,没药,龙骨,血竭,赤石脂,麝香,轻粉,麻黄,川芎,白芷,薄荷,草乌,全蝎#30g,连翘,防风,黄芩,黄连,大黄,知母,贝母,当归,苍术,羌活,栀子仁,桔梗,柴胡,荆芥,五倍子,海螵蛸,白及,穿山甲,马钱子,大枫子,椿皮,桑枝,槐枝,乱发#90g,蛇蜕3条,柳枝7条
苍术,柴胡,龙胆草,苦参,玄参,生地,赤芍,归尾,川芎,荆芥,防风,麻黄,白芷,细辛,薄荷,大黄,芒硝,黄连,黄芩,黄柏,黑山栀,茺蔚子,五倍子,决明子,蓖麻子,羌活,连翘,蓉叶,陈胆星,马钱子仁,杏仁,桃仁,蛇蜕,蝉蜕,木贼草,山甲片,菖蒲,红花,乳香,没药#30g,羚羊角24g,犀角片6g,丁香3g
白花蛇,乌梢蛇,威灵仙,两头尖,草乌,天麻,全蝎,首乌,龟版,麻黄,贯仲,炙草,羌活,官桂,藿香,乌药,黄连,熟地,大黄,木香,沉香#60g,细辛,赤芍,没药,丁香,乳香,僵蚕,天南星,青皮,骨碎补,白豆蔻,安息香,黑附子,黄芩,茯苓,香附,玄参,白术#30g,防风60g,葛根,虎胫骨,当归#45g,血竭21g,地龙,犀角,麝香,松脂#15g,牛黄,片脑#4.5g,人参90g,
干金子,荆芥穗,金银花,明天麻,川大黄,上肉桂,牛蒡子,白附子,海风藤,川黄连,穿山甲,天花粉,刺猬皮,高良姜,片黄芩,黄柏,红花,细辛,贝母#15g,苦参,草乌,甘草,防风,牙皂,连翘,鳖甲,巴豆,牛膝,麻黄,苏木,乌药,僵蚕,萆麻,白芨,桃仁,羌活,黄芪,全蝎,防己,血余,当归,半夏,柴胡,大戟,白蔹#15g,蜈蚣3条,蛇蜕1条,紫荆皮,石菖蒲,独活,赤芍,白芷#60g
白花蛇60g,乌梢蛇15g,麻黄60g,细辛30g,全蝎45g,两头尖60g,赤芍药30g,川芎60g,防风75g,葛根45g,没药30g,血竭22．5g,朱砂30g,乌犀屑15g,地龙15g,甘草60g,丁香30g,白僵蚕30g,乳香30g,麝香15g,片脑4．5g,官桂60g,草豆蔻60g,川羌活60g,虎胫骨30g,玄参30g,牛黄7．5g,威灵仙45g,天麻60g,藿香60g,天竺黄30g,败龟版30g,人参30g,何首乌60g,白芷60g,乌药30g,安息香30g,青皮30g,黑附子30g,香附30g,白豆蔻30g,骨碎补30g,黄连60g,茯苓30g,黄芩60g,白术30g,熟地黄60g,松香脂15g,大黄60g,当归45g,木香60g,沉香30g,金箔
蕲蛇肉600g,母丁香300g,玄参600g,熟地600g,青皮300g,何首乌600g,黄芪600g,竹节香附600g,大黄600g,骨碎补,300g,红曲150g,细辛300g,香附300g,三七150g,豆蔻仁300g,川芎600g,甘草600g,黄连600g,葛根450g,麻黄600g,檀香150g,天竺黄300g,地龙肉150g,乳香300g,防风600g,片姜黄75g,茯苓300g,桑寄生600g,藿香600g,赤芍300g,全蝎450g,川附子300g,萆薢600g,沉香300g,天麻600g,草豆蔻600g,没药300g,当归300g,建神曲1．2kg,虎骨300g,穿山甲300g,白术300g,肉桂600,白芷600g,羌活600g,人参600g,毛陈皮1．2kg,僵蚕300g,龟版300g,于术240g,血竭225g,威灵仙450g,乌药300g,油松节300g
真水安息120g,人参60g,真蕲蛇120g,当归,川芎,川连,羌活,防风,玄参,藿香,白芷,茯苓,麻黄,天麻,川萆薢,片子姜黄,甘草,肉桂,白蔻仁,首乌,料豆西琥珀,黄芪,大黄,草蔻仁,雄鼠粪,熟地#60g,穿山甲60g,全蝎尾,灵仙,葛根,桑寄生#75g,北细辛,赤芍,乌药,青皮,于术,僵蚕,乳香,没药,朱砂,骨碎补,香附,天竺黄,制附片,生龟版,沉香,母丁香,胆星#30g,红花24g,犀角尖24g,厚朴,地龙,松香#15g,广木香12g,梅花冰片,犀牛黄#7．5g,血竭2．5g,虎胫骨1对
马钱子,两头尖,石菖蒲,五灵脂,骨碎补,穿山甲,淮生地,金钗草,白芷梢,赤芍药,金银花,真五加皮,吴茱萸,牡丹皮,威灵仙,刘寄奴,猪牙皂荚,甘松,山柰,紫苏,蛇床子,良姜,艾叶,厚朴,三棱,降香,苍术,羌活,红花,苏木,桃仁,当归尾,防风,麻黄,草乌,乌药,甘草,牛膝,藁本,汉防己,枳壳,"白蔹
荆芥",续断,巴豆,猪苓,泽泻,花椒,花椒,干,姜,南星,半夏,槟榔,姜黄,干漆,香附,藿香,前胡,蓬术,茵陈,巴戟,石斛,常山,独活,风藤,黄连,山栀,连翘,黄柏#30g,蒜头2．5kg,葱2．5kg,千里光草5kg,生姜2．5kg,广木香,大川乌,北细辛,大茴香,小茴香,自然铜,面蒲黄,小茨菇,明天麻,官桂,僵蚕,玄胡,大黄,乳香,没药,全蝎,牙皂,雄黄#90g,嫩白上好松香30kg,好窑煤25kg
荆芥,防风,朴硝
苍术60g,防风60g,甘草30g
枳壳4．5g,防风4．5g,甘草2．5g
黄连120g,黄芩30g,防风30g
黄芪60g,赤芍3g,防风3g
羌活,防风#15g,大豆50g
琥珀,防风#3g,朱砂1．5g
黄连120g,防风,黄芩#30g
南星6g,防风6g,甘草3g
轻粉3g,白薇3g,防风3g,苏叶3g
南星,防风#7．5g,蜈蚣2条,江鳔9g
白丁香24g,黄连30g,防风30g,新柳枝3片
炙甘草,羌活,防风#9g,酒黄芩3g
龙胆草,细辛,当归,防风#60g
苦参,防风,甘草,露蜂房#等分
天南星60g,生姜30g,防风60g,甘草30g
防风,羌活#4．5g,黄芩,甘草#3．6g
防风15g,羌活18g,黄芩9g,甘草2．1g
羚羊角30g,独活60g,乌头22．5g,防风7.5g
黄芪150g,防风9g,肉桂15g,茯苓30g
防风,羌活,黄芩,黄连#30g
南星,半夏,防风,天麻面#等分
紫荆皮6g,荆芥穗2．4g,北防风2.4g,北细辛1．2g
黑豆60g,防风60g,炙甘草,麦冬#30g
炒白术90g,炒白芍60g,炒陈皮45g,防风30g
曾青120g,蔓荆子60g,防风,白姜#30g
防风,地榆,紫花地丁,马齿苋#15g
牛蒡子120g,炙甘草30g,防风15g,荆芥穗60g
枳壳,细辛,桔梗,防风,川芎#120g,葛根45g,甘草60g
柏子仁,细辛,防风,白及#30g,草乌头15g
荆芥,防风,桑白皮,地骨皮,甘草
荜茇,苦参,防风,升麻#30g,藁本7．5g
防风,生南星#120g,生半夏,黄芩,生甘草#60g
桂枝,独活,防风#30g,芍药90g,甘草15g
胆矾,防风,独活,僵蚕,桑皮#3g
白蒺藜45g,羌活,防风#15g,炙甘草7．5g,芒硝60g
麦面3g,防风,白术,牡蛎,黄芪4．5g
细辛0．6g,蔓荆子1．5g,防风3g,葛根4．5g,甘草6g
薏仁90g,白术60g,黄芪30g,防风0.9g,附子0．3g
犀角,防风,荆芥#3g,牛蒡子6g,甘草1．5g
牵牛30g,牛蒡子7．5g,防风5g,枳壳7g,生甘草7g
菖蒲,木通#22．5g,磁石60g,防风,桂心#22．5g
菊花30g,白附子21g,防风15g,炙甘草7．5g,枳壳21g
荆芥穗45g,苍术,白蒺藜,防风#60g,甘草30g
黄矾7．5g,麝香3g,干蛤壳7．5g,防风,独活#30g
熟铜末,当归,地骨皮,细辛,防风#30g
荆芥9g,防风9g,桃仁9g,红花9g,当归9g
大黄30g,天南星1枚,当归15g,防风15g,麝香3g
黄芪18g,甘草3g,防风,麻黄根,桂枝#6g
防风9g,桑叶6g,陈皮3g,补骨脂6g,苡仁30g
羌活,独活,防风,地榆#3g,杏仁7枚
甘菊6g,大黄,石膏#9g,竹茹,防风#3g
枳壳,防风,,槐花,荆芥穗,薄荷,甘草#15g
枸杞子30g,白茯苓30g,杏仁30g,细辛30g,防风30g,白芷30g
荆芥120g,防风,白蒺藜,白僵蚕,杏仁,炙甘草#30g
胆星,防风,白附子,蝉蜕,薄荷,甘草
威灵仙,防风,羌活,甘草#30g,紫参15g,荆芥穗7．5g
南星350g,防风120g,独活,附子,全蝎,甘草#60g
南星22．5g,木香,防风,甘草#7．5g,僵蚕,蝎梢#15g
钟乳粉7．5g,防风7．5g,熟地黄15g,牛黄7．5g,甘草7．5g,漆花7．5g
制香附,苏叶,防风#4．5g,杏仁泥9g,甘草,陈皮#1．5g
白芷,黄柏,防风,细辛,乌药,甘松#等分
鬼箭,白蔹,白术,矾石,甘草#30g,防风60g
独活,川芎,甘菊#30g,干蝎7．5g,半夏60g,防风30g
独活,苍术,防风,细辛,川芎,甘草
蛇床子,地骨皮,麻黄,荆芥,防风,枯矾#9g
宣木瓜9g,秦艽6g,防风6g,防己6g,伸筋草6g,白芷6g
当归尾,黄连#3g,赤芍,防风#1．5g,杏仁4个,铜绿0．3g
当归,赤芍药,木贼,防风,细辛,龙胆草#等分
羌活2．1g,防风,升麻,柴胡#1．5g,藁本,苍术#3g
秦艽,大黄,防风,栀子,薄荷,连翘#等分
桂心22．5g,升麻,防风,麻黄#30g,川芎,羚羊角#45g
人参,甘草,麦冬#6g,龙胆草,防风#3g,柴胡9g
川芎,荆芥,防风,羌活#9g,薄荷6g,细辛3g
藿香,白芷,全蝎,甘草,防风,青风藤
黄芪12g,白术,当归,白药#9g,防风,僵蚕#6g
菖蒲90g,木通60g,磁石150g,防风,桂心,牛膝#60g
黄芩,麻黄,秦艽,升麻#7．5g,大黄,防风#15g
黄连37．5g,艾叶,升麻#22．5g,防风15g,芒硝60g,大黄22．5g
绵黄芪,吴白芷,槐角,防风,当归#15g,杏仁60g
黄芪15g,连翘6g,防风,当归,何首乌,白蒺藜#3g
芒硝,大黄,白芍药,桔梗#3g,黄芩,防风#6g
荆芥,黄芪,防风,皂荚仁,槐角,枳壳#等分
猪肾1对,葱白2茎,人参7．5g,防风7.5g,粳米100g,薤白7茎
生地4．5g,石膏6g,升麻1．5g,丹皮,防风,枳壳#3g
防风,秦艽#4．5g,生地,当归,川黄连,阿胶#6g
羚羊角30g,犀角22．5g,羌活,防风#45g,薏苡仁,秦艽#60g
羚羊角,荆芥穗,羌活,熟地黄#30g,防风60g,黑豆300g
炙黄芪30g,防风,龙骨,麻黄,白术,牡蛎粉#15g
当归6g,木贼3g,防风3g,熟地黄6g,白芍药3g,川芎1．5g
葛根,石膏,知母,防风,甘草,粳米
牛蒡子,荆芥,生甘草,黄芩,犀角#3g,防风1．8g
防风45g,枯梗5g,嘉蚕,蝉蜕,茯神#45g,甘草15g
槐角500g,地榆,当归,防风,黄芩,枳壳#250g
漏芦30g,枳壳,苦参#90g,防风,川大黄,乌梢蛇#30g
蜜蒙花30g,枳实,蒺藜子,甘菊花,防风,蛇蜕#15g
防风30g,黄芪60g,白术30g,中桂30g,芍药30g,大附子60g,
附子,川乌头,防风#60g,凌霄花,踯躅花,露蜂房#30g
麻黄12g,羌活3g,防风,升麻,白及#6g,当归9g
薏苡仁12g,茯苓9g,炒枳壳3g,酒黄芩9g,荆芥,防风#1.5g
薏苡仁30g,当归30g,秦艽30g,防风30g,羌活,酸枣仁30g
防风3g,赤芍,川芎,连翘,甘草,牛蒡子#2．4g
天南星大者1个,全蝎1对,川芎60g,人参,藁本#15g,冰片6g,防风30g
赤茯苓,桑白皮#60g,防风,官桂,川芎,芍药,麻黄#45g
白茯苓,防风,人参,白术,枳壳,生姜#15g,甘草7．5g
麻黄,升麻,防风#6g,羌活,当归身,白及,白檀#3g
当归,枳壳,独活,防风#30g,前胡,麻黄,大黄#15g
胆星30g,半夏,白附#15g,天竺黄9g,天麻,防风#6g,朱砂3g
黄芪,甘草,当归,防风,升麻,荆芥,白芷#等分
防风,荆芥,白矾,马鞭草,苦参,花椒,野菊花,
当归梢3g,防风6g,大黄,羌活#30g,皂荚仁45g,桃仁60g,麻仁75g
当归6g,防风1．5g,独活,桂心,杜仲,续断,桑寄生#2．5g
防风,独活#1．5g,桂枝,芍药,樱皮,姜黄#4．5g,甘草o．3g
肥皂核15g,荆芥,何首乌,天花粉,防风,苦参#30g,薄荷叶15g
生地,当归,细辛#4．5g,骨碎补,防风,赤芍,川芎,槐花#6g,升麻,知母#3g
石决明,大黄,细辛,黄芩,车前子#30g,防风60g,芍药45g
荆芥穗,川芎,防风,独活,炙甘草,麻黄#30g,人参60g
桂枝,芍药,防风,羌活,川芎,白术,甘草
柴胡60g,桑白皮,防风,芍药,玄参,黄芩,炙甘草#30g
柴胡,独活,防风,川芎,苍术,青皮,甘草
皂角刺,金银花,防风,当归,大黄,甘草节,瓜蒌仁#等分
羌活,防风,续断#30g,桂枝12g,当归45g,芍药30g,甘草12g
生地黄,赤芍药#15g,川芎30g,甘草15g,防风,荆芥,当归尾#30g
菟丝子60g,菖蒲,肉苁蓉#30g,蛇床子,五味子#15g,防风,远志#7．5g
菊花,羚羊角,蔓荆实#1g,玄参15g,防风,芍药#4．5g,黄芩30g
菊花,甘草,防风,荆芥,蝉蜕,大黄,石决明#等分
蛇床子,独活,苦参,防风,荆芥穗#30g,枯矾,铜绿#15g
银环蛇5条,威灵仙85g,当归,土鳖虫,血竭,透骨草,防风#45g
川芎15g,柴胡21g,黄连,防风,羌活#30g,炙甘草45g,黄芩90g
川芎,藁本#30g,防风,羌活#6g,细辛9g,香白芷30g,甘草15g
大黄,连翘,芍药,当归,防风,甘草,山栀#等分
人参,川芎,防风,当归尾,赤芍药,大黄,甘草
溥荷叶30g,川芎60g,桔梗90g,甘草60g,防风60g,柿霜60g,犀角60g
羚羊角,蔓荆子,菊花#22．5g,防风,芍药#45g,黄芩30g,玄参15g
羚羊角,防风,芍药,茯神,炙甘草,羌活,细辛#30g
人参3g,五味子1．5g,桔梗1．5g,车前子6g,茯苓3g,细辛1．5g,防风6g
牛蒡子,羌活,黄连,黄芩,苏薄荷,防风,连翘#等分
葛根30g,石膏60g,赤芍药30g,甘草7．5g,甘菊花30g,黄芩30g,防风15g
木通,防己,陈皮,白术,紫苏叶,防风,桑白皮#等分
当归9g,防风9g,生地9g,乳香9g,白芷9g,没药9g,紫草30g
紫苏叶,人参,防风,桑白皮,麦冬,紫菀#15g,炙甘草7．5g
白芷,藿香,茅香,香附,防风#6g,木香,甘草#3g
薄荷,荆芥#6g,防风3g,银花15g,酒黄芩,天花粉,桔梗#9g
槐芽,皂荚芽#500g,苦参90g,使君子,防风,羌活#45g,乌梢蛇1条
麻黄,杏仁,赤茯苓#30g,川芎,防风,枳壳#60g,甘草22．5g
黄连30g,黄柏,苦参#120g,木贼,防风#30g,羌活,独活#30g
蔓荆实,何首乌#60g,羌活,威灵仙,荆芥穗,防风#30g,苦参7．5g
蕲蛇120g,羌活,归身,天麻,秦艽,五加皮#60g,防风30g
薄荷4．5g,荆芥6g,广郁金6g,杏仁9g,防风4．5g,桔梗3g,前胡4．5g
防风,白芷,何首乌,麻黄,甘草,白芍药,旋覆花#30g
藁本,乌梢蛇,防风,羌活,白芍药,川芎,细辛
草乌,麻黄,雄黄,明鳔,白附子,防风#6g,桑螵蛸3g
当归,羌活,姜黄,白芍药,黄芪,防风#45g,甘草15g
枸橘全个,川楝,秦艽,陈皮,防风,泽泻,赤芍,甘草#4．5g
柳枝1握,地骨皮,细辛,防风,杏仁,蔓荆子#30g,盐15g,生地黄270g
荆芥穗120g,细辛,川芎,白僵蚕#30g,天麻459,羌活,防风,蒺藜子#60g
荆芥,防风,枫子仁,土槿皮,五加皮,地骨皮#9g,皂荚10g,陈醋500m1
干姜120g,肉桂,当归,附子#60g,鹿茸90g,牡蛎60g,防风60g,龙骨60g
蒺藜子,草龙胆#180g,赤芍药250g,炙甘草,羌活,防风#30g,菊花15g,茯苓120g
细辛叶,防风#0.6g,羊胫骨灰,熟地黄#1．5g,当归1．8g,草豆蔻仁,黄连#4g,升麻7．5g
威灵仙,防风,川乌,陈皮,川楝子,萆薢#90g,乌药150g,赤小豆,茴香#240g,地龙210g,花椒60g
川芎36g,炙甘草,香白芷,香附子,防风,细辛,砂仁#30g,薄荷叶60g
茺蔚子60g,防风,川芎,桔梗,知母#30g,藁本37．5g,白芷23g,人参30g
防风,犀角,大黄,知母,玄参,黄芩,羚羊角,桔梗
木瓜90g,续断,萆薢#180g,牛膝,薏苡仁#120g,川乌,防风,杜仲#60g
苍术250g,藁本,桔梗,甘草,防风,独活#120g,厚朴,陈皮#60g
独活,羌活,防风,柴胡,白术,甘草,麻黄#30g,甘菊花15g
川芎,独活,羌活,防风#15g,华细辛6g,荆芥,薄荷,生地黄#9g
独活,细辛,川芎,秦艽,生地,羌活,防风,甘草
茵陈15g,防风15g,滑石30g,当归15g,地龙15g,乳香15g,螺青30g,芒硝15g
当归,薄荷,羌活,防风,山栀子仁,炙甘草,大黄,川芎#60g
当归,车前子,防风,白芍药,蕤仁,熟地黄,川芎,楮实子#等分
当归,地黄,芍药,川芎,藁本,防风,白芷#30g,细辛15g
川乌,草乌,苍术,细辛,白芷,薄荷,防风,甘草#15g
防风,羌活,藁本,细辛,菊花#1.5g,南星,草乌,白芷#3g
防风,荆芥,薄荷,白芷#4．5g,升麻2．4g,黄芩,黄连#6g,甘草1．5g
防风,当归,芍药,炙甘草,人参#30g,山栀子仁15g,大黄15g,柴胡30g
酒黄芩6g,白芷3g,羌活,防风,柴胡梢#3g,川芎3．6g,荆芥2．4g,甘草1．5g
槟榔9g,苏叶梗,防风,羌活,当归,木瓜#6g,乳香,没药#4．5g
防风,黄芩,茺蔚子,桔梗#60g,大黄,黑参,五味子,细辛#30g
防风60g,犀角,大黄,知母,黄芩,黑参#30g,桔梗,羚羊角#45g
秦艽,黄芪#60g,漏芦45g,乌梢蛇,防风,黄连#45g,苦参,川大黄#60g
秦艽60g,竹沥100ml,石膏90g,白茯苓,冰片#45g,玄参,防风#30g,生铁10kg
桂心,羌活,黄芪#7．5g,防风15g,芍药,人参,木通#11g,磁石60g
栝楼1枚,天南星,半夏,细辛,防风,当归,寒水石,白矾#15g
天南星,天麻,禹白附#3g,巴豆霜17个,全蝎3g,滑石7．5g,防风,半夏#3g
大黄15g,当归120g,荆芥9g,生甘草15g,黄芩9g,防风9g,黄芪90g,茯苓90g
柴胡,羌活,防风,赤芍药,桔梗,荆芥,生地黄,甘草
柴胡,防风,桔梗,枳壳,陈皮,半夏,茯苓,甘草
当归9g,川芎4．5g,柴胡,人参#3g,半夏,陈皮,防风#2．4g,甘草1．5g
射干3g,防风,荆芥,桔梗,薄荷#3g,牛蒡子4．5g,广陈皮2．4g,甘草0．9g
天麻30g,防风60g,细辛15g,薄荷15g,川芎30g,炙甘草30g,吴白芷30g,朱砂30g
牛蒡子90g,荆芥穗15g,炙甘草30g,防风,升麻#23g,犀角9g,麦冬,桔梗#15g
羌活,防风,黄芩,白芷#4．5g,黄连,射干#3g,玄参4．5g,甘草3g
羌活,独活,防风,天麻,山栀子,大黄,甘草#30g,滑石60g
柏子仁60g,防风,茺蔚子#30g,车前子,桔梗#60g,人参,白茯苓,玄参#30g
知母3g,大黄3g,黄芩4．5g,茺蔚子3g,石膏6g,栀子3g,黑参3g,防风3g
石膏,甘菊花,防风,旋覆花,枳壳,蔓荆子,炙甘草,川羌活#等分
甘菊花9g,防风9g,枳壳9g,羌活6g,旋覆花9g,生石膏15g,荆芥6g,甘草6g
黄芪120g,防风,附子#45g,川芎30g,麻黄150g,当归30g,甘草15g,芍药30g
黄芪6g,白术,防风,熟地黄,牡蛎,白茯苓,麦冬,甘草#1．5g
天麻,桔梗,防风,赤芍,五味子,陈皮,升麻,桑白皮#等分
天麻,桔梗,防风#90g,乌梢蛇,五味子,细辛,芍药,干蝎#40g
黄芪,当归,金银花,白芷,穿山甲,防风,连翘,瓜蒌#6g
麻黄,黄连,蛇床子#15g,蕲艾9g,乌梅3枚,大戟,防风,白矾#24g
银花60g,当归15g,公英,花粉,连翘#9g,荆芥,防风,甘草#6g
牛蒡子,防风,荆芥,薄荷,黄芩,龙胆草,黄连,贝母
羚羊角屑30g,桂心30g,附子30g,羌活30g,防风22．5g,酸枣仁30g,桑根白皮60g,天蓼木30g
羚羊角60g,独活24g,当归60g,白芍45g,生地120g,肉桂12g,川芎3g,防风24g
葛根,木通,芍药,防风#60g,甘菊花30g,麻黄37．5g,石膏150g,前胡45g
防风,五味子,大黄,天冬,桔梗,芍药,细辛#45g,茺蔚子60g
土茯苓30g,白鲜皮,金银花,薏苡仁,防风,木通,木瓜#1．5g,皂荚子1．2g
天雄,沉香,防风,南星,薄荷叶,地龙,木香,全蝎#等分
防风,苍术,肉桂,羌活,猪苓,泽泻,赤茯苓,白术
苦参6g,全蝎,皂刺,猪牙皂荚,防风,荆芥穗,金银花,蝉蜕#3g
防风,荆芥,前胡,杏仁,桔梗,甘草,苏子,陈皮
槐角90g,防风,黄芩#45g,升麻15g,枳壳24g,地榆90g,甘草15g,当归90g
防风,牛蒡子,山栀,石膏,黄芩,苍术,甘草,木通#3g
茯神,酸枣仁,远志仁,柏子仁,防风#30g,生地黄,枳壳#15g,青竹茹7．5g
蔓荆实22．5g,防风,羌活,桔梗,白附子,枳壳,蒺藜子#15g,皂荚250g
蔓荆实,甘菊花,羌活,黄芩,川芎,防风#30g,石膏90g,炙甘草15g
磁石,防风,羌活,黄芪,木通,白芍药,桂心#30g,人参15g
苍术15g,荆芥30g,防风30g,雄黄15g,花椒9g,樟脑3g,蛇床子15g,土马钱子肉15g
羌活,防风,姜黄,白术,海桐皮,当归,白芍药#30g,炙甘草22．5g
蔓荆子,地肤子,人参,茺蔚子,决明子,白茯苓,远志,防风#30g,青葙子,地骨皮,柴胡,,山药,车前子,柏子仁,玄参,甘菊,甘草#15g,细辛7．5g
厚朴,白术,天麻,舶上硫黄#15g,全蝎,防风,人参,官桂#7．5g
薏苡仁,虎骨#240g,天麻,防风,附子,羌活,桂心#120g,乳香60g
防风4．5g,茺蔚子3g,人参3g,茯苓3g,黑参6g,桔梗3g,车前子6g,柏子仁6g
藁本,蒺藜子,人参,白花蛇#22．5g,枳壳,防风,威灵仙#15g,防己7．5g
枸橘1个,川楝,秦艽,陈皮,赤芍,甘草,防风,泽泻#4．5g
荆芥45g,防风45g,米仁150g,通草120g,川芎24g,茯苓90g,陈皮45g,香附45g,紫苏45g
荆芥穗,防风,甘菊,旋复花,川芎,枳壳,炙甘草#30g,石膏60g,黄芩15g
防风,荆芥,升麻,甘菊,木通,黄芩,羌活,甘草,蔓荆子
荆芥,防风,薄荷,连翘,枳壳,桔梗,木通,淡竹叶,甘草
茯神60g,人参,麦冬,龙齿,防风,云母粉#45g,犀角黄芩,薏苡仁#60g
茯神,甘菊花,蔓荆子,白蒺藜,地骨皮#30g,石膏60g,防风,炙甘草,枳壳#22．5g
赤茯苓,桑白皮,防风,官桂,川芎,麻黄,芍药,当归,甘草#等分
防风,羌活,柴胡,甘草,当归,黄芩,生地,川芎,天花粉#等分
茺蔚子,防风#60g,黑参,细辛,大黄,枳壳,知母,芒硝#30g,芍药45g
防风,胆星,半夏,陈皮,赤苓,黄芩,枳壳,甘草,生姜
细辛,防风,川乌,薄荷,草乌,川芎,白芷,苍术#30g,雄黄12g
独活,天冬,防风,蒺藜子,桔梗#37．5g,薏苡仁,黄连#30g,桂15g,枳实45g
独活22．58,萆薢30g,防风30g,细辛30g,人参30g,炮干姜30g,天雄30g,丹参30g,牛膝30g
川芎,独活,防风,藁本,旋覆花,蔓荆子,细辛#30g,石膏,炙甘草#15g
独活,川芎#90g,天雄30g,防风30g,花椒54g,莽草10叶,细辛,桂心#30g,苦李根皮90g
山豆根,僵蚕,蚤休#30g,连翘,玄参,防风,射干#21g,白芷15g,冰片1g
没药,马钱子#30g,防风15g,乳香22．5g,血竭15g,乌头45g,荆芥穗15g,青陈皮30g,五灵脂75g
川芎3g,当归9g,独活,防风,肉桂,荆芥#1.5g,茯苓3g,地黄6g,大枣2枚
苍术45g,麻黄30g,甘草30g,防风30g,石膏30g,干葛30g,川芎30g,香白芷15g,瓜蒌根15g
檀香,人参,羌活,防风#300g,薄荷,荆芥穗,甘草#600g,石膏1．2kg,细辛150g
秦艽6g,人参4．5g,防风4．5g,当归9g,熟地9g,白芍4．5g,川芎3g,黄芪9g,炙甘草4．5g
升麻,干葛,炙甘草,芍药,人参#15g,秦艽,白芷,防风,桂枝#9g
桂枝12g,芍药9g,甘草6g,麻黄6g,生姜15g,白术15g,知母12g,防风12g,附子6g
干葛,防风,赤芍,细辛,羌活,桔梗,甘草,肉桂,白芷#9g
羌活,防风,中桂#3g,苏木4．5g,连翘,归尾,柴胡#6g,麝香少许,水蛭9g
连翘9g,牛蒡子,羌活,防风,柴胡#6g,荆芥,薄荷,甘草#3g,生姜3片
苍术45g,松香60g,大枫子150g,五倍子75g,苦参,黄柏,防风#45g,白鲜皮15g,鹤虱60g
紫背浮萍,苍耳草,苍术#60g,苦参90g,黄芩,僵蚕,钩藤,豨莶草,防风#45g
车前子4．5g,防风3g,桔梗3g,玄参3g,五味子15g,知母6g,黄芩3g,细茶7．5g,茺蔚子3g
木香3g,防风,黄芪,炙甘草#0.3g,人参,白茯苓,当归,熟地黄#60g,罂粟壳15g
羌活,独活,苍术,防风,升麻,葛根#1．8g,白芷,甘草,花椒#0．6g
陈皮,甘草,厚朴#30g,羌活,防风,肉豆蔻,白茯苓#7．5g,川芎15g,吴茱萸3g
石菖蒲,远志#30g,白茯苓,人参#45g,防风,羚羊角屑#22．5g,铁粉,朱砂#30g,金箔50片
菖蒲,远志,木通,白茯苓,人参,石决明,当归,防风,肉桂#30g
菟丝子,萆薢#15g,补骨脂,防风,硫黄#7．5g,续断,巴戟天#30g,细辛2．5g,花椒60g
菟丝子,肉苁蓉#90g,五味子,续断,远志,山茱萸,泽泻#45g,防风60g,巴戟天30g
菊花,茯神,防风,玄参,升麻,石膏,川芎,葛根#30g,大黄45g
菊花30g,蜜蒙花,生甘草,栀子仁,川芎,大黄#15g,蒺藜子,防风,当归#30g
黄芪,杜蒺藜,川楝子,茴香,川乌,赤小豆,地龙,防风#30g,乌药60g
黄芪,柴胡,丹皮,牛膝,丹参,黄芩,荆芥,防风,山栀#6g
防风,威灵仙,枸杞子,石决明,蕤仁,苍术,蚌粉,谷精草#30g,菊花60g
当归15g,黄芪15g,人参30g,川芎15g,厚朴30g,防风15g,白芷15g,桔梗15g,甘草15g
川芎,防风,羌活,甘草,木贼,石膏,薄荷,菊花,石决明#等分
连翘,黄芩,防风,荆芥,射干#3g,银花4．5g,薄荷2．4g,黄连,甘草#1．5g
麻黄22.5g,乌梢蛇60g,白术22．5g,茵芋22．5g,防风22．5g,蛜？7．5g,桂心22．5g,附子30g,当归22．5g
防风,黄芩,天花粉,厚朴,石膏,枳壳,黄连,陈皮,甘草
苍耳草叶60g,当归,天麻#30g,苦参180g,薄荷叶,荆芥#60g,防风,黄连,蝉蜕#30g
羚羊角屑15g,防风15g,羌活15g,牛黄7．5g,朱砂15g,天麻15g,白附子15g,蝎梢7．5g,麝香7．5g
羚羊角0．6g,防风6g,知母,玄参,茯苓,酒黄芩,车前子,夏枯草#9g,五味子3g
羚羊角屑30g,防风15g,枳壳22．5g,半夏15g,茯神30g,白芷15g,甘草15g,附子22．5g,川芎22．5g
羚羊角屑22．5g,薏苡仁60g,桂心22．5g,牛膝22．5g,防风22．5g,附子30g,炙甘草15g,黄芪30g,生地黄30g
羚羊角屑15g,防风,赤芍药,木通,玄参,芒硝#30g,枳壳15g,炙甘草15g,栀子仁15g
羚羊角屑30g,白术22．5g,防风22．5g,黄芪22．5g,玄参22．5g,泽泻22．5g,赤茯苓22．5g,赤芍药22．5g,炙甘草7．5g
羚羊角屑30g,沙参22．5g,防风22．5g,木通22．5g,旋覆花15g,泽泻22．5g,前胡22．5g,菖蒲15g,牵牛子45g
独活,川芎,芍药,桂心,续断,生姜,桑寄生#1．8g,当归,防风#2．4g
闹羊花根皮45g,五加皮,归身#60g,威灵仙30g,防风,荆芥,玄参,天花粉#45g,甘草30g
黄牛胆6g,羌活,独活,防风,天麻,人参,荆芥穗,川芎,细辛#3g
鹅梨10个,薄荷500g,皂荚10挺,防风,白蒺藜,天麻#60g,威灵仙30g,炙甘草30g
犀角,羚羊角,大黄,人参,茯苓,知母,黄芩#30g,桔梗,防风#60g
犀角37．5g,川升麻30g,防风,羌活#90g,白芷,黄芩,川芎,白附子#15g,炙甘草7．5g
当归,生地,川芎,赤芍,荆芥,防风,甘草,红花,苏木
羌活,防风,当归,川芎,白芍,桂枝,黄芪,天麻,秦艽#9g
升麻,羌活,苍术#3g,防风2．4g,柴胡,甘草2．1g,当归,藁本#1．5g,陈皮0．9g
槟榔,陈皮,白茯苓,防风,人参,麦冬,紫苏茎叶,炙甘草,诃黎勒#30g
酸枣仁30g,羚羊角屑30g,丹参30g,防风30g,汉防己30g,甘菊花30g,麻黄30g,羌活30g,石膏60g
蔓荆子30g,酸枣仁30g,防风30g,百合60g,枳实30g,桂心30g,薏苡仁75g,木通45g,牵牛子90g
天麻,直僵蚕,南星#6g,麝香少许,赤蜈蚣1条,禹白附,防风,朱砂,全蝎#3g
朱砂,龙齿,牛黄#3g,铁粉,琥珀,人参,茯苓,防风#6g,全蝎7个
羌活45g,防风45g,苍术45g,半夏45g,白芷45g,陈皮45g,柴胡24g,升麻24g,甘草15g
防风,南星,枳实,茯苓,羌活#3g,白术,半夏#4．5g,炙甘草1.5g,陈皮4．5g,生姜5片
荆芥,防风,白芷#9g,白鲜皮15g,炒牛蒡子9g,苦参12g,蝉蜕,地肤子#9g,茯苓6g,甘草9g
荆芥,防风,茯苓,独活,桔梗,川芎,甘草,枳实,生姜,柴胡
葛根3～4．5g,牛蒡子9g,桔梗4．5g,荆芥4．5g,枳壳3g,白杏仁9g,生甘草1．2g,土贝9g,防风4.5g,浮萍草6g
荆芥,防风,赤芍药,生地黄,甘草,金银花,木通,桔梗,地骨皮,连翘
赤茯苓,防风,当归,白前,干姜,炙甘草#6g,独活9g,远志,附子,人参#3g
川芎,防风,羌活#30g,甘草15g,木贼,石膏,石决明,荆芥,薄荷叶,甘菊花#30g
北细辛,川乌,草乌,防风,白芷,川芎,薄荷,苍术#3g,南星,雄黄#1．5g
独活,苍耳子#60g,羌活,五味子,菟丝子,山茱萸,防风,白花蛇肉,黄芪#30g,白蒺藜60g
独活9g,生姜18g,生地黄15g,芍药12g,防风9g,桂心9g,栝楼9g,甘草6g,麻黄6g,干葛9g
独活,防风,苍术,黄柏,当归,秦艽,防己,萆薢,赤芍,川牛膝
独活90g,炮附子,薏苡仁,苍耳,防风,蔓荆实,川芎,细辛,秦艽,菖蒲#60g
荆芥,天花粉,防风,赤芍,陈皮#3.6g,甘草节2．4g,川贝母,金银花,白芷,当归尾#6g
盐霜白梅,天南星,大黄,苍耳根#30g,白及,白蔹,防风,川乌#15g,草乌,雄黄#9g
前胡,决明子,防风,车前子#30g,甘菊花,黄连#15g,细辛,苦参#90g,枳壳,升麻#60g
当归6g,白芍4．5g,熟地4．5g,秦艽4．5g,防风,独活#3．6g,羌活3g,桂枝2．4g,陈皮2．1g,松节12g
当归15g,川芎4．5g,熟地15g,川断9g,丹皮6g,秦艽3g,防风3g,生黄芪6g,白芍4．5g,桑寄生6g
当归6g,白芍,肉桂#3g,蜜炙黄芪4．5g,熟地6～9g,秦艽,防风,木瓜,阿胶#3g,白术4．5g
防风15g,禹白附15g,枯矾15g,天麻15g,净全蝎7．5g,木香7．5g,南星4.5g,半夏90g,猪牙皂15g,僵蚕15g
防风,当归,川芎#4．5g,荆芥,红花,生地,桃仁,青皮,香附,天麻#4．2g
乌梢蛇头,蛇黄,白僵蚕,防风,天麻#30g,五灵脂15g,代赭石15g,全蝎3g,麝香0.3g,朱砂3g
川芎,防风,升麻,细辛,茯苓,白芷,香附子,荜茇,甘松#等分,石膏3倍于上药
防风3g,荆芥1．5g,薄荷2g,僵蚕1,5g,天麻3g,白芷3g,麻黄3g,茯苓3g,当归身3g,甘草1．5g
苦参,何首乌,荆芥穗,蔓荆子,薄荷#30g,白芷,天麻,川芎,防风,乌梢蛇#15g
细辛,苍术#30g,防风,知母,茺蔚子#45g,桔梗60g,大黄,黄芩,栀子仁,朴硝#15g
当归,防风,栀子,薄荷,川芎#60g,大黄90g,甘草,羌活#51g,木贼,玄明粉#15g
荆芥,防风,连翘,桔梗,牛蒡,射干,玄参,山豆根,竹叶,甘草
菟丝子75g,肉苁蓉60g,川萆薢,补骨脂,胡芦巴,沙苑蒺藜,川牛膝,川杜仲,防风,甘枸杞子#60g
蝉蜕,当归,柴胡,荆芥#75g,苦参90g,防风90g,全蝎120g,川芎45g,独活48g,羌活60g
赤芍4.5g,生地6g,荆芥,白芷,银花,羌活,独活,连翘,甘草,防风#3g
荆芥12g,白芷,防风,细辛,全蝎,升麻,川芎#6g,胆矾0.6g,芒硝,青黛#2．4g
川芎,白芷,谷精草,藜芦,防风,薄荷,牙皂,蔓荆子,细辛,蒲黄#等分
萎蕤,甘草,荆芥,防风,桔梗,枳壳,柴胡,薄荷,黄芩,连翘
黄连,川大黄,苦参,防风,枳壳,川升麻,牛蒡子,木通,秦艽,黄芩#30g
黄芪5kg,乌药7．5kg,地龙1．2kg,赤小豆5kg,杜蒺藜2．5kg,防风5kg,川乌头1．2kg,川楝子5kg,陈皮5kg,茴香5kg
生黄芪12g,荆芥穗,云茯苓,当归身#6g,金银花9g,防风,香白芷,连翘#3g,甘草2．4g
黄芪,茯神,甘草,天南星,白扁豆,防风,禹白附,肉桂,山药,白芍药#等分
人参30g,玄参27．5g,防风30g,沙参17．5g,天雄30g,山药27．5g,丹参27．5g,苦参30g,秦艽27．5g,山茱萸17．5g
干菊花,白僵蚕#30g,荆芥穗,羌活,木通,川芎,防风#15g,木香6g,甘草,石菖蒲#9g
前胡,防风,荆芥,连翘,牛蒡子,山豆根,玄参,山栀,桔梗,甘草
生地30g,银花15g,土茯苓30g,荆芥9g,防风9g,红花9g,赤芍9g,三棱9g,莪术9g,刺蒺藜30g
羚羊角屑,犀角屑,生地黄,白术,防风,人参,炙甘草,山栀子仁,荆芥穗,升麻#等分
羚羊角屑22．5g,蔓荆子22．5g,防风30g,栀子仁22．5g,赤芍药30g,葳蕤30g,甘菊花22．5g,麻仁30g,麦冬45g,川朴硝30g,
炙甘草,黄芩#6g,防风4．5g,生姜15g,人参,川芎,芍药,麻黄,木防己#3g,大附子6g
琥珀45g,人参45g,独活45g,黄芪90g,防风45g,羚羊角45g,赤芍45g,川芎24g,麦冬90g,炙甘草45g
花椒,制苍术,白术,白茯苓,黑牵牛,川乌,枸杞子,巴戟,防风,羌活#等分
防风,石决明,威灵仙,蕤仁,蛤粉,,枸杞子,苍术,甘草,菊花#30g
葛根6g,石膏15g,花粉9g,石斛9g,连翘4．5g,薄荷3g,防风3g,桔梗3g,淡竹叶20张,白茅根15g
防风1．8g,荆芥1．8g,蕤仁2．4g,白蒺藜3g,菊花3g,蝉蜕1．8g,甘草1．2g,谷精草1．8g,赤芍2．4g,车前子3g
荆芥9g,防风6g,菊花9g,僵蚕9g,白芷6g,当归9g,川芎6g,赤芍9g,乌药9g,陈皮6g
丹参30g,旱莲草20g,防风10g,荆芥10g,黄芩10g,车前子15g,地肤子10g,麻黄6g,苦参10g,甘草4g
茯苓3g,枯梗3g,茺蔚子6g,黄芩3g,防风6g,川芎3g,知母3g,黑参3g,当归身6g,人参3g
槐角子30g,枳壳,当归尾,黄芩,黄柏,侧柏叶,黄连,荆芥穗,防风,地榆#15g
大黄3g,黄连9g,黄芩9g,黄柏6g,栀子9g,赤芍6g,枳壳3g,连翘3g,防风9g,甘草3g
白芍,黄芩,生地,陈皮,柴胡#3g,甘草,防风,桂枝,紫苏#2．4g,当归4．5g
龙胆草,防风,青黛,钩藤,浮黄连,牛黄,甘草,朱砂#15g,薄荷叶7．5g,麝香1．5g
蕤仁90g,芍药,防风#22．5g,茺蔚子,青葙子,黄芩,黄连,石决明#30g,枳壳,肉桂#30g
防风,天麻,人参,天竺黄#6g,白附子3g,僵蚕10条,全蝎10个,朱砂,牛黄,麝香#少许
防风,荆芥,金银花,皂角刺,蛇床子,贯众,芫花,白鲜皮,鹤虱草,苦参#1．5g
薏苡仁,牛膝#60g,海桐皮,五加皮,独活,防风,杜仲#30g,白术15g,枳壳30g,生地黄75g
沙苑蒺藜,防风,羌活,甘草,石决明,草决明,蝉蜕,蛇蜕,川芎#15g,菊花9g
龙胆草,汉防己,大黄,荆芥穗,赤芍药,当归,炙甘草,防风#30g,山栀子仁15g,川芎15g
藁本4．5g,苍耳子6g,白蒺藜9g,秦艽4．5g,川芎3g,蝉蜕3g,羌活4．5g,防风4.5g,石菖蒲3g,香白芷3g
牙皂120g,食盐30g,桔梗60g,天南星25枚,大半夏35粒,甘草30g,芒硝120g,防风120g,白矾120g,熟大梅100个
胡芦巴,益智仁,大茴,蓬术,牵牛子,山萸肉,酒牛膝,川断,川芎,防风,甘草
人参,当归,白术#9g,生地,天麻#6g,麦冬3g,黄芩2．4g,荆芥,防风#0.9g,陈皮,甘草#1．2g
荆芥4．5g,防风4．5g,桔梗4．5g,赤芍4．5g,牛蒡子6g,金银花6g,浙贝母6g,连翘6g,薄荷3g,生甘草2．4g,青果1个
茯神30g,远志22．5g,防风22．5g,细辛22．5g,白术22．5g,前胡22．5g,人参30g,熟地黄30g,桂心,22．5g,甘菊花22．5g,枳壳15g
茯神,防风,当归,天雄,麻黄,甘草,川芎,独活,远志,丹参,挂心,酸枣仁#30g
茯神,羌活,蔓荆子,防风,薏苡仁,黄芪,五味子,麦冬,石菖蒲,黄芩#3g,甘草1．5g
羌活,防风,甘草,白茯苓#1．5g,木香0．3g,人参,陈皮,乌药#9g,白术30g,南星15g,附子27g
香附6g,白芷1．8g,当归4．5g,川芎2．4g,防风3g,桑叶3g,菊花6g,蝉蜕3g,蔓荆子4．5g,桔梗3g,黑芝麻9g
全蝎14个,麻黄,花蛇肉,乌梢蛇肉,直僵蚕#7．5g,白附子,人参,天麻,防风#3g,乳香1．5g,麝香0．3g
白僵蚕60g,山药15g,白茯苓30g,紫苏叶30g,藿香30g,百部15g,黄芩30g,防风30g,杏仁30g,百合15g,五味子30g
羌活,独活,青皮,防风,黄连,赤芍,细辛,甘草节,蝉蜕,僵蚕,禹白附#1．5g
蝉蜕1．2g,青皮2．1g,泽兰叶1．5g,防风2．4g,黄连3g,细辛2．4g,何首乌3g,羌活3g,僵蚕3g,藕节3g,紫河车2．1g
多年陈小粉120g,干姜30g,官桂30g,五倍子30g,白芷30g,龟版60g,当归30g,防风30g,白及60g,乌药30g,乳香30g
独活,防风,黄芩,零陵香,川芎,细辛,当归#15g,沉香,鸡舌香,升麻,炙甘草#30g
防风,羌活,独活,干姜,细辛#7．5g,草豆蔻,肉豆蔻,川芎#15g,官桂,吴茱萸,干木瓜#30g
当归,川芎,芍药,生地#4．5g,桃仁9个,红花3g,苏木24g,连翘,黄连,防风,甘草#1．8g
当归,生地黄,秦艽,肉桂,牛膝,杜仲,茯苓,防风#3g,土茯苓4．5g,川芎1．5g,甘草0．9g
防风,天麻,白僵蚕,禹白附#30g,全蝎,木香#15g,朱砂,猪牙皂荚30g,白矾15g,半夏,南星90g
白术150g,当归150g,杜仲90g,牛膝90g,防风90g,苍术60g,川芎60g,羌活60g,红花30g,桂枝30g,威灵仙30g
蕤仁,升麻#1g,连翘,防风,青皮#1．2g,甘草,柴胡#1．5g,当归身1．8g,荆芥穗3g,生地黄4．5g,黄连9g
防风,细辛,桔梗,茺蔚子,黄芩,大黄,五味子,薄荷,石膏,黄柏,草决明
羌活3．6g,秦艽,黄芪#3g,防风2．1g,升麻,炙甘草,麻黄,柴胡#1．5g,藁本1．5g,细辛少许,红花少许
桂枝,枳壳,陈皮,红花,香附,生地,归尾,胡索,防风,赤芍,独活#等分
连翘,升麻,芒硝#30g,玄参,芍药,白蔹,防风,射干#60g,大黄36g,炙甘草15g,杏仁80个
当归尾6g,穿山甲,金银花,皂角刺,陈皮#7．5g,防风,贝母,白芷#4．5g,乳香1．5g,没药3g,甘草1．5g
防己30g,羌活,柴胡,滑石,炙甘草,瓜蒌根#15g,泽泻,防风#9g,苦参,川乌#3g,肉桂7．5g
苍术9g,陈皮6g,茯苓9g,泽泻9g,荆芥9g,防风9g,羌活9g,木香3g,乌药9g,生姜3片,大枣5枚
石膏,甘菊花,防风,荆芥穗,川羌活,羚羊角,川芎,大豆黄卷,当归,白芷#30g,炙甘草15g
荆芥3g,当归15g,防风3g,苦参3g,白芷2．4g,川芎1．5g,甘菊4．5g,蒺藜9g,浮萍3g,大胡麻9g,蔓荆子15g
柴胡,乌药,秦艽,甘草,酒蒸大黄#3g,白芍30g,茯苓9g,当归9g,天麻,防风#1g,天花粉6g
升麻,柴胡,防风,麦芽#6g,苍术,陈皮,猪苓,泽泻,半夏#3．6g,术通,羌活#2．4g
甘菊花,黄芩,玄参#30g,决明子45g,升麻30g,蕤仁45g,车前子,防风,黄连,萎蕤#60g,大黄90g
甘菊花30g,旋覆花22g,生地黄15g,羚羊角屑30g,海桐皮,秦艽,白附子,防风#15g,蔓荆子22g,决明子,川芎#15g
菊花,川芎,荆芥穗,羌活,甘草,白芷#60g,细辛30g,防风45g,蝉蜕,僵蚕,薄荷#15g
黄芪15g,熟地黄30g,川芎15g,肉桂15g,人参22．5g,防风7．5g,当归15g,白茯苓,细辛,芍药,甘草#7．5g
黄芪6g,防风3g,党参15g,茯苓6g,白术3g,鹿角霜4．5g,独活3g,牛膝6g,甘草1．5g,大枣2枚,生姜3片
商陆180g,牛蒡子,防风,金银花,荆芥,当归尾,连翘,赤芍药,红花,苍术,甘草#15g
防风,天花粉,贝母,黄柏,白茯苓,玄参,白芷,蔓荆子,天麻,半夏#1．5g,生甘草0．75g
当归,川芎,枸杞子#6g,茯苓9g,木贼,菊花,密蒙花#4．5g,石决明,知母,黄柏#7．5g,防风3g
升麻,白芷,黄芩,牛蒡子,连翘,石膏,防风,当归,荆芥,白蒺藜#3g,甘草1．5g
当归,川芎,熟地黄,枳壳,香附#3g,白附子,防风#1．5g,陈皮3g,良姜1．5g,荆芥2．1g,甘草0．9g
羚羊角60g,菊花90g,防风,羌活,前胡,藁本,玄参,黄芩,杏仁,菖蒲,甘草#30g
羚羊角屑30g,赤茯苓22．5g,川芎22．5g,当归22．5g,酸枣仁22．5g,肉桂45g,细辛15g,防风22．5g,羌活30g,茵芋30g,丹参30g
羚羊角屑30g,枳壳30g,独活30g,防风30g,黄芩30g,细辛30g,赤芍药30g,炙甘草30g,人参30g,麻黄30g,石膏90g
全蝎,蝉蜕,牛胆星,防风,天麻,白附子#6g,羌活,薄荷,细辛,人参#3g,皂荚4．5g
麻黄,人参,黄芩,川芎,芍药,炙甘草,防风,杏仁,官桂,防己,附子#等分
牵牛子250g,枳壳,青陈皮,肉桂,川芎,郁李仁,白芷,羌活,防风#60g,大黄,麻仁#180g
龙胆草,柴胡,木通,甘草节,当归,金银花,皂刺,赤芍,防风,黄连,茱萸#等分
天麻,白附子,当归,川乌头,宣木瓜,防风#15g,全蝎7个,乳香,没药,花椒,肉桂#7．5g
犀角,黄芩,黄连,地榆,枳壳,槐米,当归,防风#等分,生地黄,乌梅肉,木耳#加倍
枳壳15g,防风,羌活,独活,槟榔,白芷,威灵仙,蒺藜,麻仁,杏仁,炙甘草#30g
荆芥,防风,苏叶,柴胡,陈皮,甘草,苍术,厚朴,木通,木香,车前
荆芥穗200g,薄荷60g,防风lOOg,柴胡lOOg,紫苏叶60g,葛根lOOg,桔梗60g,苦杏仁80g,白芷60g,苦地丁200g,芦根160g
川乌15g,川芎,甘菊花,白芷,防风,细辛,天麻,羌活,荆芥,薄荷,炙甘草#30g
皂角刺,薏苡仁,防风,天花粉,木瓜,白鲜皮,荆芥,金银花,川芎,木通#3g,土茯苓75g
槟榔30g,黑牵牛子180g,麦芽,防风,何首乌,苦参,大黄#60g,陈皮90g,木香30g,羌活30g,皂荚10梃
蔓荆子22．5g,防风15g,枳壳22．5g,山茱萸15g,麻黄22．5g,旋复花,甘菊花,川芎,莽草#22．5g,炙甘草15g,羚羊角屑22．5g
五倍子,花椒,防风,侧柏叶,枳壳,葱白,苍术#9g,瓦松,马齿苋,甘草#15g,皮硝30g
槐角120g,当归,川乌,玄参#60g,麻黄,茯苓,防风,薄荷,甘草#30g,猪牙皂荚15g,冰片1．5g
熟地黄30g,人参22．5g,茯神22．5g,龙齿30g,羌活22．5g,桂心15g,黄芪30g,白薇30g,远志22．5g,防风15g,甘草15g
天浆子7枚,蝉蜕14枚,牛黄3g,青黛3g,地龙3条,蟾酥3g,朱砂15g,防风15g,蚕纸1张,麝香3g,乌梢蛇15g
麝香,乳香,青黛#15g,防风,朱砂,龙胆#9g,甘草120g,冰片,腻粉#0．9g,天南星,墨#1．5g
紫背干浮萍草120g,麻黄60g,防风,天麻#30g,没药,朱砂#60g,安息香,乳香,麝香#30g,血竭90g,槐胶45g
防风,羌活,苍术#3g,木瓜,当归,威灵仙,乌药,生地#6g,白芍,秦艽,川芎#2．4g
陈皮2．4g,甘草,当归#1．5g,桔梗,茯苓#1．8g,羌活1．5g,薄桂0．6g,前胡2．1g,防风0．6g,贝母2．1g,苍术1．5g
桑白皮,玄参,升麻,杏仁,旋覆花,赤芍药,菊花,葶苈,防风,黄芩,枳壳,炙甘草#30g
枳壳45g,防风30g,人参45g,羌活45g,羚羊角45g,升麻60g,甘菊花30g,葛根30g,薏苡仁30g,桂30g,黄连60g,熟地黄60g
柴胡,甘草,人参,桔梗,川芎,茯苓,枳壳,前胡,羌活,独活,荆芥穗,防风#1．2g
龙骨9g,干姜4．5g,细辛4．5g,白术3g,茯神9g,人参,远志,甘草,桂心,独活#6g,酸枣仁9g,防风6g
茯神,羌活,木通,防风,细辛,蔓荆实,生地黄,白术,当归,芍药,陈皮,川芎#30g
陈皮6g,半夏3g,枳实0．9g,黄芩0．9g,防己3g,防风3g,全蝎2．1g,南星o．6g,甘草1．5g,白茯苓2．4g,蝉蜕2．4g,天麻1．2g
归尾,赤芍#45g,川芎,羌活#21g,黄芪,防风,大黄,黄连#9g,薄荷,连翘,白蒺藜,菊花#30g
炙甘草6g,羌活,防风,独活,大黄,泽泻,肉桂#9g,当归梢,连翘#15g,酒汉防己,酒黄柏#30g,桃仁30个
独活,桑寄生,防风,秦艽,威灵仙,牛膝,茯苓#3g,桂心1．5g,细辛,甘草#1g,当归,金毛狗脊#6g
独活30g,白僵蚕22．5g,干蝎15g,炮附子30g,防风22．5g,川芎30g,当归22．5g,麻黄30g,桂心30g,赤芍药22．5g,天麻30g,细辛22．5g
独活30g,桂心30g,川芎30g,麻黄30g,防风30g,白术30g,赤芍药30g,细辛30g,炮附子30g,枳壳15g,杏仁30g,炙甘草15g
独活,防风,羚羊角屑,酸枣仁,茯神#30g,细辛,甘菊花,蔓荆子,决明子,前胡,桑根白皮#22．5g,炙甘草15g
麻黄,防风,独活#30g,桂心,羚羊角屑,升麻,甘草,酸枣仁,秦艽#15g,川芎,当归,杏仁#20g
独活,桑寄生,防风,秦艽,威灵仙,牛膝,茯苓#3g,桂心1．5g,细辛,炙草#1g,当归,金毛狗脊#6g
麻黄,升麻,炮栀子,白术#30g,细辛,干姜,防己,防风,桂心,乌头,花椒,桔梗#18g
黄连9g,菊花9g,金银花9g,当归尾9g,防风9g,红花6g,荆芥穗6g,明矾6g,蕤仁6g,蝉蜕6g,花椒1．5g,冰片0．6g
前胡,蔓荆实,川芎,麻黄,甘菊花,防风,羌活,白茯苓,石膏,炙甘草#90g,枳壳120g,黄芩45g
生地3g,丹皮2．4g,当归身3g,草决明2．4g,白芍3g,防风1．8g,荆芥1．8g,青葙子2．4g,川芎2．4g,菊花3g,茯苓3g,车前子2．4g
大黄,黄芩,地骨皮,山栀子仁#15g,柴胡,玄参,赤芍药,荆芥,薄荷,防风,甘草,桑白皮#7．5g
连翘,滑石,车前,枳壳,黄芩,川连,木通,粉甘草,陈皮,白茯苓,荆芥,防风
广陈皮,连翘,防风,知母,元明粉,黄芩,玄参,黄连,荆芥穗,大黄,桔梗,生地#等分
当归,川芎,赤芍,生地,赤茯苓,苍术,猪苓,泽泻,木通,防风,羌活#等分,甘草减半
香油250g,荆芥,防风,花椒#30g,槐枝60g,杏仁15g,硼砂15g,乳香,没药,儿茶#6g,黄丹3g,血竭6g
真西珀30g,上桂心15g,朱砂15g,香白芷30g,防风30g,当归30g,广木香15g,丁香15g,木通30g,马钱子30g,嫩松香15g,纬丹330g
柴胡,川升麻,黄芩,黄连,栀子仁,车前子,决明子,防风,羚羊角屑,芒硝,甘草,玄参#30g
川芎,当归,白芍,生地黄,柴胡,黄芩,山栀,天花粉,防风,牛蒡子,连翅,甘草节#3g
荆芥穗,甘草,川芎,羌活,白僵蚕,防风,茯苓,蝉蜕,藿香叶,人参#6g,厚朴,陈皮#15g
杏仁9g,桑白皮12g,连翘9g,蝉蜕6g,赤小豆31g,公英12g,紫花地丁12g,甘草6g,浮萍9g,防风6g,赤芍9g,白术6g
生地120g,黄芩45g,金银花,枳壳,秦艽#30g,防风,大黄,当归,苍术,地龙,槐花,赤芍#60g
川芎,当归,白芍,生地,防风,黄芩,黄连,天花粉,蝉蜕,苦参,威灵仙#9g,甘草1．5g
土茯苓45g,防风,木通,薏苡仁,防己,茯苓,金银花,木瓜,白鲜皮,皂角刺#15g,白芥子12g,当归身21g
海桐皮,铁线透骨草,乳香,没药#6g,当归4．5g,花椒6g,川芎,红花#3g,威灵仙,白芷,甘草,防风#2．4g
乌喙,莽草,石南,细辛,皂荚,续断,泽兰,白术,辛夷,防风#60g,柏叶500g,松叶1kg,猪脂2kg
琥珀30g,防风,玄参,当参,当归,蔓荆子,牛蒡子,草决明#45g,甘草,苍术,大黄,菊花#36g
桃仁30g,红花30g,熟地30g,独活30g,防风30g,防己30g,粉丹皮45g,川芎45g,金归45g,羌活60g,生地60g,白鲜皮60g
人参,黄芪,当归,羌活,防风,白术,陈皮#2．5g,柴胡,地黄#3g,甘草,细辛#1g,川芎2．1g
羌活,独活,防风,葛根,升麻#9g,川芎3g,苍术,炙草#9g,黄芪12g,白芷3g,黄连2g,黄柏3g
柴胡3g,石菖蒲,知母,黄柏,白芷#2．1g,防风,羌活#1．8g,乌药2．1g,枳壳,甘草#1．5g,干生姜1g,全蝎3枚
防风,羌活,藁本,升麻,干葛,川芎,苍术,白术#3g,麻黄,花椒,细辛,甘草#0．9g
防风,羌活,陈皮,人参,甘草#1．5g,藁本,青皮#0．9g,白豆蔻,黄柏#0．6g,升麻,柴胡,黄芪#3g
苍术4．5g,羌活,茯苓,泽泻,白术,陈皮#3g,甘草1．2g,桂枝,威灵仙,桔梗,防风,赤芍#1．5g
萆薢,牛膝#30g,丹参,赤芍药#22．5g,当归30g,防风,杜仲,酸枣仁,桂心#22．5g,石斛,附子#30g,虎胫骨45g
菊花125g,蝉蜕31g,麦冬18g,花粉9g,木香3g,明雄黄3g,香附9g,白蒺藜15g,防风6g,杏仁9g,桔梗9g,甘草3g
黄芪,乌药,茴香,地龙,花椒,防风,川楝子,赤小豆,白蒺藜,海桐皮,威灵仙,陈皮#等分
黄芪45g,附子,菖蒲#30g,磁石90g,木通,白茯苓,五味子,熟地黄,防风,玄参,人参#37．5g,杜仲30g
黄芪45g,白茯苓,熟地黄,肉桂,天冬,麻黄根,龙骨#30g,五味子,小麦,防风,当归,炙甘草#15g
防风,黄连#3g,桑白皮,赤茯苓,瞿麦,车前子,栀子#10g,大黄,黄芩#6g,细辛,桔梗#3g,连翘10g
黄连,升麻,黄芩,黄柏,生栀子,银花,防风,牛蒡子,当归,大黄,赤芍,甘草#120g
大黄9g,丹皮15g,甘草,防风,天麻,天南星#3g,玄参30g,柴胡9g,黄芩,苏叶,荆芥#6g,当归9g
防风,木贼草,秦皮,荆芥,羌活,白蒺藜,蝉蜕,僵蚕,玄参,牡丹皮,枳壳#3g,草决明6g
菊花,楮实,夏枯草#30g,苍术,木贼,防风,赤芍药,石决明,草决明#60g,当归9g,黑豆100g,生地黄90g
黄芪,防风,荆芥,苦参,蝉蜕,蒺藜,僵蚕,当归,生地,赤芍,川芎,何首乌#1．5g
山茶花60g,黄芩60g,胡麻仁60g,山栀子60g,连翘30g,薄荷90g,荆芥30g,芍药30g,防风30g,葛花60g,苦参60g,甘草60g
羚羊角9g,生地15g,冬桑叶9g,薄荷6g,丹皮9g,白芍9g,桔梗6g,连翘9g,金银花9g,玄参9g,竹叶3g,防风9g
荆芥,防风,赤芍,黑参,陈皮,蝉蜕,苍术,白鲜皮#3g,连翘,生大黄#4．5g,厚朴,甘草#1．5g
南星,瓜蒌仁,贝母,陈皮,苍术,官桂,防风,荆芥,黄芩,黄连,半夏,甘草#等分
羚羊角,川芎,细辛,木香,防风,麻黄,独活,羌活,当归,附子,肉桂,天麻#30g
羚羊角屑,防风,地骨皮,麦冬,茯神#30g,黄芩,枳壳,蕤仁,芒硝#15g,炙甘草22．5g,升麻22．5g,石膏60g
羚羊角,独活,酸枣仁,五加皮#15g,薏苡仁,防风,当归,川芎,茯神,杏仁#30g,木香,炙甘草#15g
防风9g,山甲片6g,川乌头9g,独活12g,秦艽12g,威灵仙12g,明党参9g,麻黄9g,桂枝12g,皂刺9g,木瓜9g,甘草6g
土荆皮250g,蛇床子125g,大风子仁125g,百部125g,防风50g,当归100g,风仙透骨草125g,侧柏叶100g,吴茱萸50g,花椒125g,蝉蜕75g,斑蝥3g
陈皮,苍术,羌活,独活,秦艽,当归,牛膝,木瓜,桂枝,防风,米仁,续断
生虎骨72g,防风27g,红花18g,木瓜27g,老鹳草9g,怀牛膝18g,骨碎补27g,青风藤27g,海风藤27g,功劳叶18g,当归27g,麻黄9g
当归,生地黄,牡丹皮,栀子仁#30g,软石膏60g,黄连,知母,葛粉,防风#21g,升麻,白芷#15g,生甘草节12g
犀角屑22．5g,防风30g,羚羊角屑,薏苡仁#22．5g,枳壳30g,黄芩22．5g,酸枣仁,桂心,羌活,炙甘草#22．5g,川升麻,槟榔#30g
淡豆豉9g,羌活6g,防风4．5g,桔梗4．58,前胡3g,黄芩3g,苏叶2．4g,川芎2．4g,细辛1．5g,甘草1．5g,生姜6g,葱白2茎
赤芍药,黄连,防风#1．5g,铜绿,川花椒,归尾#3g,轻粉0．3g,羌活,五倍子#o．9g,荆芥1．8g,胆矾,明矾#0．09g
蒺藜子45g,黄芪,独活,白芷,防风,山药#22．5g,枳实,人参,黄连#30g,葳蕤,地骨白皮#15g,桂心7．5g
牛蒡子,桔梗,当归,甘草梢,赤芍,连翘,玄参,地骨皮,防风,天花粉,木通#3g,大黄6g
蔓荆子,防风,独活,黑参,栀子,车前子,黄芩,甘菊花,炙甘草,秦皮,地肤子#30g,细辛45g
九制豨莶草50g,黄芪15g,天南星10g,禹白附10g,川附片10g,川芎5g,红花5g,细辛2．5g,防风10g,牛膝10g,僵蚕5g,苏木10g
蛇蜕30g,蝉蜕60g,羌活,当归,石决明,川芎#90g,防风,茯苓炙甘草#120g,芍药400g,蒺藜250g,苍术360g
人参,白术,茯苓,甘草,黄芪,当归,防风,荆芥,陈皮,升麻,柴胡,石菖蒲
蝎梢,白僵蚕,天南星,半夏,明天麻,川独活,白花蛇,川芎,南青皮,紫苏叶,木香,防风#15g
南星,防风,枳实,天麻,半夏,桔梗#72g,熟大黄,生大黄,礞石#30g,巴豆霜6g,朱砂,雄黄#12g
人参,白茯苓,附子,禹白附,白术,天南星,白芷,防风,天麻,半夏,蝉蜕#30g,全蝎15g
山药45g,远志15g,柏子仁30g,沉香30g,茯神30g,熟地黄45g,川芎30g,菖蒲15g,人参30g,丹参30g,甘草15g,防风30g
山药,防风,山茱萸,枳壳,人参,枸杞子,茯神,川芎,覆盆子#30g,甘菊花22．5g,细辛15g,甘草15g
薄荷叶,藿香叶,荆芥穗,甘松,白芷,防风,川芎,桔梗,白僵蚕,炙甘草,藁本#30g,细辛15g
牛黄,芦荟,熊胆#3g,生蟾酥10个,朱砂2g,冰片,麝香#0．5g,雄黄15g,全蝎15g,白矾,防风,荆芥穗#30g
枳壳60s,羌活,牡荆实,人参#45g,防风,芍药,白茯苓,白芷#60g,细辛,当归,甘草#30g,牡丹皮75g,川芎90g
荆芥,防风,牛蒡子,金银花,陈皮,花粉,黄芩,蒲公英,连翘,皂刺#3g,柴胡,香附子,甘草#1．5g
防风9g,柴胡,僵蚕,法夏,桔梗,前胡,独活#6g,荆芥,羌活,银花#4．5g,枳壳,粉草#3g,生姜3片
荆芥4．5g,防风6g,羌活3g,独活2．4g,前胡4．5g,柴胡3g,桔梗3g,玄参6g,茯苓3g,川芎3g,白芷6g,草节1．5g,皂刺4．5g
荆芥,连翘,防风,当归,川芎,白芍,柴胡,枳壳,黄芩,山栀,白芷,桔梗#等分,甘草减半
蔓荆子,甘菊花,通草,防风,羚羊角,犀角,石菖蒲#2．4g,细辛,白芷,川芎,藁本#18g,白术1．2g,黑豆135g
肉苁蓉42g,覆盆子,蛇床子,川芎,当归,菟丝子#36g,白芍药30g,牡蛎,乌贼鱼骨#24g,五味子,防风#18g,黄芩15g,艾叶9g
白鲜皮15g,赤芍9g,赤苓9g,炒僵蚕9g,银花15g,连翘15g,蛇床子9g,生地9g,丹皮6g,防风6g,白芷4g,生甘草3g,黄芪15g
川独活,川羌活,川芎,射干,淫羊藿,防风,甘草,井泉石,苍术#15g,丹参,白术,石决明,草决明#22.5g
川芎,枳壳,乌药,白芷,陈皮#2．1g,桔梗,栀子,花粉#3g,防风,黄芩#2.4g,牛蒡子,玄参#3．6g,甘草1．5g
防风4.5g,银花4．5g,草节1．5g,桔梗3g,射干4．5g,苦参6g,蚤休30g,羚羊角6g,犀角3g,虎骨4．58,羌活3g,白芷7．5g,黄芩4．5g
独活,人参,白茯苓,吴茱萸,炙甘草,炮干姜,陈皮,黄芪,肉桂,芍药,川芎,防风#30g,当归60g
胆矾,连翘,防风,荆芥,红花#9g,铜绿,明矾,皮消,当归尾,甘菊花,赤芍药#15g,杏仁,桃仁#40粒
淮牛膝,明天麻#3g,防风2.4g,红花1．2g,生赤首乌,制赤首乌,生黄芪,熟黄芪,制杜仲,丹参#4．5g,独支当归12g,法制半夏9g,桂枝1．5g
防风,荆芥,羌活,黄连,黄芩,秦艽,枳壳#4.5g,当归,皂荚仁,桃仁,泽泻,红花#3g,大黄6g
细辛0．5g,jiu黄芩芩6g,白芷3．6g,防风2.4g,柴胡梢2．4g,川芎3g,荆芥2．1g,羌活2．18,甘草1．5g,蔓荆子0．9g,天麻2．1g,石膏4．5g,菊花2．1g
陈皮,半夏,茯苓,甘草,白芷,川芎,荆子#3g,羌活,防风,桂枝#2．4g,北细辛0．9g,苏叶1．2g,生姜1．5g
木通,炙甘草,当归,白芷,防风,细辛,栀子仁,黄连,黄芩#7．5g,垂柳枝60g,铅丹180g,蜡15g,清油500g
穿山甲,甘草,防风,没药,赤芍药#3g,白芷1．8g,当归梢,乳香,贝母,天花粉,角刺#3g,金银花,陈皮#9g
五味子,黄连,黄芩,车前子,栀子,石膏,连翘,龙胆草,玄参,防风,黄柏,地骨皮,茺蔚子
防风,苍术,白术,赤茯苓,陈皮,厚朴,猪苓,山栀,木通,泽泻,滑石#3g,甘草,薄桂#1g
白术4．5g,苍术3g,白茯苓3g,白芍3g,当归2．4g,厚朴1．8g,陈皮2．4g,猪苓,泽泻#2．1g,柴胡,升麻#1．5g,防风1．8g,炙甘草1．2g
当归,川芎#9g,肥皂荚7个,防风,生地,白鲜皮,赤芍,金银花,牛膝,人参,防己,威灵仙#6g,土茯苓120g
防风,荆芥,川芎,当归,连翘,白鲜皮,白牵牛#3g,牛膝2．1g,皂角刺9g,生甘草1．5g,金银花3g,细辛9g,土茯苓120g
荆芥穗,白僵蚕,甘草,防风#30g,天麻,川乌头,白附子,蝎梢,羌活,细辛,川芎,藿香#15g,薄荷90g
地龙,防风,白胶香,没药,马钱子,草乌头,白芷,五灵脂,当归#30g,细墨9g,麝香,乳香,升麻#6g
土茯苓60g,当归,生地,防风,木通,薏仁#2．4g,金银花,黄连,连翘#3g,白术,白鲜皮#2．1g,皂刺1．8g,甘草1．2g
当归,生地,防风,蝉蜕,知母,苦参,胡麻,荆芥,苍术,牛蒡子,石膏#3g,甘草,木通#1．5g
当归9g,威灵仙6g,防风9g,蝉蜕9g,川芎9g,黄连6g,花粉6g,苦参9g,白芍6g,生地21g,黄芩21g,石膏12g,甘草6g
当归,川芎,赤芍#1．8g,车前子3g,青木香1．5g,赤茯苓,猪苓,泽泻,大腹皮,葶苈,防风,木通,槟榔#3g
菊花30g,黄连,槐子#45g,车前子,茺蔚子,青葙子,地肤子,决明子,菥萁子,苦参,防风,黄芩,蕤仁#30g
黄芪,防风,细辛,独活,川芎,牛膝#45g,附子,花椒,炙甘草#30g,川乌,山茱萸,秦艽,葛根#21g
旋覆花30g,防风,吴白芷,甘菊花,天麻,天南星,禹白附,半夏,陈皮,川芎,蝎梢,僵蚕,石膏#30g
连翘1kg,黄芩1kg,生栀子1kg,薄荷1kg,防风1kg,玄参1kg,天花粉1kg,射干1kg,荆芥穗1kg,牛蒡子1kg,桔梗2kg,熟大黄250g,甘草1．5kg
羚羊角屑30g,生地黄22．5g,羌活30g,防风30g,附子30g,桂心22．5g,黄芪15g,麻黄30g,当归15g,酸枣仁15g,牛膝15g,川芎15g,萆薢22．5g
羚羊角屑22．5g,知母22．5g,黄芪22．5g,天花粉22．5g,麦冬22．5g,茯神22．5g,地骨皮22．5g,人参22．5g,防风22．5g,炙甘草15g,石膏45g,酸枣仁22．5g,黄芩15g
紫草15g,升麻30g,贯众6g,赤芍30g,紫荆皮15g,当归60g,防风15g,白芷60g,草红花15g,羌活15g,芥穗15g,儿茶15g,神曲15g
荆芥12g,防风9g,川芎6g,白芷4g,桔梗9g,枳壳9g,黄连6g,黄芩6g,栀子9g,连翘9g,当归9g,薄荷3g,甘草6g
川芎4．5g,当归,熟地,人参#6g,黄芪,茯神,天麻#3g,炙草,陈皮,荆芥穗,防风,羌活#1．2g,黄连2．4g
荆芥9g,防风9g,牛蒡子9g,白蒺藜9g,蝉蜕4．5g,生地15g,丹参,赤芍,炒山栀,黄芩,银花,连翘#9g,生甘草6g
石决明,僵蚕,穿山甲,防风,连翘,羌活,乳香,甘草,金银花,黄连,当归尾#3g,大黄9g,天花粉
葛根3g,连翘,牛蒡子,荆芥,防风,当归,生地,蝉蜕#2．4g,黄芩,枳壳,木通#1．8g,西河柳1．5g,犀角0．9g
磁石60g,阳起石,白石英30g,菟丝子30g,熟地黄30g,石斛30g,五味子22．5g,天花粉22．5g,防风22．5g,巴戟30g,桂心,22．5g,人参30g,蛇床子22．5g
白芷,当归身,柴胡#0．6g,桂枝,升麻,防风,藁本,黄芪#0．9g,羌活1．5g,草豆蔻皮3g,麻黄4．5g,蝎梢少许,羊胫骨灰7．5g
生黄芪60g,白术,枣仁,熟地,当归,白芍,柏子仁,麻黄根#30g,五味子,防风,龙骨#15g,牡蛎粉45g,赤石脂36g
牛黄3g,麝香3g,蝎梢3g,乳香3g,没药3g,蜈蚣1条,花蛇肉3g,天南星7．5g,草乌7．5g,天麻7．5g,防风7．5g,雄黄1．5g,朱砂24g
栀子仁15g,秦皮,蔓荆子,白芷,细辛,玄参,决明子,菥？（草头下面冥）子,防风,车前子,赤茯苓,枳壳,蕤仁,甘菊花#22．5g
杜仲60g,全蝎,木瓜,五加皮,防风,当归,萆薢,天麻,薏苡仁,续断,白术,羌活,牛膝,生地黄#等分
栀子,薄荷,防风,当归,甘草,连翘,大黄,黄芩,苍术,羌活,菊花,木贼,赤芍药,麻黄#等分
羌活,独活,青皮,防风,黄连,赤芍药,细辛,甘草节,蝉蜕,僵蚕,脚莲,草河车,泽兰,金银花
独活45g,续断,杜仲,桂心,防风#30g,川芎45g,牛膝,细辛,秦艽,赤茯苓,海桐皮,当归,赤芍药#30g,熟地黄60g
麻黄,人参,黄芩,芍药,川芎,炙甘草#30g,防己15g,杏仁,肉桂#30g,防风45g,炮附子90g,白花蛇肉,独活,干蝎#9g
川芎,当归尾,赤芍药,防风,生地黄,白蒺藜,木贼,蝉蜕,羌活,薄荷,苏木,菊花,红花#15g,甘草9g
甘草节,赤芍,白芷,天花粉,贝母,乳香#3g,防风2．1g,归尾,皂角刺,陈皮#4．5g,金银花9g,没药1．5g,大黄1．5g,穿山甲3片
升麻,葛根#2．4g,防风,荆芥#1．5g,桔梗,薄荷,甘草#o．6g,牛蒡,连翘,前胡,杏仁,枳壳,木通,竹叶#2．4g
苦参120g,薄荷90g,白芷90g,防风60g,芥穗120g,连翘120g,白鲜皮150g,鹤虱草90g,大黄90g,苍术90g,威灵仙120g,大枫子300g,五倍子150g,香油10kg
当归3g,川芎2．48,陈皮3g,,半夏3g,苍术,片术#3g,白茯苓3g,乌药3g,黄芩3g,白芷2．7g,防风2．4g,羌活3g,甘草1．5g
厚朴,苍术,羌活,防风,陈皮,枳实,香附,牛蒡子#3g,槟榔,白芷#2．4g,藿香,川芎#1．5g,细辛1．2g,甘草0．9g
羌活3g,荆芥,牛蒡子,防风,葛根,柴胡,赤芍,独活,白芷,前胡,川芎#2．4g,升麻,甘草#1．8g,薄荷2．1g
苍术,白术,地骨皮,白鲜皮,白附子,五加皮,僵蚕,秦艽,连翘,白芷,羌活#3g,防风3g,退9g,甘草3g
莽草308,羌活22．5g,羚羊角屑22．5g,景天22．5g,白蒺藜22．5g,茺蔚子22．5g,凌霄花22．5g,鬼箭羽22．5g,丹参22．5g,防风22．5g,细辛22．5g,枳壳22．5g
柴胡9g,赤芍9g,丹皮9g,桑叶9g,防风6g,银花15g,连翘12g,苦参4g,白鲜皮9g,生甘草6g,土茯苓12g,苍术6g,黄芪9g,当归6g
干姜3g,五味子6g,白茯苓9g,防风15g,白芍药18g,柴胡21g,人参,炙甘草,当归身,白术,升麻,葛根#30g,黄芪,羌活#45g
乳香,没药,大黄,黄柏,黄连,南星,半夏,防风,皂角刺,马钱子,瓜蒌,甘草节,草乌,阿胶,
桔梗,甘草,柴胡,黄连,栀子,黄芩,防风,川芎,薄荷,葛根,黄柏,枳壳,天花粉,枇杷叶
荆芥,蔓荆子,菊花,白芷,麻黄,桃仁,红花,防风,川芎#1．5g,当归,草决明,石决明,白芍药,甘草#3g
菖蒲30g,炙杜仲22．5g,熟地黄30g,白茯苓,人参,丹参,防风,柏子仁,百部,远志,五味子#22．5g,山药,麦冬#30g,桂心,22．5g
甘菊花15g,杜仲120g,当归60g,石斛60g,黄芪30g,肉苁蓉,桂心,防风,附子,萆薢,独活,白茯苓,山茱萸#60g,钟乳粉120g
黄连,羌活,黄柏,黄芩#3．6g,防己,生地,防风,归尾,知母,独活,陈皮,黄芪,人参,苏木#3g
黄连,升麻,葛根,柴胡,赤芍,川芎,当归尾,连翘,桔梗,黄芩,羌活,防风,金银花,甘草节#3g
当归3g,白芍3g,生地黄3g,川芎1．8g,槐花3g,槐角2．4g,黄连2．4g,枳壳2．1g,黄芩2．1g,苍术2．4g,防风1．8g,升麻1．2g,荆芥穗2．4g,生甘草1．2g
生地4．5g,赤芍3．6g,白芷3g,川芎2．4g,荆芥2．1g,大黄4．5g,薄荷2．1g,羌活2．1g,防风,连翘#2．4g,甘草2．4g,黄芩3g,山栀3g,独活2．4g
羚羊角30g,白菊花60g,川芎30g,车前30g,防风18g,羌活15g,薄荷15g,赤芍30g,大黄15g,芒硝15g,血竭6g,没药9g,丹皮9g,红花15g
黄芪9g,防风6g,钩藤9g,细辛9g,甘草6g,蝉蜕6g,霹蜂房6g,石菖蒲9g,桂心6g,远志6g,人参6g,杏仁7．5g,半夏9g,天南星9g
琥珀30g,茯神30g,远志,菖蒲,黄芪,羚羊角屑,防风,麦冬,川芎,独活,人参,桑寄生,赤芍药#15g,甘草7．5g
天雄,附子,大川芎#l对,淮乌120g,人参,白附子,乳香,没药#15g,当归30g,山栀子360g,防风,血竭#15g,朱砂12g,全蝎15g
当归,秦艽#60g,川芎,白芍药,生地黄,苍术,羌活,黄芩,猪苓,泽泻,防风,茵陈,苦参,虎骨#30g
当归30g,白术60g,熟地黄36g,川芎21g,白芍30g,茅山苍术60g,羌活21g,防风21g,牛膝30g,独活21g,桑寄生18g,木瓜21g,防己21g,肉桂12g
防风,连翘,桔梗,当归,甘草,栀子,川芎,葛根,白芷,青黛,细辛#300g,大青叶,麻黄#600g,大黄30g
白蒺藜22．5g,羚羊角屑22．5g,黄芩15g,细辛,人参,苦参,蛇床子,秦艽,防风,麻黄,当归,炙甘草#15g,莽草22．5g,枳壳15g
防风9g,大黄9g,元明粉9g,荆芥穗12g,麻黄3g,赤芍15g,焦栀子15g,连翘30g,粉草15g,苦桔梗9g,黄芩15g,白术12g,苦参15g,苍耳子15g
宣木瓜60g,川乌,黄芪,蒺藜,当归,防风,萆薢,牛膝,天台乌药#30g,赤小豆,茴香,地龙,老白胶,川五灵脂#22．5g
踯躅花,脑荷,羌活,川芎,细辛,防风,荆芥,蔓荆子,白芷#3g,风化消,石膏,青黛,黄连#9g,鹅不食草90g
酸枣仁22．5g,防风15g,牛膝22．5g,羌活15g,当归,川芎,桂心,木香#22．5g,海桐皮7．5g,杜仲,附子,萆薢,续断#22．5g,炙甘草7．5g
白蒺藜,甘草,木贼,防风,山栀,草决明,青葙子,蝉蜕,川芎,荆芥,蔓荆子,密蒙花,菊花,草龙胆#等分
黄芩,柴胡,当归,香附,花粉#2．4g,木通,薄荷,枳壳#1．2g,贝母,菖蒲,甘草#1．8g,防风,桔梗#2．1g,黄连1．2g
山药,远志,熟地黄,天冬,茯神,龙齿,地骨皮,防风,茯苓,麦冬,人参,桂#1．8g,五味子,车前子#1．5g
薏苡仁30g,当归,川芎,干姜,炙甘草,官桂,川乌,防风,茵芋,人参,羌活,白术,麻黄,独活#15g
藁本7．5g,羚羊角,防风#30g,川芎,菊花,细辛,白术,人参,柴胡,白蒺藜,山栀子仁,白茯苓#15g,,炙甘草,黄芩#7．5g
柏子仁,肉桂,人参,白术,干姜,甘草,防风,山药,陈皮,川芎,芍药,黄芪,磁石,乌头,白茯苓#45g
栀子,石膏,草决明,防风,荆芥,木贼,蒺藜,蝉蜕,羌活,黄芩,蔓荆子,谷精草,菊花,甘草,密蒙花#等分
蛇蜕,草决明,川芎,荆芥穗,蒺藜,谷精草,菊花,防风,羌活,密蒙花,甘草,蔓荆子,木贼草,山栀子,黄芩#等分
白茯苓30g,人参30g,白芍药45g,甘草30g,羚羊角屑30g,防风30g,黄芪30g,桂心15g,川芎30g,麦冬30g,地骨皮22．5g,磁石45g,当归30g,牛膝30g,五味子30g
槐荚子,人参,桑白皮,苍术,川芎,何首乌,蔓荆子,威灵仙,防风#60g,五味子,苦参,香附#30g,白芷60g,麝香6g,冰片6g
当归,川芎,人参,牡丹皮,桃仁,大黄,黄芩,姜黄,三棱,莪术,桔梗,枳壳,半夏,防风,羌活#等分
独活9g,桑寄生,杜仲,牛膝,细辛,秦艽,茯苓,桂心,防风,川芎,人参,甘草,当归,芍药,生地黄#6g
炮附子1枚,当归,天麻,牛膝,酸枣仁,熟地黄,防风#60g,木瓜120g,乳香15g,麝香7．5g,全蝎,木香,没药,羌活,炙甘草#30g
生地,薄荷,荆芥,防风,羌活,山栀,黄连,黄芩,北柴胡,石膏,甘草,川芎,菊花,龙胆草,淡竹叶#等分
前胡,犀角屑,菊花,羌活,防风,细辛,甘草,栀子仁,麦冬,生地黄,蔓荆实,青葙子,决明子,车前子#30g,黄芪45g
羌活2．4g,防风,白芷,穿山甲,沉香,红花,连翘,石决明#1．8g,银花,皂角刺,归尾,甘草节,花粉#3g,乳香1．5g,大黄6g
乳香,没药,大黄,黄柏,黄连,南星,半夏,防风,羌活,皂刺,马钱子,瓜蒌根阿胶,甘草节,草乌#等分
白花蛇头1个,乌梢蛇尾2个,川乌头尖3个,附子4个,天南星,半夏,禹白附,细辛,防风,天麻,全蝎,白僵蚕,草乌头#15g,冰片,麝香#0．3g
归尾,川芎,赤芍,生地黄,升麻,干葛,黄芩#3g,黄连,黄柏,连翘,防风#2．5g,羌活,金银花,甘草#1．5g,蝉蜕2个
羌活,白术,防风,独活#2．4g,升麻1．2g,苍术,猪苓,柴胡,茯苓#3g,泽泻,干葛,甘草,人参,黄柏,神曲#1．8g
血余,马钱子,银花#60g,红花15g,生大黄90g,当归30g,羌活15g,防风15g,黄柏,黄芩#30g,独活120g,甘草90g,赤芍药60g,皂荚针90g,鲜菊叶120g
黄连1．5g,玄参4．5g,当归尾4．5g,赤芍3g,丹皮4．5g,贝母6g,荆芥2g,防风3g,桑叶3g,蝉蜕3g,前胡3g,菊花6g,竹叶10张,灯心100cm,芝麻9g
黄芪,甘草,当归身,升麻,葛根,漏芦,连翘,防风,瓜蒌仁,黍粘子,皂角刺,白芷,川芎,肉桂,炒柏#3g
防风,远志#15g,当归60g,黄芪,白芷,甘草,桔梗,通草#15g,厚朴30g,人参,桂心,附子#15g,赤小豆50g,川芎45g,茯苓15g
自然铜,荆芥,防风,五加皮,皂荚,茜草,川续断,羌活,独活#90g,乳香,没药,桂枝,红花,赤芍,活地鳖虫#60g
蔓荆子1．5g,荆芥穗1．5g,薄荷1．5g,熟石膏3g,白芷1.8g,生地3g,半夏1．5g,当归2.lg,甘草0．9g,藁本2．4g,旋覆花1．5g,明天麻2.4g,川芎15g,防风1．8g,细辛O．9g
石决明,草决明,生地黄,白芍,荆芥,密蒙花,木贼草,干菊花,川黄连,防风,羌活,白芷,生甘草,当归身,川芎
川芎,当归,白芍,生地,山栀,黄连,连翘,龙胆草#3g,银柴胡,泽泻,木通#1．8g,滑石6g,芦荟1.5g,甘草0．9g,防风2．4g
防风,川芎,当归,黄芩,白芍,天花粉,金银花,甘草#1.5g,连翘,红花,柴胡,苍术,陈皮,黄芪,皂角刺#3g
苍术,白术,防风,芥穗,胡麻子,白蒺藜,苦参减半,当归,白芍,羌活,薄荷,白芷,川芎,石菖蒲,甘草#等分
防风1.5g,白芍1．8g,柴胡1．8g,蝉蜕2．4g,谷精草2．4g,甘草0．9g,牛蒡子1．8g,金银花1．8g,车前子2．4g,桔梗1．5g,广陈皮1．5g,山药2．4g,密蒙花1．8g,青葙子1．8g,黄连0．9g
续断,杜仲,肉桂,防风,牛膝,细辛,白茯苓,人参,当归,白芍药#60g,独活,川芎,秦艽,生地黄,炙甘草#90g
续断,肉桂,防风,大黄,牡丹皮,川芎,牛膝,细辛,秦艽,赤茯苓,海桐皮,当归,赤芍药#30g,杜仲,熟地黄#60g
牡丹皮,赤芍药#45g,川芎,当归,牛膝#15g,肉桂,防风,木通,蓬莪术,香白芷,大黄,陈皮,桔梗,前胡,京三棱#30g
干木瓜,萆薢,五灵脂,牛膝,天麻,续断,白僵蚕,松节,白芍药,乌药,威灵仙,黄芪,川当归,防风,虎骨#30g
木瓜45g,桑寄生75g,玉竹240g,续断30g,川牛膝90g,当归45g,川芎60g,红花45g,独活30g,羌活30g,防风60g,白术90g,蚕砂60g,红曲180g,甘草30g
当归,白芍,苍术,白茯苓,黄柏,椿根皮#30g,白术60g,半夏24g,川芎21g,香附米18g,防风,升麻,青皮#15g,木香,大甘草#12g
陈皮2．4g,白茯苓,白术#3g,半夏,白芍,jiu黄芩,酒黄柏,牛膝#2．1s,木瓜2．1g,当归3g,川芎1．5g,羌活1．8g,知母1．8g,桂枝0．9g,防风1.5g
苏梗15g,防风,干葛,枳壳,前胡,桔梗,桑白皮,杏仁,半夏,茯苓#9g,陈皮,川贝,羌活,黄芩#6g,甘草3g
当归,川芎,白芍药,熟地黄,羌活,独活,红花,牛膝,防风,白芷,家葛,升麻,甘草,柴胡,桃仁
草决明子,蕤仁,羌活,瞿麦#90g,细辛,牡蛎,黄连,杜蒺藜,防风,肉桂,甘菊花#150g,白茯苓120g,斑鸠1只,羯羊肝1具,蔓荆子1500g
羌活,防风,天麻,肉桂,川芎,南星,陈皮,白芷,当归,人参,甘草,酸枣仁,羚羊角,石菖蒲,远志,
蝉蜕,谷精草,白蒺藜,菊花,防风,草决明,密蒙花,羌活,黄芩,蔓荆子,山栀子,甘草,川芎,木贼草,荆芥穗#等分
蕤仁,地肤子,石决明,人参,细辛,地骨皮,白茯苓,白术#60g,赭石90g,石胆15g,空青,防风#45g,熟地黄22．5g,鲤鱼胆5枚,青羊胆1枚
紫石英,朱砂,白石英,龙齿,人参,细辛,赤箭,天冬,干熟地黄,白茯苓,犀角屑,沙参,菖蒲,防风#30g,远志15g
细辛,石膏,故纸,熟地黄,地骨皮#48g,龙骨60g,防风,旱莲草,青盐,当归,猪牙皂#30g,花椒,白芷#18g,没石子1对,香附18g
牙皂105g,细辛105g,白芷,薄荷,广藿香,广木香#60g,枯矾458,苏合香,活贯众,制半夏,防风,桔梗,广皮#60g,腰黄朱砂#75g
薏苡仁,皂角刺,木瓜,白芷,当归,尾,生地黄,川牛膝,白芍药,黄柏,防风#30g,大皂荚,花椒,红花#15g,甘草节,羌活#21g,金银花60g
茯神45g,山药,人参#60g,赤茯苓,防风,防己#45g,花椒30g,山茱萸45g,甘菊花,肉桂,细辛,川芎,贯众,白术#37．5g,干姜30g,甘草45g
威灵仙150g,草乌头210g,骨碎补75g,地龙,天南星#90g,自然铜45g,苍耳,淫羊藿,附子,防风#120g,羌活,蔓荆子,泽泻,藁本,萆薢,独活#30g
钟乳粉,续断,熟地黄,石韦#30g,杜仲112．5g,天雄15g,山茱萸,蛇床子#30g,远志,,防风,山药,石斛,赤石脂#37.5g,甘草,牛膝#30g
大黄,龙胆草,赤芍药,川芎,白芷,牛蒡子,防风,防己,黄芩,当归,甘草,栀子,生地黄,细辛,羌活,荆芥#等分
苍术250g,全蝎,石斛,明天麻,当归,甘草,川芎,羌活,荆芥,防风,麻黄,北细辛,川乌,草乌,何首乌#30g,明雄黄18g
独活,细辛,炮附子,甘菊花,麻黄,白芷,五味子,紫菀茸,赤茯苓,肉桂,白术,川芎,桑白皮,杏仁,防风#3g,炙甘草1．5g
防风,赤芍,归尾,天花粉,金银花,贝母,川芎,皂角刺,桔梗#3g,僵蚕,厚朴,五灵脂,陈皮,甘草,乳香,白芷#1．5g
白蒺藜,苍术#30g,蝉蜕,蛇蜕,菜花蛇蜕,川芎,杏仁,防风,羌活,白芷#15g,细辛,独活#12g,生白附子,石膏,荆芥穗,真蚌粉#9g
防风,荆芥穗,苍术,麻黄,细辛,天麻,白芷,川芎,当归,半夏,茯苓,僵蚕,川乌,草乌,洛阳花,白花蛇#等分
羌活30g,防风,苍术,黄芪#3g,升麻2．1g,炙甘草,独活,柴胡#1．5g,川芎,黄柏,陈皮,藁本#1g,泽泻,猪苓,茯苓#1g,黄连0．3g
南星,半夏,枳实,桔梗,柴胡,连翘,黄连,赤芍,防风,独活,禹白附,苏子,莪术,蔓荆子,木通,甘草
苦桔梗,川黄连,枳实,前胡,连翘,陈皮,防风,制半夏,柴胡,南星,禹白附,牛蒡子,玄参,赤芍,莪术,甘草#等分
土茯苓？,当归,白芷,甘草,皂角刺,薏苡仁,白鲜皮,木瓜,金银花,木通,连翘,防风,黄柏,川芎,生地,芍药#等分
大黄,川芎,菊花,牛蒡子,细辛,防风,山栀,白蒺藜,黄芩,炙甘草,玄参,蔓荆子,荆芥,木贼#30g,苍术60g,草决明45g
防风,桔梗,麻黄,甘草#30g,当归,川芎,滑石#30g,白芍,煅石膏,白术,芒硝,连翘,黄芩,黑栀,薄荷,荆芥#7．5g
青皮3g,陈皮2．4g,枳壳2．4g,桔梗2．1g,南星3g,半夏3g,乌药2．4g,天麻3g,川芎2．4g,白芷2.1g,防风2．4g,荆芥2．1g,羌活3g,独活3g,白芍药2．1g,甘草1．8g
川萆薢6g,苦参,防风,何首乌#15g,威灵仙,当归,白芷,苍术,胡麻,石菖蒲,黄柏#1.8g,羌活,花椒#1．2g,龟版4.5g,红花1g,甘草1．5g
黄芪,防风,官桂,石斛,虎骨,天麻,萆薢,白芍药,当归,云母粉,白术,茵陈叶,木香,淫羊藿,甘草,川续断#30g
羌活2．25kg,黄芩3kg,连翘2．25kg,花粉3kg,桔梗2．25kg,玄参3kg,白芷1．5kg,葛根3kg,川芎1．5kg,大青叶3kg,柴胡1．5kg,牛蒡子3kg,赤芍1．5kg,淡竹叶3kg,防风1．5kg,甘草750g
荆芥,防风,柴胡,黄芩,升麻,葛根,当归,川芎,木通,生白芍,生地,木贼,蜜蒙,甘草,甘菊,黑小豆
生甘草,桔梗,归尾,花粉,山栀,甘葛,玄参,荆芥,川芎,连翘,人参,枳壳,茯苓,陈皮,防风,黄连
当归3．6g,白芍4．5g,生地,苍术,牛膝,陈皮,桃仁,威灵仙#3g,川芎,汉防己,羌活,防风,白芷,龙胆草#1．8g,茯苓2．1g,甘草1．2g
天花粉6g,防风,防己,皂荚针,白鲜皮,连翘,川芎,木瓜,米仁#3g,甘草1．5g,当归,金银花,蝉蜕,海风藤#3g,土茯苓60g,牛膝
蕤仁,决明子,秦皮,车前子,甘菊花,黄连,防风,蓝实,槐子#45g,柴胡,人参,白茯苓,山药,川芎,大黄#30g,炙甘草45g
穿山甲,甘草,红花,羌活,当归,银花,天花粉#3g,赤芍,荆芥,防风,生地,木通,枳壳,川芎,乌药,槐米末#6g,牛胶15g
荆芥,粉草,连翘,川芎,羌活,独活,五加皮#2．1g,角刺,穿山甲,归尾,防风,苍术,酒防己,地骨皮#3g,白鲜皮,金银花#3．9g,土茯苓30g
滑石60g,石膏60g,黄芩60g,桔梗60g,甘草60g,薄荷30g,荆芥30g,防风30g,川芎30g,当归30g,麻黄30g,连翘30g,白芍30g,大黄30g,芒硝30g,白术15g,黑山栀15g
厚朴,枳壳,茴香子,肉豆蔻,肉桂,白术#30g,丁香,荜澄茄,诃黎勒皮,没药,细辛,当归#15g,赤石脂,独活,天麻,防风#22．5g,川芎15g
防己45g,大黄75g,犀角,诃黎勒皮,牵牛子,赤茯苓,葶苈,海蛤,川芎,生地黄,木通,大戟,桑白皮,陈皮,防风,郁李仁,木香#30g
归尾,川芎,赤芍,黄连,黄芩,黄柏,栀子,连翘,薄荷,防风,荆芥,独活,前胡,菊花,木通,车前子,甘草
虎胫骨30g,川萆薢60g,香附60g,天麻60g,防己60g,桑寄生60g,黄柏60g,木瓜75g,白茯苓45g,五味皮45g,川牛膝75g,防风60g,当归60g,独活60g,钗石斛45g,苍术45g,秦艽30g
羯羊肝1具,熟地60g,菟丝子,蕤仁,麦冬#30g,车前子,地肤子,五味子,防风,黄芩,茯苓#30g,杏仁,枸杞子,茺蔚子,苦葶苈,青葙子#30g,细辛12g
白芍2．1g,黄芩4．5g,鲜生地6g,桔梗3g,荆芥1.5g,防风1．8g,栀子1．5g,僵蚕1．2g,黄柏2．1g,黄连1g,甘草1g,归尾1．5g,花粉1．8g,银花1．5g,山豆根1．5g,升麻1g,薄荷1g
桑寄生30g,白芍药1g,独活22．5g,熟地黄30g,杜仲30g,牛膝30g,附子30g,细辛15g,秦艽1g,白茯苓30g,羚羊角屑1g,防风1g,川芎lg,人参1g,当归1g,桂心30g,甘草30g
黄连250g,大黄7．68kg,连翘2kg,薄荷,防风#1kg,旋覆花500g,黄芩,荆芥穗,栀子,桔梗#2kg,生石膏,黄柏#1kg,蔓荆子,白芷#2kg,甘草,川芎#1kg,菊花4kg
当归,川芎,白芍药,生地黄,远志,陈皮,麦冬,石菖蒲,乌药,枳实,天南星,白茯苓,黄连,防风,羌活,半夏,甘草#等分
黄连,黄芩,黄柏,山栀子,连翘,薄荷,石膏,泽泻,赤芍药,大黄,枳壳,丹皮,玄参,桔梗,防风,赤茯苓,荆芥#等分
陈皮,青皮,黄连,木香#0．9g,人参,炙甘草,白芷,防风,黄柏,泽泻#1．5g,黄芪,苍术,升麻,知母,柴胡,羌活#3g,当归4．5g
蔓荆子,防风,羌活#22．5g,川芎15g,羚羊角屑22．5g,细辛15g,枳壳15g,甘菊花15g,前胡22．5g,白芷15g,藁本15g,石膏60g,赤茯苓22．5g,旋复花15g,麻黄22．5g,荆芥22．5g,炙甘草15g
赤茯苓,防风,细辛,白术,附子,桂#15g,紫菀,栝蒌根#22．5g,泽泻15g,山茱萸,生地黄#7．5g,芍药,牛膝#22．5g,山药7．5g,黄芪90g,甘草22．58,半夏,独活#7．5g
禹白附,羌活,防风,荆芥,麻黄,薄荷,全蝎,南星,黄芩,连翘,黄连,桔梗,甘草,乌头,芍药,白术,当归,川芎
半夏,牛胆星,天花粉,桔梗,白芷,金银花,昆布,海藻,夏枯草,瓜蒌仁,陈皮,甘草,防风,川芎,当归,羌活,海粉,贝母
防风3g,荆芥3g,细辛2．4g,黄芩6g,乌药6g,天麻6g,当归9g,白芍6g,川芎4．5g,白术4．5g,白茯苓9g,陈皮4．5g,半夏6g,枳壳3g,白芷2．4g,桔梗2．4g,僵蚕98,甘草2．4g
川乌,防风,川芎,白僵蚕,荆芥,石膏,甘草#30g,禹白附,羌活,全蝎,白芷,天南星,天麻,地龙#15g,乳香,草乌,没药,雄黄#7．5g
独活30g,人参30g,炮附子75g,薏苡仁30g,桂心60g,防风30g,赤芍药22．5g,当归22．5g,赤茯苓22．5g,山茱萸22．5g,汉防己15g,炙甘草15g,狗脊22．5g,熟地黄30g,牛膝30g,川芎22．5g,石斛30g,枳壳15g
天竺黄,陈皮,半夏,茯苓,甘草,胆南星,蝉蜕,僵蚕,麻黄,杏仁,天麻,葛根,远志,麦冬,羌活,防风,枳壳,竹沥
荆芥,防风,川芎,羌活,柴胡,白芷,甘草,蔓荆子,当归,白芍,天冬,甘菊,香附,黄芪,陈皮,苍耳子,黄连,茶叶
当归,麻黄,羌活,白术#15g,荆芥75g,白芍,黄芩,僵蚕,川芎#30g,人参9g,蒺藜,胡麻,防风#60g,没药,乳香#7．5g,麝香1．2g,苦参皮180g,大枫子肉120g
黄芪,花椒,白术,牛膝,葛根#90g,防风120g,川芎,甘草,细辛,山茱萸,附子,秦艽,干姜,当归,乌头,人参#60g,独活,肉桂#22．5g
羌活,藁本,防风#60g,肉桂,白术,当归,黄芪,柴胡#90g,人参,熟地,川芎#30g,细辛18g
川羌活,真川芎,防风,赤芍,黄连,青葙子,白茯苓,九制大黄,柴胡#1．2g,生地3g,全当归,草决明,车前子,苍术,蔓荆子#1．8g,甘草0.9g,密蒙花,灯心100cm
黄芩,黄连#15g,人参,陈皮,玄参,甘草#9g,柴胡,桔梗#6g,连翘,牛蒡子,板蓝根,马勃#3g,白僵蚕,升麻#2．1g,防风,薄荷,川芎,当归#4.5g
犀角屑,天麻,防风,远志,羌活,沙参,茯神#22．5g,龙齿30g,川升麻,天冬,葳蕤,羚羊角#22．5g,铁粉30g,金银箔#50片,玄参22．5g,牛黄7．5g,朱砂30g,麝香7．5g
蒴藋根60g,白蒺藜,附子,独活,犀角屑#30g,蔷薇根60g,白芷,防风,苦参,川升麻,漏芦,汉防己,花椒,木香,蛇衔草,茺蔚,枳壳,莽草#30g
白僵蚕9g,全蝉蜕12枚,广姜黄2．1g,防风3g,薄荷叶3g,荆芥穗,当归#3g,白芍3g,黄连3g,连翘3g,栀子3g,黄芩6g,桔梗6g,石膏18g,滑石9g,甘草3g,大黄6g,芒硝6g
白芷,当归,木香,川附子,穿山甲,木通,防风,荆芥,马钱子,白芥子,僵蚕,青皮,核桃#60g,川草乌#30g,生半夏90g,生大黄90g,南星90g,青葱120g,蒲公英90g
沉香15g,牛膝,当归#90g,薏苡仁,白芷,川芎#60g,羌活,防风,赤芍,天麻,草乌,肉桂,干姜#30g,川乌1枚,丁皮,乳香,没药,木香#15g,木瓜90g
当归尾,川芎,赤芍,生地黄,黄芩,黄连,栀子,石膏,连翘,防风,荆芥,薄荷,羌活,蔓荆子,菊花,白蒺藜,草决明,桔梗,甘草#等分
防风3g,细辛6g,僵蚕6g,白附子3g,朱砂3g,地龙3g,荆芥3g,木香3g,全蝎98,蝉蜕3g,蜈蚣98,天麻3g,麝香3g,甘草6g,白芷3g,朱砂6g,人参3g,金箔少许,轻粉少许
苍术,白茯苓,白术,甘草,木瓜,茴桂？,泽泻,薏苡仁,柴胡,青皮,蝉蜕,当归,白芍,生地黄,乌药,牛膝,黄柏,知母,防风
秦艽,桂心,杜仲,防风,牡丹皮,厚朴#22．5g,附子,阳起石,白茯苓#45g,白薇,当归,干姜,牛膝,沙参,半夏子#15g,人参,卷柏,鹿茸#30g,细辛67．5g
桔梗,连翘,红花,细辛#0.3g,当归,炙甘草#1．5g,龙胆草,苍术#2．1g,黄连,羌活,升麻,柴胡,防风,藁本#3g,知母,生地黄,黄柏,黄芩#4．5g,川芎9g
白花蛇,全蝎,独活,天麻,附子,人参,防风,肉桂,白术,藁本,白附子,赤箭,川芎,细辛,白僵蚕,甘草,半夏,白茯苓,麻黄#30g
何首乌120g,五加皮,僵蚕,苦参,当归#60g,全蝎45g,牛蒡子,羌活,独活,白芷,细辛,生地,汉防己,黄连,芍药,蝉蜕,防风,荆芥,苍术#30g
土茯苓lkg,防风,荆芥,五加皮,白鲜皮,木瓜#45g,当归,川芎,白芍,牛膝,生地黄,白茯苓,杜仲,白芷,地骨皮,青藤,槐花,黄连#30g,威灵仙45g
蓝实,决明子,青葙子,枳壳,黄连,地肤子,川大黄,甘菊花,炙甘草,茺蔚子,车前子,蕤仁,羚羊角屑,防风,生地黄,细辛,赤茯苓#15g,兔肝1具,鲤鱼胆7枚
决明子90g,地肤子60g,茯苓45g,远志45g,青葙子45g,茺蔚子,蔓荆子,山药#45g,玄参60g,车前子60g,地骨皮45g,柏子仁45g,大黄45g,细辛30g,人参45g,黄芩45g,甘草30g,黄连75g,防风45g
骨碎补,补骨脂,熟地黄,川当归,续断,石楠叶,黄芪,石斛,牛膝,杜仲,萆薢#60g,附子30g,白芍药,川芎,菟丝子,沙参,羌活,防风,独活,天麻#45g
牛膝,肉苁蓉,何首乌,花椒,马钱子,天南星,茴香,防风,萆薢,附子,地龙,羌活,乌药,白蒺藜,骨碎补,金毛狗脊,黄芪,赤小豆,覆盆子,禹白附#30g
归尾,赤芍药,生地,白芷,防风,荆芥,羌活,连翘,黄芩,黄连,黄柏,大黄,栀子,薄荷,枳壳,桔梗,知母,石膏,车前子,甘草#等分
黄连3g,黄芩1．5g,黄柏1．5g,生地黄1．2g,知母1．2g,羌活3g,独活1．2g,防风1．2g,藁本1．5g,当归尾1．2g,当归身1.,5g,桔梗1g,黄芪o．6g,人参1g,甘草1g连翘1．2g,苏木0．6g,防己1．5g,泽泻0．6g,陈皮0．6g
当归,桂心,龙齿,乌药,益智,杜仲,石菖蒲,吴茱萸#45g,茯神,川牛膝,秦艽,细辛,桔梗,半夏,防风,白芍药#22．5g,干姜30g,附子1只,花椒60g,牡蛎l大片
续断800g,炮骨碎补400g,红花200g,赤芍200g,醋延胡索120g,醋三棱120g,防风120g,甘草120g,苏木120g,当归120g,炒桃仁80g,炒枳实80g,炒甜瓜子80g,刘寄奴80g,桔梗80g,木通80g,炒乳香80g,煅自然铜80g,姜黄60g,土鳖虫40g
川乌头,草乌头#30g,五灵脂,马钱子,骨碎补,威灵仙,全毛狗脊,自然铜,防风,地龙,乌药,青皮,陈皮,茴香,黑牵牛#1．5g,乳香,没药,红娘子,麝香#7．5g,禹余粮石120g
蛜0．9g,白附子0．9g,防风0．9g,天麻0．9g,天雄0．9g,白花蛇30g,黄芪0．9g,萆薢0．9g,桂心30g,独活0．9g,丹参0．9g,当归0．9g,安息香30g,海桐皮0．9g,补骨脂0．9g,淫羊藿0．9g,牛膝30g,雄黄15g,麝香15g,肉苁蓉0．9g
独活,防风,吴白芷,麻黄,肉桂,藁本,白芍药,天麻#30g,川乌头15g,藿香叶15g,川芎21g,羌活9g,甘草15g,白花蛇15g,白僵蚕9g,全蝎15g,朱砂60g,禹白附12g,天南星12g,远志9g
踯躅花,羌活,防风,川芎,杏仁,细辛,当归#30g,白蔹,白及,白芷,丹参,苦参,玄参,桂心,附子,川乌头,皂荚,花椒,莽草,川大黄#15g
熟地黄,远志,茯苓,柏子仁,白术#45g,人参,菖蒲,麦冬,酸枣仁,木通,百部,贝母,茯苓,甘草,朱砂,天冬,赤石脂,防风,肉桂#30g,枣肉120g
当归,赤芍,川芎,白芷,防风,牛膝,木瓜,苡仁,羌活,厚朴,苍术,陈皮,荆芥,土茯苓,熟地,升麻,甘草,桑寄生,石楠藤,白蒺藜
橘子仁,当归,萆薢,独活,肉桂,木猪苓,防风,附子,草乌,杏仁,赤芍药,甘草,厚朴,麻黄,没药,羌活,地黄,川乌,川芎,茴香#等分
川乌,草乌,苍术,羌活#120g,钗石斛,川芎,当归,白芷,麻黄,防风,细辛,荆芥,首乌,全蝎,天麻,藁本,生甘草,薄荷#30g,雄黄,朱砂,两头尖#15g
当归,川芎,枸杞子,苍术,白术,蜜蒙花,羌活,天麻,薄荷,柴胡,藁本,石膏,木贼,连翘,细辛,桔梗,防风,荆芥#3g,栀子,白芷#1．5g,甘草3g
明天麻30g,白附子15g,防风24g,蝉蜕24g,荆芥30g,胆星45g,半夏24g,白术30g,茯苓30g,川芎24g,粉草12g,僵蚕15g,土朱15g,羌活24g,当归15g,全蝎9g,牙皂,人参#12g,山药30g,雄黄9g,麝香6g
南星,半夏,赤芍,连翘,天麻,青藤,僵蚕,苍耳子,金银花,天冬,桔梗#七分,白芷,防风,羌活,皂荚#1．5g,全蝎,陈皮#1．2g,禹白附,淮木通#3g,甘草0．6g
甘草15g,天竺黄36g,防风36g,天麻45g,茯苓45g,羌活45g,川贝母45g,白附子45g,蝉蜕45g,胆星45g,桔梗45g,全蝎27g,僵蚕27g,钩藤27g,人参27g,牛黄15g,珍珠15g,"琥珀
30g",明雄黄18g,朱砂18g,麝香27g
当归90g,木瓜60g,桂枝60g,川芎60g,桑寄生60g,秦艽60g,灵仙60g,地龙60g,独活60g,胆南星60g,赤芍60g,熟地黄180g,乳香45g,川乌60g,骨碎补60g,防风60g,羌活60g,天麻60g,虎骨胶60g,"五
加皮60g",没药45g
山药90g,当归,桂枝,曲,生地黄,豆黄卷#30g,甘草84g,人参21g,川芎,芍药,白术,麦冬,杏仁#18g,柴胡,桔梗,茯苓#15g,阿胶21g,干姜9g,白蔹6g,防风18g,大枣100枚
胡麻油600g,腊月猪脂600g,乌鸡脂27g,丁香30g,甘松香45g,零陵香90g,川芎,竹叶,细辛,花椒#60g,苜蓿香90g,白芷,泽兰,大麻仁,桑根白皮,辛夷,桑寄生,牡荆子#30g,防风,杏仁#90g,莽草30g,柏叶90g
独活22．5g,汉防己30g,秦艽22．5g,黄芪15g,赤芍药15g,人参15g,茯神15g,白术15g,川芎15g,远志15g,石膏30g,川升麻15g,防风22．5g,丹参15g,炙甘草15g,天冬15g,薏苡仁15g,"羚羊角屑
22．5g",五加皮15g,生地黄22．5g,麻黄30g,地骨皮15g
羌活,独活,防风,荆芥,豨莶草,灵仙,桑寄生#6g,白芷,僵蚕#4．5g,细辛3g,首乌30g,龟版15g,枸杞,当归#15g,川芎,白芍,玄参,丹皮#6g,乌药15g,槟榔,银花,牛蒡子#6g
当归,川芎,白芍,白术,青皮,陈皮,姜半夏,桔梗,羌活,白芷,独活,厚朴#25g,防风,黄芩,乌药,香附,槟榔#30g,苏叶45g,沉香6g,木香,人参,粉草#15g
白菊花45g,滑石90g,石膏,黄芩,甘草,桔梗,芒硝,黄连,羌活#30g,防风,川芎,当归,赤芍药,大黄,薄荷,连翘,麻黄,白蒺藜,芒硝#15g,荆芥,白术,山栀子#7．5g
牛黄7．5g,冰片3g,麝香3g,雄黄7．5g,朱砂37．5g,天麻,乌犀,干蝎,羚羊角,羌活,独活,防风,细辛,白芷,赤茯苓,蝉蜕,麻黄,牛膝,川芎,五加皮#15g,白附子7．5g,乌梢蛇30g
防风600g,连翘1．2kg,山豆根,薄荷,川芎#300g,花粉,羌活,当归#600g,赤小豆300g,大青叶1．2kg,黄连600g,栀子,黄芩#1．2kg,升麻420g,荆芥,玄参#1．2kg,牛蒡子600g,滑石1．2kg,赤芍,"雄黄#
600g",柴胡300g,甘草1．2kg
蝉蜕15g,苍术758,荆芥穗,炙甘草,木贼#45g,密蒙花,甘菊花,旋覆花,黄连,石决明,草决明,黄芩,谷精草,淫羊藿,青葙子,薄荷叶,羌活,川芎,防风,白蒺藜#30g,细辛15g,羯羊肝1具
蕤仁90g,黄连,车前子#60g,人参,麦冬#22．5g,青葙子,防风,黄芩,,生地黄,秦艽,羚羊角末#45g,炙甘草,天冬,丹参,升麻,苦参,羌活,地肤子,决明子,地骨皮,菊花,玄参#30g
熟地黄,白茯苓,黄芪,独活,桂心,秦艽,麦冬,阿胶,杏仁#9g,前胡,柏子仁,泽泻,牛黄,川芎,远志,紫石英,防风,甘草#15g,铁精,人参,朱砂#30g,桑螵蛸5枚
归尾15g,川芎15g,赤芍6g,生地12g,防风15g,羌活15g,白芷15g,玄参15g,黄芪15g,官桂9g,桃仁49个,杏仁49个,马钱子49个,何首乌9g,牛子15g,川山甲12g,蜂房9g,蛇蜕6g,大黄6g,黄柏6g,乱发一团,槐、柳皮49节
乳香,没药,防风,羌活,白芷,赤芍,当归,宣连,肉桂,皂荚,五倍子,巴豆,马钱子,国丹,蓖麻子,无名异,槟榔,水粉,轻粉,枫香,荜茇,松香,麝香,黄蜡#等分
人参15g,枸杞子,防风,蒺藜,肉苁蓉,菟丝子,赤芍#45g,青葙子,石斛草,木贼草,谷精草,密蒙花,石决明,熟地,白芍,玄参#30g,蝉蜕,薄荷#2．1g,草决明,甘菊#15g,"夜明砂
9g",羚羊角,犀角#6g
生大黄,葛根#1kg,滑石,山楂#500g,神曲,木通,枳壳,黑栀,牵牛子,黄芩#250g,防风,荆芥,苏叶,龙胆草,苍术,羌活,草果,槟榔,厚朴,知母,车前子#120g,甘草60g,生姜25g
菟丝子,泽泻,鹿茸,石龙芮,肉桂,附子#30g,石斛,熟地黄,白茯苓,牛膝,续断,山茱萸,肉苁蓉,防风,杜仲,补骨脂,荜澄茄,沉香,巴戟,茴香#22．5g,五味子,桑螵蛸,川芎,覆盆子#15g
防风,羌活,独活,茯苓,川芎,白芷,生地,苍术,红花,桃仁,南星,陈皮,半夏,白术,威灵仙,牛膝,木瓜,防己,酒黄芩,连翘,木通,龙胆草,附子
僵蚕,清风藤,生地黄,白附子#21g,当归,川芎,何首乌,防风,白芷,荆芥,天麻,蒺藜,赤芍,胡麻,连翘,桔梗,藁本,蔓荆子#15g,羌活,全蝎#9g,升麻6g,白僵蚕6g,金银花30g,白花蛇60g
黄柏,黄芩,黄连,知母,生地黄#3g,防己,山栀,羌活,黄芪,麦冬,甘草,独活#1．5g,人参1．5g,当归尾6g,陈皮,防风梢,甘草梢,苏木,当归身,五味子,猪苓,藁本,连翘,桔梗#3g
防风,荆芥,羌活,独活,细辛,藁本,川芎,白芷,大黄,苦参,当归,赤芍药,威灵仙,玄参,何首乌,黄柏,甘草,蜂房,甘松,藿香,苍术,石菖蒲,零陵香,枸杞子
甘菊120g,黄芪,藁本,白僵蚕,甘草,羌活,麻黄,茯苓,芍药,犀角#60g,白芷,南星,细辛,人参,防风,川芎#45g,冰片,牛黄,麝香,禹白附,天竺黄#30g,白花蛇,天麻#90g,生地黄汁1．35L,金箔100片
僵蚕,青皮,独活,川附子,防风,生草乌,何首乌,白鲜皮,秦艽,穿山甲,半夏,生川乌,青风藤,马钱子,桃仁,生虎骨,天麻,归尾,良姜,威灵仙#21g,生姜,韭菜,生蒜,青葱#2具
东牛黄1．5g,天竺黄7．5g,山参3g,礞石6g,东珍珠,明雄黄,油肉桂#6g,半夏6g,台麝香1．5g,犀牛角,粉草#6g,南星6g,冰片1．5g,川贝母7．5g,前胡6g,川羌活7．5g,血琥珀9g,僵蚕3g,防风6g,蜈蚣2条,朱砂9g,全蝎4个,天麻7．5g,大黄9g
黄芪,犀角#30g,白茯苓,人参#45g,柴胡,升麻,秦艽,川芎,木香,桑根白皮,枳壳,防风,芍药,黄芩,肉豆蔻,天麻,鳖甲,地骨皮,甘草#30g,羌活,当归,青皮#22．5g,槟榔,桔梗#15g
麒麟竭,没药,骨碎补#30g,自然铜120g,海桐皮,狼毒,沙苑蒺藜,川附子,新罗禹白附,天南星,何首乌,淫羊藿,川芎,羌活,川乌头#30g,虎头骨120g,地龙,牛膝,天麻,草乌头,乳香,防风#30g,青盐,赤小豆#120g
禹白附,天南星,乌头,天雄,防风,天麻,附子,川芎,人参,白茯苓,天蓼木,乌梢蛇肉,白鲜皮,白芷,麻黄,细辛,恶实,炙甘草,雄黄,牛黄,朱砂#30g,蝎梢7．5g,冰片7．5g,麝香15g
麻黄,紫荆皮,荆芥,海风藤,防风,明天麻,羌活,桑白皮,辛夷,牛蒡子,槟榔#60g,北细辛,桔梗,乳香,没药,升麻#30g,白鲜皮,金银花,牡丹皮,黄柏,生地,苦参#120g,大枫肉,白芷#90g
白芷9g,当归15g,玄参15g,黄芪15g,防风15g,甘草9g,生地15g,蛇蜕6g,血余9g,蜂房15g,穿山甲9g,杏仁15g,樟丹9g,乳香15g,轻粉9g,红粉6g,冰片6g,米珠3g,麝香3g,没药15g,血竭6g,儿茶15g,龙骨9g
白术,苍术,杜仲#60g,牛膝,川芎,薏仁,巴戟,补骨脂#30g,当归,牙皂,防风,羌活,生地,独活,防己,天麻,南星,半夏,陈皮,木香,沉香,川乌,僵蚕,全蝎#15g
防风,薄荷,荆芥,羌活,独活,连翘,黄柏,黄芩,黄连,栀子,全蝎,天麻,细辛,枳实,桔梗,大黄,芒硝,生地,石膏,甘草#30g,盐梅50个,干葛,赤芍,细茶#45g,麻黄90g
木香30g,雄黄30g,桂心30g,赤芍药30g,当归30g,人参30g,附子30g,丁香30g,白芷30g,黄芪30g,没药30g,川芎30g,防风30g,甘草30g,沉香30g,细辛30g,乳香30g,白檀香30g,甘松香30g,蜡60g,松脂30g,,柏枝90g,黄丹500g,清麻油1500g
何首乌30g,石菖蒲30g,生地黄21g,明天麻21g,禹白附15g,白茯苓15g,苍耳子30g,五灵脂15g,牛膝21g,天南星21g,二蚕沙15g,当归21g,苍术15g,半夏21z,红花15g,光草乌末15g,陈皮15g,防风15g,汉防己15g,芍药15g,甘草9g,黄柏15g,木瓜21g,川芎15g,桑树上络藤30g
羌活,独活,防风,藁本,黄芩,黄连,黄柏,知母,生地黄,当归#4．5g,连翘9g,黄芪4．5g,人参,炙甘草,生甘草梢,陈皮,麦冬,苏木,当归梢,猪苓,山栀子,五味子,防己,泽泻,桔梗,枳壳#3g
防风45g,石膏30g,川芎60g,滑石90g,当归75g,芍药45g,甘草60g,大黄15g,白术39g,连翘15g,荆芥穗15g,薄荷叶15g,麻黄15g,山栀子18g,黄芩30g,芒硝15g,桔梗,熟地黄,天麻,人参,羌活,"独
活#30g",黄连,黄柏,细辛#15g,全蝎15g
防风60g,防己60g,荆芥60g,当归60g,川芎60g,生地黄90g,陈皮,白术,桑寄生,薏苡仁#60g,栀子仁30g,牙皂60g,何首乌60g,川乌2个,白芍药,羌活,独活,黄芩#45g,"半夏
",木瓜,青藤,牛膝,沉香,白豆蔻#60g,木香30g,桂枝30g,光乌60g
羌活,独活,木瓜,五加皮,白芷,草乌,明雄,川乌,白附子,官桂,木香,炙乳香,炙没药,穿山甲片,细辛,血竭,胡椒,荆芥,防风,红花,当归,樟胸#9g,丁香4．5g,银消,硫黄#6g,全蝎14个
黄芪3g,人参0．9g,炙甘草1．5g,真漏芦,升麻#3g,葛根1．5g,连翘3g,牡丹皮,当归身,生地黄,熟地黄,白芍药#o．9g,肉桂0．6g,柴胡2．4g,牛蒡子0．9g,羌活3g,独活,防风#1．5g,昆布0．6g,京三0．6g,莪术0．9g,益智仁0．6g,大麦芽面3g,神曲末0．6g,黄连0．9g,黄柏0．9g,厚朴3.6g
何首乌,僵蚕,光乌,全蝎,南星,半夏,桑寄生,荆芥,牙皂,补骨脂,陈皮,菟丝子#60g,地黄240g,木香30g,沉香45g,白芍药,川乌,天麻36g,黄芩60g,防风,汉防己,白术,当归#60g,羌活,独活#45g,杜仲120g,巴戟90g
防风,荆芥,连翘,赤芍,归尾,红花,黄芩,黄柏,僵蚕,蝉蜕,白芷,甘草,大黄,银花,川乌,草乌,独活,苍术,细辛,秦艽,花椒,骨碎补,首乌,蛇床子,马钱子,大枫子,蜈蚣#15g
独活,牛膝,菟丝子,苁蓉,萆薢,金毛狗脊,巴戟,骨碎补,补骨脂,胡芦巴,大附子,熟地黄,当归,天麻,防风,羌活,白芥子,川芎,五味子,川乌头,木香#30g,马钱子15g,甜瓜子15g,地龙15g,全蝎30g,"乳
香15g",没药15g,续断30g,
远志,紫石英,石菖蒲#24g,熟地黄,白茯苓#15g,麦冬,卷柏,人参,丹参,黄芪,白术,泽泻,山茱萸,防风,秦艽,桔梗#12g,柏子仁,川姜#7．5g,干山药,白蔹,芍药,石膏,铁粉,神曲,当归,半夏,牡丹皮#6g,朱砂12g
熟大黄1kg,菊花1kg,琥珀1kg,生石决明1kg,泽泻1kg,白蒺藜1kg,夜明砂1kg,胆草1kg,车前子1kg,蝉蜕1kg,芒硝1kg,川芎125g,桑叶125g,薄荷125g,防风125g,当归125g,黄芩125g,木贼125g,茯苓125g,蒙花125g,黄柏125g,知母125g,熟地125g,枸杞子125g,甘草125g,黄连310g,人参310g,鲜羊肝10kg
丁香,零陵香,桃仁,土瓜根,白蔹,防风,沉香,辛荑,栀子花,当归,麝香,藁本,商陆,川芎#90g,萎蕤,藿香,白芷,甘松香#75g,菟丝子90g,白僵蚕,木兰皮#75g,蜀水花,青木香#60g,冬瓜仁120g,茯苓90g,鹅脂,羊肾脂#900g,羊髓600g,生猪脂1．5kg
苍术,生南星,生半夏,甘遂#60g,白术,芫花,大戟,大黄,葶苈,黄柏,黄芩,黄连,栀子,枳实,陈皮,青皮,香附,五灵脂#30g,连翘,桔梗,薄荷,白芷,赤茯苓,川芎,当归,前胡,郁金,瓜蒌,槟榔,灵仙,羌活,防风,苏子,皂荚,明矾,白芥子,萝卜子,僵蚕,全蝎,马钱子仁,延胡,细辛,菖蒲,雄黄#21g,禹白附,草乌,木香,官桂,牵牛子,吴茱萸,巴仁,红花,干姜,厚朴,轻粉,炮穿山甲#12g,姜汁,竹沥#300m1,牛胶30g
独活60g,芍药60g,远志45g,薏苡仁150g,炙甘草60g,麻黄30g,丹参60g,陈皮45g,熟地黄90g,肉桂30g,甘菊花130g,人参,防风,茯神,山茱萸,天冬,厚朴,牛膝,五加皮,羚羊角,麦冬,山药,白术,秦艽,黄芪,川芎#60g,炮附子45g,石膏90g,升麻60g,防己60g,地骨皮60g,石斛60g
甘草,羌活,细辛,黄连,贝母,菊花,当归,枳壳,大黄,白芷,生地,防风,荆芥,木贼,黄芩,川芎,苍术,猪苓,泽泻,白术,薄荷,桔梗,石斛,赤芍药,蔓荆子,草决明,牛蒡子,青葙子,菟丝子,车前子,夏枯草,地骨皮
白芷,白蔹,白及,川乌,草乌,黄芩,独活,细辛#4.5g,荆芥,栀子,连翘,羌活,黄连,阿胶,海藻,山甲,昆布,大黄,马钱子,血余,赤芍,薄荷,牛膝,木瓜,防风,石燕,海带,黄柏,桃枝,柳枝,桑枝,杉枝,天丁,密陀僧#30g,水粉120g,黄丹90g,香油250g
乌梢蛇15g,麻黄60g,木香60g,白芷60g,细辛45g,全蝎30g,赤芍药30g,当归45g,两头尖60g,防风75g,川芎60g,干葛,45g,没药30g,血竭30g,朱砂30g,乌犀末30g,地龙15g,甘草15g,丁香30g,僵蚕30g,乳香30g,麝香30g,片脑75g,官桂60g,草豆蔻60g,羌活60g,天麻60g,香附子30g,玄参60g,人参30g,牛黄75g,藿香60g,威灵仙45g,何首乌60g,沉香30g,天竺黄30g,川附子30g
鳖甲,甘菊花,防风,杜仲,人参,甘杞子,粉丹皮,石菖蒲,秦艽,虎骨,川羌活,油松节,牛蒡子#30g,白术,黄芪,远志,山萸肉,桔梗,苍耳子,僵蚕,天花粉,熟地,天麻,白芍,禹白附,独活,白茯苓,牛膝,川萆薢,石蟹,天南星,荆芥,广陈皮,白芷,苍术,川芎,当归#15g
当归身30g,川芎30g,白术15g,茯苓15g,大川乌15g,防风15g,荆芥穗15g,羊角天麻15g,全蝎6g,香白芷15g,北细辛15g,何首乌15g,新草乌15g,威灵仙15g,金钗石斛15g,川牛膝15g,川独活15g,羌活15g,麻黄节9g,石楠藤15g,薏苡仁30g,川干姜15g,赤桂1Sg,尖槟榔15g,宣木瓜15g,真石乳15g,明没药6g,川续断15g,白苍术30g,黄芪15g,两头尖15g,南木香6g,汉防己15g,桑寄生15g,赤茯神15g,骨碎补15g,甘草节9g,虎骨胫15g
防风45g,白冰片,乳香,羚羊角末,附子,白僵蚕,槟榔,肉豆蔻仁,沉香,蒺藜子,丁香,蔓荆子,牛黄,藿香叶,麻黄,生犀角末,雄黄,麝香,木香,朱砂,茯苓,白附子,羌活,原蚕蛾,人参,肉桂,川芎#45g,真珠末,独活#22．5g,干蝎,半夏,川乌头#60g,白花蛇,天麻#90g,琥珀,腻粉,白豆蔻仁15g,金箔60片
建曲,山楂炭,滑石,麦芽#120g,杏仁,陈皮#75g,葛根,青皮,乌药,薄荷,防风,香薷,藿香,黄芩,木通,苏梗,羌活,白扁豆,泽泻,苍术,白芷,苍耳,大黄,钩藤,半夏,枳壳,蔓荆子,槟榔,荆芥,甘草,独活#60g,川芎,升麻,柴胡,木瓜,大青叶#45g,草果仁,麻黄,细辛,厚朴,苏木#30g,鲜蒌180g
人参,白术,甘草,白茯苓#90g,当归,川芎,白芍药,生地黄,熟地黄,枸杞子,肉苁蓉,何首乌,牛膝,天冬,麦冬,砂仁#75g,花椒,川乌,草乌,乌药#30g,五加皮,虎胫骨,枳壳,干姜,厚朴,陈皮,沉香,茴香,香附,羌活,独活,防风,白芷,麻黄,细辛,制半夏,苍术,五味子,破故纸,桂#60g,红枣,酥油,蜂蜜,胡桃肉#25g
人参,当归,白茯苓,乌药,杏仁,砂仁,川乌,草乌,何首乌,五加皮,枸杞子,牛膝,杜仲,肉桂,苍术#15g,肉苁蓉,补骨脂,甘草#30g,木香,枳壳,干姜,虎骨,香附,白芷,厚朴,陈皮,白术,川芎,麻黄,独活,羌活,花椒,白芍,生地,熟地,天冬,麦冬,防风,荆芥,五味子,小茴香,细辛,沉香,白豆蔻#9g,大枣肉60g,真蜜500g,核桃仁120g,真酥油250g,天麻9g,生姜120g
玄参120g,生地,天冬#90g,丹参,熟地,山萸肉,黄柏,知母,麦冬,当归,白芍,丹皮,地骨皮#60g,党参,白术,生黄芪,川芎,柴胡,连翘,桑白皮,杜仲,熟牛膝,薄荷,川郁金,羌活,防风,香附,蒲黄,秦艽,枳壳,杏仁,贝母,青皮,陈皮,半夏,胆星,黑荆穗,桔梗,天花粉,远志肉,女贞子,柏子仁,熟枣仁,紫菀,菟丝饼,钗石斛,淮山药,续断,巴戟天,黑山栀,茜草,红花,黄芩,黄连,泽泻,车前子,木通,生甘遂,红芽大戟,生大黄,五味子,五倍子,金樱子,炒延胡,炒灵脂,生甘草,马钱子仁,蓖麻仁,炮山甲,羚羊角,镑犀角,生龙骨,生牡蛎,吴萸#30g,飞滑石120g,生姜,干姜#30g,葱白,韭白,"大蒜头#
60g",槐枝,柳枝,桑枝,枸杞根,冬青枝#250g,风仙草,旱莲草,益母草#1株,冬霜叶,白菊花,侧柏叶#120g,菖蒲,小茴香,花椒#30g,发团60g,铅粉500g,生石膏120g,青黛,轻粉#30g,灵磁石60g,官桂,砂仁,木香#30g,牛膝120g,朱砂15g,生龟版500g
