content,url,title_hash,title
" 
	　　【方剂名】半夏泻心汤，出自《伤寒论》

	　　【组成】半夏半升、洗(12g)， 黄芩、干姜、人参各三两(各9g) ，黄连一两(3g) ，大枣十二枚、擘(4枚)，甘草三两、炙(9g)。

	　　【用法】上七味，以水一斗，煮取六升，去滓，再煎，取三升，温服一升，日三服。 现代用法：水煎服。

	　　【功效】和胃降逆，开结除痞。

	　　【主治】胃气不和，心下痞证。心下痞，但满不痛，或呕吐，肠鸣下利，舌苔黄腻，脉弦数。

	　　【方解】本方原治小柴胡汤证因误下，损伤中阳，寒从中生，少阳邪热乘虚内陷，以致寒热错杂，而成心下痞证。心下指胃脘，痞指胃脘部堵塞不适。无形邪气内陷于里，故但满而不痛不硬，按之濡软。中阳虚损，寒热互结，升降失常，则恶心呕吐，肠鸣下利。治宜平调寒热，益气和胃，散结除痞。方中半夏苦辛温燥，能散结除痞，和胃降逆，为君药。干姜辛热，温中散寒，助半夏温胃消痞以和阴；黄芩、黄连苦寒降泄，清泻里热以和阳，共为臣药。四药相配，辛开苦降，寒热并调，以治寒热错杂之证。又因本证中虚失运，故用人参、炙甘草、大枣为佐药，甘温益气，健脾补中。炙甘草又能调和诸药，兼为使药。七药合用，使寒去热清，气机得畅，升降复常，诸证自愈。本方的配伍特点是：寒，热并用，辛开苦降，补泻兼施。

	　　【临床运用】

	　　1.用方要点：本方为治疗中气虚弱，寒热错杂，升降失常而致肠胃不和的常用方。临床以心下痞满不痛，呕吐泻利，苔腻微黄为辨证要点。

	　　2.现代运用：本方常用于治疗急慢性胃肠炎、慢性结肠炎、神经性呕吐、慢性肝炎、早期肝硬化等病属寒热互结，虚实夹杂者。

	　　【使用注意】食积和痰浊内结之痞满者，不宜使用本方。

	　　【附】生姜泻心汤(《伤寒论》)：即半夏泻心汤中减干姜二两(6g)，加生姜四两(12g)水煎服。功效：和胃消痞，宣散水气。主治：水热互结之痞证。心下痞硬，干噫食臭，腹中雷鸣，下利等。

	　　【方歌】半夏泻心用芩连，干姜草枣人参添，寒热互结心下痞，散结消痞病自痊。
 
        
      
        
        最近更新时间：2014-03-10
",http://www.zhongyoo.com/fangji/bxxxt_1343.html,,
" 
	　　【方剂名】健脾丸，出自《证治准绳》

	　　【组成】 白术炒二两半(75g) ，木香另研、黄连酒炒、甘草各七钱半(各22g)， 白茯苓去皮二两(60g)，人参一两半(45g)， 神曲炒，陈皮、砂仁、麦芽炒取面，山楂取肉，山药、肉豆蔻、面裹煨热，纸包捶去油，各一两(各30g)。

	　　【用法】共为细末，蒸饼为丸，如绿豆大，每服五十丸(6g)，空心服，一日二次，陈米汤下。现代用法：糊丸或水泛为丸，每服6～9g，温开水送下，每日2次。

	　　【功效】健脾和胃，消食止泻。

	　　【主治】脾虚食停证。食少难消，脘腹痞闷，大便溏薄，苔腻微黄，脉虚弱。

	　　【方解】本方证为脾胃虚弱，食积内停，生湿化热所致。脾胃虚弱，故食少难消，脉象虚弱；脾虚生湿，清阳不升则大便溏薄；脾虚食停，气机不畅，则脘腹痞闷；食停生湿蕴热，则苔腻微黄。脾虚宜补，食滞宜消，治宜健脾消食，兼以清热祛湿。方中重用白术、茯苓，健脾渗湿以止泻，为君药。人参、甘草益气健脾；山药、肉豆蔻健脾止泻；山楂、神曲、麦芽消食化滞，以消食积，共为臣药。木香、砂仁、陈皮理气和胃，畅中消痞；稍用黄连清热燥湿以治湿热，共为佐药。诸药合用，消补兼施，使脾虚得健，食积得消，湿祛热清，诸证自除。

	　　【临床运用】

	　　1.用方要点：本方为治脾虚食停、生湿化热的常用方。以食少难消，脘腹痞闷，大便溏薄，苔腻微黄，脉虚弱为辨证要点。

	　　2.现代应用：本方常用于治疗慢性胃炎、慢性肠炎、肠功能紊乱，消化不良等属脾虚食停者。

	　　【使用注意】食积实证，不宜使用本方。

	　　【方解】健脾参术苓草陈，肉蔻连香与砂仁，楂肉山药曲麦芽，消补兼施用此方。
 
        
      
        
        最近更新时间：2014-03-12
",http://www.zhongyoo.com/fangji/jpw_1357.html,,
" 
	　　【方剂名】肾气丸，出自《金匮要略》

	　　【组成】干地黄八两(240g) ，薯蓣、山茱萸各四两(各120g)， 泽泻、茯苓、牡丹皮各三两(各90g)，桂枝、附子炮各一两(各30g)。

	　　【用法】上为细末，炼蜜和丸，如梧桐子大，酒下十五丸(6g)，日再服。现代用法：亦可作汤剂，用量按原方比例酌减。

	　　【功效】补肾助阳。

	　　【主治】肾阳不足证。腰痛脚软，身半以下常有冷感，少腹拘急，小便不利，或小便反多，入夜尤甚，阳痿早泄，舌淡而胖，脉虚弱，尺脉沉细，以及痰饮、水肿、消渴、脚气、转胞等。

	　　【方解】本方诸证皆由肾阳不足所致。肾为水脏，内寓命门真火，肾阳不足，失于温煦，故腰痛脚软、身半以下常有冷感、少腹拘急；肾阳虚弱，气化不利，水停于内，则小便不利、少腹拘急，甚或转胞、或水肿、痰饮、脚气；肾阳亏虚，水液直趋下焦，津不上承，故消渴、小便反多；病症虽多，病机均为肾阳亏虚，所以异病同治，治宜补肾助阳，即王冰所谓：“益火之源，以消阴翳”之理。方用辛热的附子温壮元阳，辛温的桂枝，温通阳气，二药相合，温肾助阳化气，共为君药。然肾为水火之脏，内寓元阴元阳，阳虚则阴不化，故重用于地黄滋补肾阴，用山茱萸、薯蓣(即山药)补肝脾益精血，共为臣药。君臣相伍，一阳一阴，阳得阴生则温而不燥，阴得阳化则滋而不腻。即所谓“善补阳者，必于阴中求阳”。方中补阳药少而滋阴药多，其立方之旨，在于“微微生火”，“少火生气”之义。方中佐以泽泻通调水道；茯苓健脾渗湿；牡丹皮清泻肝火。此三味寓泻于补，使邪去而补药得力，并制诸滋阴药可能助湿敛邪之虞。诸药合用，助阳之弱以化水，滋阴之虚以生气，使肾阳振奋，气化复常，则诸症自除。

	　　配伍特点：一是补阳之中配伍滋阴之品，阴中求阳，使阳有所化；二是少量补阳药与大队滋阴药为伍，旨在微微生火，少火生气。由于本方功用主要在于温补肾气，且作丸内服，故名之“肾气丸”。

	　　【临床运用】

	　　1.用方要点：本方为补肾助阳的常用方。临床应用以腰痛脚软，畏寒肢冷，小便不利或反多，舌淡而胖，脉虚弱而尺脉沉细为辨证要点。

	　　2.现代运用：本方常用于治疗慢性肾炎、糖尿病、醛固酮增多症、甲状腺功能低下、性神经衰弱、肾上腺皮质功能减退、慢性支气管哮喘、更年期综合征等属肾阳不足者。

	　　【使用注意】本方性偏温热，对咽干口燥，舌红少苔属肾阴不足，虚火上炎者，不宜使用。此外，肾阳虚而小便正常者，为纯虚无邪，不宜使用本方。吴仪洛称：“此亦为虚中夹邪滞而设尔，若纯虚之证，而兼以渗利，未免减去药力，当用右归丸或右归饮。”(《成方切用》)

	　　【附】右归丸(《景岳全书》)：大怀熟地黄八两(240g)， 山药炒四两(120g) ，山茱萸微炒三两(90g) ，枸杞微炒四两(120g)， 鹿角胶炒珠四两(120g)，菟丝子制四两(120g)，杜仲姜汤炒四两(120g) ，当归三两(90g) ，肉桂二两，渐可加至四两(60～120g)， 制附子二两，渐可加至五六两(60～180g)，共为细末，炼蜜为丸，每服9g，每日2次。功效：温补肾阳，填精益髓。主治：肾阳不足，命门火衰证。年老或久病气衰神疲，畏寒肢冷，阳痿遗精，或阳衰无子，或小便自遗，或食少便溏，舌淡苔白，脉沉迟。

	　　本方系由肾气丸减去“三泻”，即泽泻、牡丹皮、茯苓，加鹿角胶、菟丝子、杜仲、枸杞子、当归而成。方中集温补药与滋补药于一方，纯补无泻，故益肾壮阳之力颇著；补阳药与补阴药合用，则体现了“阴中求阳”的用药法则。为填精温阳之峻剂，适用于肾阳不足，命门火衰证。

	　　【方歌】肾气丸补肾阳虚，地黄山药及山萸，苓泽丹皮合桂附，水中生火在温煦。
 
        
      
        
        最近更新时间：2014-01-18
",http://www.zhongyoo.com/fangji/sqw_1172.html,,
" 
	　　【方剂名】桑菊饮，出自《温病条辨》

	　　【组成】桑叶二钱五分(7.5g)， 菊花一钱(3g) ，杏仁二钱(6g)， 桔梗二钱(6g) ，甘草生八分(2.5g) ，薄荷八分(2.5g) ，连翘一钱五分(5g) ，苇根二钱(6g)。

	　　【用法】水二杯，煮取一杯，日二服。现代用法：水煎温服。

	　　【功效】疏风清热，宣肺止咳。

	　　【主治】风温初起。咳嗽，身热不甚，口微渴，脉浮数。

	　　【方解】本方证为风温袭肺，肺失清肃所致。风温客肺，肺失清肃，故以咳嗽为主证；虽卫表不疏，但感邪轻浅，为外感风热之轻证，故身热不甚，口微渴；脉浮数为风热表证之象。治宜疏风清热，宣肺止咳。方中桑叶甘寒质润，轻清疏散，长于散肺中风热以止咳；菊花辛甘性寒，长于疏散上焦风热，清头目以肃肺，二者相须为用，共为君药。薄荷协助桑叶、菊花疏散风热，清利头目；杏仁苦降，肃降肺气，桔梗辛散，开宣肺气；二药相合，一宣一降，以复肺脏宣降而祛痰止咳，为宣降肺气的常用药对，共为臣药。连翘清上焦风热以解毒；芦根清热生津止渴，共为佐药。甘草调和诸药，为使药，与桔梗相配祛痰利咽。本方诸药皆为辛凉甘苦，轻清宣透之品，且用量颇轻，故为“辛凉轻剂”。

	　　【临床运用】

	　　1.用方要点：本方为一首“辛凉轻剂”，适用于风热或风温犯肺之轻证，以咳嗽、发热不甚，微渴，脉浮数为辨证要点。

	　　2.现代应用：本方常用于治疗感冒、急性支气管炎、上呼吸道感染、肺炎、急性扁桃体炎等属风热犯肺之轻证。

	　　【使用注意】本方为风热咳嗽轻证的常用方，风寒咳嗽不宜使用。所用药物均系轻清之品，不宜久煎。

	　　【方歌】桑菊饮中桔梗翘，杏仁甘草薄荷绕, 芦根为引轻清剂，风温咳嗽服之消。
 
        
      
        
        最近更新时间：2014-01-26
",http://www.zhongyoo.com/fangji/sjy_1212.html,,
" 
	　　【方剂名】泻白散，出自《小儿药证直诀》

	　　【组成】地骨皮 桑白皮炒，各一两(各15g) 甘草炙，一钱(3g)

	　　【用法】上药锉散，入粳米一撮，水二小盏，煎七分，食前服。现代用法：水煎服。

	　　【功效】清泻肺热，止咳平喘。

	　　【主治】肺热咳喘证。气喘咳嗽，皮肤蒸热，日晡尤甚，舌红苔黄，脉细数。

	　　【方解】本方证乃肺有伏火，肺失清肃所致。肺主气，宜清肃下降，肺有伏火，则气逆不降而为喘咳；肺合皮毛，肺热外蒸皮毛，则皮肤蒸热，日晡尤甚；舌红苔黄，脉象细数是热邪渐伤阴分之候。治宜清泻肺中郁热，平喘止咳。方中桑白皮甘寒入肺经，清泄肺热，止咳平喘，为君药。地骨皮甘寒，直人阴分而泻肺中伏火，为臣药，君臣相合能清泻肺火，使热清气降，蒸热咳喘之证自除。所用桑白皮、地骨皮均为平和之品，其不用芩连之苦寒，乃针对小儿稚阴之体，防其过寒伤正。炙甘草、粳米养胃和中，培土生金，共为佐使。四药合用，清中有润，泻中有补，既不是清透肺中实热以治其标，也不是滋阴润肺以治其本，而是清泻肺中伏火以消郁热。对小儿“稚阴”之体具有标本兼治之功，与肺为娇脏、不耐寒热的生理特点非常吻合。

	　　【临床运用】

	　　1.用方要点本方是治疗肺热咳喘的常用方，药力平和，尤宜于正气未伤，伏火不甚者。临证以咳喘气急，皮肤蒸热，舌红苔黄，脉细数为辨证要点。

	　　2.现代运用本方常用于治疗小儿麻疹初期，肺炎初期、支气管炎、支气管扩张、百日咳等属肺有伏火者。

	　　3.使用注意风寒咳嗽或肺虚喘咳者不宜使用。

	　　【方歌】泻白桑白地骨皮，甘草粳米四般宜，泻肺清热平咳喘，又可和中与健脾。
 
        
      
        
        最近更新时间：2013-05-04
",http://www.zhongyoo.com/fangji/xbs_556.html,,
" 
	　　【方剂名】瓜蒌薤白白酒汤，出自《金匮要略》

	　　【组成】瓜蒌实一枚(24g) 薤白半升(12g) 白酒七升(适量)

	　　【用法】三味同煎，取二升，分温再服。现代用法：加适量黄酒，水煎服。

	　　【功效】通阳散结，行气祛痰。

	　　【主治】胸痹证。胸部闷痛，甚或胸痛彻背，喘息咳唾，短气，舌苔白腻，脉沉弦或紧。

	　　【方解】本方所治胸痹系由胸中阳气不振，痰阻气滞所致。诸阳之气受于胸中而转行于背，胸中阳气不振，津液不得输布，凝聚为痰，痰阻气机，故胸部满痛，甚或胸痛彻背；痰浊阻肺，肺失宣降而上逆，故喘息咳唾，短气；舌苔白腻，脉沉弦或紧，均为痰浊结聚之征。本证胸阳不振为病之本，痰阻气滞为病之标，治宜通阳散结，行气祛痰。方以瓜蒌实为君，利气宽胸，祛痰散结。薤白为臣，温通胸阳，行气散结止痛。二药相配，一除痰结，一通气滞，相辅相成，为治胸痹之要药；佐以白酒，上行升散，行气活血，以助薤白行气通阳之功。本方药仅三味，但配伍严谨，可使胸中阳气宣通，痰浊消除，气机通畅，胸痹自除。

	　　【临床运用】

	　　1.用方要点：本方为治胸痹证的基础方，以胸痛，喘息短气，舌苔白腻，脉弦紧为辨证要点。

	　　2.现代应用：本方常用于治疗冠心病心绞痛、非化脓性肋骨炎、肋间神经痛等属胸阳不振，痰浊内阻者。

	　　【使用注意】本方性偏温燥，若胸痹证属阴虚有热者应忌用。方中白酒用量，当视患者酒量而定，一般可用30～60ml，不宜过多。

	　　【方歌】瓜蒌薤白白酒汤，通阳行气祛痰良，胸痛彻背喘息唾，胸痹心痛皆可尝。
 
        
      
        
        最近更新时间：2014-02-15
",http://www.zhongyoo.com/fangji/glxbbjt_1251.html,,
" 
	　　【方剂名】苓桂术甘汤，出自《金匮要略》

	　　【组成】茯苓四两(12g)桂枝去皮，三两(9g) 白术二两(6g) 甘草炙，二两(6g)

	　　【用法】上四味，以水六升，煮取三升，去滓，分温三服，小便则利。现代用法：水煎服。

	　　【功效】温阳化饮，健脾利湿。

	　　【主治】中阳不足之痰饮病。胸胁支满，目眩心悸.或短气而咳，舌苔白滑，脉弦滑。

	　　【方解】本方证为中焦阳虚，脾失健运，痰饮内生所致。中阳不足，气化不利，脾不运湿，聚湿生痰成饮。水饮停于胸胁，则胸胁胀满；痰饮阻遏上升之清阳，则头目眩晕；水饮上凌心肺，则心悸，短气而喘；舌苔白滑，脉弦滑，均为水饮内停之征。治宜温阳健脾化饮。方中茯苓甘淡性平，既健脾益气，又利湿化饮，为君药。饮属阴邪，非温不化，故以桂枝为臣药，温阳以化饮。苓、桂相伍，一利一温，湿邪去有利于阳气得复，阳气得复又有利于祛湿。以白术为佐药，健脾祛湿，脾气健则水湿得运。以甘草为使药，调药和中。药仅四味，配伍精当，温而不燥，利而不峻，共奏温阳化饮，健脾利湿之功。

	　　【临床运用】

	　　1.用方要点：本方为温阳化饮的主要方剂，以胸胁支满，目眩心悸，舌苔白滑为辨证要点。

	　　2.现代运用：本方常用于治疗慢性支气管炎、支气管哮喘、心源性或慢性肾小球肾炎所致的水肿属脾阳虚者。

	　　【方歌】苓桂术甘化饮剂，温阳化饮又健脾，饮邪上逆胸胁满，水饮下行悸眩去。
 
        
      
        
        最近更新时间：2014-01-24
",http://www.zhongyoo.com/fangji/lgsgt_1202.html,,
" 
	　　【方剂名】保和丸，出自《丹溪心法》

	　　【组成】山楂六两(180g)，半夏、茯苓各三两(各90g)，神曲二两(60g)，陈皮、连翘、莱菔子各一两(各30g)。

	　　【用法】上为末，炊饼丸如梧桐子大，每服七八十丸，食远白汤下。现代用法：共为末，水泛为丸，每服6～9g，温开水送服。

	　　【功效】消食和胃，清热化湿。

	　　【主治】食积内停。胸脘痞满胀痛，嗳腐吞酸，厌食呕吐，或大便稀溏，苔黄厚腻，脉滑。

	　　【方解】本证系由饮食不节，暴饮暴食所致。饮食太过，脾运不及，食积内停，气机受阻，故胸脘痞闷或胀痛；食积中阻，升降功能失常，浊阴不降，则嗳腐吞酸，厌食呕吐，清阳不升，则大便稀溏；苔黄厚腻，脉滑，为有形实邪内停，生湿化热之征。总之，病机为饮食停滞，气机受阻，胃气不和。治宜消食和胃。方中重用山楂，消一切食积，尤善消肉食油腻之积，为君药。神曲消食健脾，善消酒食陈腐之积；莱菔子消食下气，善消谷面痰气之积，共为臣药。君臣相合，可消各种食积。半夏、陈皮行气化滞，和胃止呕，消除食阻气机之证；食积内停，易生湿化热，故配茯苓健脾祛湿，和中止泻；连翘清热散结，共为佐药。诸药合用，使食积得化，胃气得和，共奏消食和胃之功。由于本方药力和缓平稳，故以“保和”命名。

	　　【临床运用】

	　　1.用方要点：本方为治疗食积的通用方，以脘腹胀满，嗳腐厌食，苔厚腻，脉滑为辨证要点。

	　　2.现代应用：本方常用于治疗急慢性胃炎、肠炎、慢性胆囊炎、消化不良、婴儿腹泻等属食积内停者。

	　　【使用注意】脾虚食滞者不宜使用。

	　　【方解】保和神曲与山楂，陈苓夏翘菔子加，消食和胃化湿结，更可方中用麦芽。
 
        
      
        
        最近更新时间：2014-03-31
",http://www.zhongyoo.com/fangji/bhw_1422.html,,
" 
	　　【方剂名】川芎茶调散，出自《太平惠民和剂局方》

	　　【组成】川芎、荆芥去梗各四两(各120g)， 白芷、羌活、甘草各二两(各60g) ，细辛一两(30g) ，防风去芦一两半(45g) ，薄荷不见火八两(240g)。

	　　【用法】上为细末，每服二钱(6g)，食后清茶调下。现代用法：作汤剂，水煎服，用量按原方比例酌减。

	　　【功效】疏风止痛。

	　　【主治】外感风邪头痛。偏正头痛或巅顶作痛，恶寒发热，目眩鼻塞，舌苔薄白，脉浮。

	　　【方解】本方所治乃为风邪外袭，阻遏清阳所致。风邪外袭，上犯头目，故头痛目眩，由于风性数变，故其痛或偏或正，或巅顶作痛，或牵引眉棱骨痛，若头痛作止无时，称为头风。风邪束表，卫阳不宣，邪正抗争，则恶寒发热，肺气不利，则鼻塞，舌苔薄白，脉浮为风邪外袭之征。治宜散风邪，止头痛。因巅顶之上，惟风药可到也，方中用川芎祛风止痛，为治各经头痛的要药，尤善治少阳、厥阴经头痛(两侧或巅顶痛)，又辛散活血止痛，寓“治风先治血，血行风自灭”之意，为君药。薄荷、荆芥辛散轻扬，疏风止痛，清利头目，且薄荷用量独重，以其辛凉之性，制其诸风药之温燥，为臣药。羌活、白芷、细辛、防风疏风散邪治头痛。其中羌活镇痛力强，善治太阳经头痛(后头痛牵连项部)，白芷善通窍止痛，治阳明经头痛(前额及眉棱骨痛)，细辛散寒止痛，长于治少阴经头痛(头痛连齿)，并宣通鼻窍，防风疏风解表，为佐药。甘草调和诸药，缓和风药之燥性，服时用清茶调服，取其苦凉轻清，清上降下，使升中有降，不致升散太过，共为使药。诸药合用，疏风药众，止痛效宏，又引经用药，诸经头痛均治。

	　　【临床运用】

	　　1.用方要点：本方为治风邪头痛的常用方，以头痛，鼻塞，脉浮为辨证要点。

	　　2.现代应用：本方常用于治疗普通感冒、流行性感冒所致的头痛、偏头痛、血管神经性头痛、慢性鼻炎所引起的头痛，属风邪为患者。

	　　【使用注意】本方辛散药物较多，故凡久病气虚、血虚，或肝肾不足，阳气亢盛之头痛，则非本方所宜。

	　　【附】菊花茶调散(《医方集解》)：即川芎茶调散原方加菊花一钱(3g)僵蚕三分(lg)共为细末，每服二钱(6g).食后清茶调服。功效：疏散风热，清利头目。主治：风热上攻，头晕目眩及偏正头痛。

	　　本方在川芎茶调散的基础上，加菊花、僵蚕以散风热，故对偏正头痛及眩晕而偏于风热者较为适宜。

	　　本方的服法是饭后用清茶调服。其因：一是本方药多为风药，辛温升散，清茶苦凉，能清上降下，既能清利头目，又制风药过于温燥与升散，使升有降。二是本方药物大部分含有挥发成分，入煎剂时，易失去有效成分，使药效降低，故用清茶调服，以保护挥发性成分不致丢失。现临床将此方多制成袋泡茶剂，以保护挥发性成分不致丢失，且浸出率高、简便易行，故中药袋泡茶剂具有很大的开发潜力。

	　　【方歌】川芎茶调用荆防，辛芷薄荷甘草羌，目昏鼻塞风攻上，偏正头痛悉能康。
 
        
      
        
        最近更新时间：2014-03-18
",http://www.zhongyoo.com/fangji/cxcds_1383.html,,
" 
	　　【方剂名】百合固金汤，出自《慎斋遗书》

	　　【组成】百合一钱半(4.5g) 熟地黄生地黄 当归身各三钱(各9g) 白芍(6g) 甘草(3g)各一钱桔梗玄参各八分(各2g) 贝母麦冬各一钱半(4.5g)

	　　【用法】水煎服。

	　　【功效】养阴润肺，止咳化痰。

	　　【主治】肺肾阴虚，虚火上炎证。咳嗽吐痰，或痰中带血，咽喉燥痛，潮热盗汗，舌红少苔，脉细数。

	　　【方解】本方证为肺肾阴虚，虚火上炎所致。肺失清肃而气逆，则咳嗽吐痰；阴虚火动，虚火上炎，故咽喉燥痛；虚火灼伤肺络，则痰中带血；阴虚内热，故潮热盗汗；舌红少苔，脉细数均为虚热之征。治宜养阴润肺，止咳化痰。方中百合生津润肺；生地黄、熟地黄并用，滋肾壮水，以制虚火，其中生地黄兼能凉血止血。三药相伍润肺滋肾，金水并补，共为君药。麦冬、玄参养阴清热，同养肺阴，共为臣药。贝母、桔梗润肺化痰止咳；当归、白芍养血敛阴，同为佐药。甘草调和诸药，并配桔梗利咽喉，为使药。诸药合用，使肺肾之阴渐充，虚火自清，以达固护肺金之目的，故名“百合固金汤”。

	　　【临床运用】

	　　1.用方要点本方为治肺肾阴虚咳嗽的常用方，以咳嗽，咽喉燥痛，舌红少苔，脉细数为辨证要点。

	　　2.现代运用本方常用于治疗肺结核、慢性支气管炎、支气管扩张、慢性咽炎等属肺肾阴虚，虚火上炎者。

	　　【使用注意】本方药物多为甘寒滋腻之品，脾胃虚寒，食少便溏者，应慎用。

	　　【方歌】百合固金二地黄，玄参贝母桔甘藏， 麦冬芍药当归配，喘咳痰血肺家伤。
 
        
      
        
        最近更新时间：2013-12-16
",http://www.zhongyoo.com/fangji/bhgjt_1021.html,,
,http://www.zhongyoo.com/fangji/page_4.html,,
" 
	　　【方剂名】白虎汤，出自《伤寒论》

	　　【组成】 石膏一斤，碎(50g) 知母六两(18g) ，甘草二两，炙(6g) 粳米六合(9g)。

	　　【用法】上四味，以水一斗，煮米熟汤成，去滓，温服一升，日三服。现代用法：水煎服。

	　　【功效】清热生津。

	　　【主治】阳明气分热盛证。壮热面赤，烦渴引饮，汗出恶热，脉洪大有力。

	　　【方解】本方证是由于伤寒化热内传阳明之经，或温病邪传气分所致，即阳明气分热盛证。里热炽盛，向外熏蒸，迫津外泄，故见壮热面赤，汗出恶热；热灼津伤，则烦渴引饮；脉洪大为里热炽盛之象。治宜直清里热，除烦生津。方中石膏辛甘大寒，善于清解阳明经热邪，透热出表，除烦止渴，故重用为君药。知母苦寒质润，苦寒可助石膏清泄肺胃实热，质润能滋阴润燥以救阴，为臣药。君臣相须为用，既可大清气分之热，又能滋阴生津，功效倍增。炙甘草、粳米益胃和中，并防石膏、知母大寒伤胃，为佐使药。四药合用，使热邪得清，津液得复，诸证自愈。白虎为西方金神，用以名汤，比喻其清热之力浩大。

	　　【临床运用】

	　　1.用方要点本方为治疗阳明气分热盛证的代表方。临床以大热、大渴、大汗、脉洪大为辨证要点。

	　　2.现代运用本方常用于治疗感染性疾病，如大叶性肺炎、流行性乙型脑炎、流行性出血热、牙龈炎，以及小儿夏季热、糖尿病等属气分热盛者。

	　　【使用注意】凡表证未解的无汗发热，口不渴者；血虚发热，脉洪而重按无力者；真寒假热的阴盛格阳证等均不可误用。

	　　白虎汤中为何配伍粳米?本方主治阳明胃经热盛，粳米为谷物，具有甘缓留中之能，使方中石膏、知母寒凉苦降之力“不速下行”而“留连于胃中”，以保证药力留驻中焦，以最大限度发挥本方的“清中”的作用。现代研究及临床实践证明，本方中粳米可使药液质地黏稠，浓度增大，有利于方中石膏等有效微细颗粒尽可能悬浮于药液中，从而大大地提高方中药物的溶解度，以增强本方的退热效应。

	　　【方歌】 白虎膏知甘草粳，气分大热此方清，热渴汗出脉洪大，加入人参气津生。
 
        
      
        
        最近更新时间：2013-12-12
",http://www.zhongyoo.com/fangji/bht_1007.html,,
" 
	　　【方剂名】葛根芩连汤，出自《伤寒论》

	　　【组成】葛根半斤(15g) ，炙甘草二两(6g) ，黄芩三两(9g)， 黄连三两(9g)。

	　　【用法】上四味，以水八升，先煮葛根，减二升，内诸药，煮取二升，去滓，分温再服。现代用法：水煎服。

	　　【功效】解表清里。

	　　【主治】协热下利证。身热下利，胸脘烦热，口干作渴，喘而汗出，舌红苔黄，脉数或促。

	　　【方解】本方证在《伤寒论》中称为太阳阳明协热下利，其因是太阳表邪未解，误用下法，表邪内陷阳明所致。表邪内陷，致阳明大肠热盛，肠失传导，故见身热下利，臭秽稠黏，肺与大肠相表里，大肠热盛，迫肺蒸表伤津，则胸脘烦热，口渴，喘而汗出。治宜外解表邪，内清肠胃之热。方中葛根解肌退热，升脾胃清阳而止泻，其先煮葛根使“解肌之力优而清中之气锐，”重用为君。黄芩、黄连清热燥湿，善清胃肠湿热而止利，共为臣药。甘草甘缓和中，调和诸药，为使药。四药合用，外疏内清，表里同治，可使表解里和，身热下利得愈。本方虽能解表清里，但从药物配伍来看，应以清里热为主，故对热泻、热痢，不论有无表证，皆可用之。

	　　【临床运用】

	　　1.证治要点本方是治疗热泻、热痢的常用方，简称葛根芩连汤。临床以身热下利，苔黄、脉数为辨证要点。

	　　2.现代运用本方常用于治疗急性肠炎、细菌性痢疾、肠伤寒、胃肠型感冒等属表证未解，里热甚者。

	　　【使用注意】若下利而不发热，苔白脉迟，证属虚寒或寒湿者，则不宜使用此方。

	　　【方歌】 葛根黄芩黄连汤，再加甘草共煎尝，邪陷阳明成热痢，清里解表保安康。
 
        
      
        
        最近更新时间：2014-01-07
",http://www.zhongyoo.com/fangji/ggqlt_1118.html,,
" 
	　　【方剂名】半夏厚朴汤，出自《金匮要略》。

	　　【组成】半夏一升(12g)、厚朴三两(9g) 、茯苓四两(12g)、 生姜五两(15g) 、苏叶二两(6g)。

	　　【用法】以水七升，煮取四升，分温四服，日三夜一服。现代用法：水煎服。

	　　【功效】行气散结，降逆化痰。

	　　【主治】梅核气。咽中如有物阻，咯吐不出，吞咽不下，胸胁满闷，或咳或呕，舌苔白润或滑腻，脉滑或弦。

	　　【方解】本方主治梅核气是由情志不畅，痰气互结咽喉所致。情志不畅，肝气郁结，致肺胃宣降失常，聚津为痰，气郁痰阻，互结于咽喉，故咽中如有物阻，咯吐不出，吞咽不下，胸胁满闷；痰气上逆，肺、胃失和，则或咳或呕；舌苔白润或滑腻，脉滑或弦，均为痰阻气滞之征。气不行则郁难开，痰不化则结难散，故治宜化痰、行气兼顾，使气行则郁开，痰化则结散。方中半夏化痰开结，降逆和胃，重在降逆；厚朴下气除满，以散胸中滞气，重在行气，二者相伍，一化痰结，一行气滞，痰气并治，使痰降则气行，郁开则痰降，共为君药。茯苓渗湿健脾，助半夏祛湿化痰；苏叶芳香宣肺，顺气宽胸，宣通胸中之郁结之气，助厚朴顺气宽胸，共为臣药。生姜和胃降逆止呕，且制半夏之毒，为佐药。五药辛苦合用，辛以开结，苦能降逆，温以化痰，共奏行气散结，降逆化痰之功。

	　　【临床运用】

	　　1.用方要点本方为治疗梅核气的代表方，以咽中如有物阻，咯吐不出，吞咽不下，苔白腻，脉弦滑为辨证要点。

	　　2.现代应用本方常用于治疗癔症、胃神经官能症、慢性咽炎、咽部异感症、慢性支气管炎、食管痉挛等属气滞痰阻者。

	　　【使用注意】本方药物多苦温辛燥，适宜于痰气互结偏于寒性者；若见颧红口苦，舌红少苔，阴伤津少者，为气郁化火，痰火互结所致，虽有梅核气症状，亦不宜使用。

	　　【方歌】半夏厚朴与紫苏，茯苓生姜共煎服，痰凝气滞成梅核，降逆开郁气自舒。

	　　【知识拓展】半夏厚朴汤为治梅核气的专方。其病证特点：一是病位在咽喉，二是病性多为自感觉异常，如梅核塞于咽喉，但不碍饮食，故而得名。现代医学称此病为咽部异物症，或咽喉神经官能症、癔症球等。主要与精神情绪因素密切相关，属非器质性咽异感症。现代研究：本方能显著抑制麻醉猫电刺激喉上神经的喉反射，可消除咽中有异物感之感觉，故可治疗梅核气。
 
        
      
        
        最近更新时间：2013-12-20
",http://www.zhongyoo.com/fangji/bxhpt_1040.html,,
" 
	　　【方剂名】九味羌活汤，出自《此事难知》。

	　　【组成】羌活一两半(9g)、 防风一两半(9g) 、苍术一两半(9g)、 细辛五分(3g) 、川芎一两(6g) 、白芷一两(6g) 、生地黄一两(6g) 、黄芩一两(6g)、 甘草一两(6g)。

	　　【用法】上九味畋咀，水煎服。若急汗，热服，以羹粥投之；若缓汗，温服，而不用汤投之。现代用法：水煎温服。

	　　【功效】发汗祛湿，兼清里热。

	　　【主治】外感风寒湿邪，兼有里热证。恶寒发热，肌表无汗，头痛项强，肢体酸楚疼痛，口苦微渴，苔白或微黄，脉浮。

	　　【方解】本方证为外感风寒湿邪，内有蕴热所致。风寒湿邪束于肌表，卫阳被遏，故恶寒发热，无汗头痛；寒湿相搏，阻滞经络，气血运行不畅，则见项强及肢体酸楚疼痛；内有蕴热，故口苦微渴；苔白或微黄，脉浮均为外有表证，内有蕴热之征。治宜散寒除湿，兼清里热。方中羌活辛苦温，人太阳经，祛风散寒，除湿止痛，善除太阳经之风寒湿邪，利关节，止痹痛为君药。防风主人少阳、厥阴经，祛风除湿；苍术发汗祛湿，善除太阴经寒湿；两药相合，助羌活散寒除湿，共为臣药。细辛善治少阴头痛，川芎善治少阳厥阴头痛，白芷善治阳明头痛。此三味合用，能发散风寒湿邪，行气活血以止头身疼痛。上药相合，为“分经论治”的基本结构；黄芩、生地黄清泄里热，监制辛燥之品伤津，共为佐药。甘草调和诸药为使。九味药配伍，共奏发汗祛湿，宣痹止痛，兼清里热之功。

	　　【临床运用】

	　　1.用方要点本方为治四时感冒风寒湿邪，表实无汗而兼有里热的常用方，以恶寒发热，头痛无汗，肢体酸痛，口苦微渴为辨证要点。

	　　2.现代应用本方常用于治疗感冒、偏头痛、风湿性关节炎、坐骨神经痛等属外感风寒湿邪，兼有里热者。

	　　【使用注意】本方为辛温燥烈之剂，有伤阴劫液之弊，故风热表证、里热亢盛及阴虚内热者不宜使用。

	　　【方歌】九味羌活用防风，细辛苍芷与川芎, 黄芩生地同甘草，分经论治宜变通。
 
        
      
        
        最近更新时间：2013-12-18
",http://www.zhongyoo.com/fangji/jwqht_1033.html,,
,http://www.zhongyoo.com/fangji/page_2.html,,
" 
	　　【方剂名】理中丸，出自《伤寒论》

	　　【组成】人参、干姜、甘草炙、白术各三两(各9g)。

	　　【用法】上四味，捣筛，蜜和为丸，如鸡子黄许大(9g)。以沸汤数合，和一丸，研碎，温服之，日三四服，夜二服。腹中未热，益至三四丸，然不及汤。汤法：以四物依两数切，用水八升，煮取三升，去滓，温服一升，日三服。服汤后，如食顷，饮热粥一升许，微自温，勿发揭衣被。现代用法：上药共研细末，炼蜜为丸，重9g，每次1丸，温开水送服，每日2～3次。或作汤剂，水煎服，用量酌定。

	　　【功效】温中祛寒，益气健脾。

	　　【主治】

	　　1.脾胃虚寒证。脘腹疼痛，喜温喜按，呕吐下利，腹满食少，畏寒肢冷，口淡不渴，舌淡苔白，脉沉细或沉迟无力。

	　　2.阳虚失血证便血、吐血、衄血或崩漏等，血色暗淡，质清稀。

	　　3.脾胃虚寒所致的胸痹，或小儿慢惊，或病后喜唾涎沫等。

	　　【方解】本方所治诸证皆由脾胃虚寒，升降失常所致。本方证治广泛，但总属脾胃虚寒。一则失于温煦，症见脘腹疼痛，喜温喜按，畏寒肢冷或胸痹证；二则运化失常，症见腹满食少；三则升降失常，症见呕吐下利；四则摄纳无权，症见阳虚失血，或病后喜唾涎沫等。舌淡苔白润，口不渴，脉沉细或沉迟无力皆为虚寒之象。治宜温中祛寒，补气健脾。方中以干姜为君，大辛大热，温中祛寒，扶阳抑阴，为振奋脾阳之要药。以人参之补，益气健脾，以复运化，为臣药。君臣相配，温养中焦脾胃阳气，以复运化、统摄、升降之能。以白术之燥，健脾燥湿，防脾虚生湿，为佐药。以炙甘草之和，益气和中，为使药。四药相配，一温一补一燥，使脾胃阳气振奋，寒邪祛除，则运化升降功能恢复诸证自愈。本方在《金匮要略》中作汤剂，称“人参汤”。理中丸方后亦有“然不及汤”四字。盖汤剂较丸剂作用力强而迅速，临床可视病情之缓急酌定使用剂型。

	　　【临床运用】

	　　1.用方要点：本方为温补脾胃，治疗中焦虚寒的要方。以自利不渴，呕吐腹痛，舌淡苔白，脉沉细为辨证要点。

	　　2.现代运用：本方常用于治疗急慢性胃肠炎、胃及十二指肠溃疡、胃痉挛、胃下垂、胃扩张、慢性结肠炎等属脾胃虚寒者。

	　　【使用注意】湿热内蕴中焦或脾胃阴虚者禁用。

	　　【附】附子理中丸(《太平惠民和剂局方》)：人参去芦 白术剉 干姜炮甘草炙，丛剉附子炮，去皮脐各一两(各30g)共研细末，炼蜜为丸，每两作十丸，每服一丸，稍热食前服，每日2次。功效：温阳祛寒，益气健脾。主治：中焦虚寒，阳虚较甚。症见脘腹疼痛，下利清谷，或霍乱吐利转筋等。附子理中丸是在理中丸的基础上加用大辛大热的附子，脾肾双补，补火生土。其温中散寒之力更强，且能温肾，适用于中焦虚寒之重证，或兼肾阳虚衰，火不生土者。

	　　【方歌】理中丸主温中阳，人参甘草术干姜，呕利腹痛阴寒盛，再加附子更扶阳。
 
        
      
        
        最近更新时间：2014-02-27
",http://www.zhongyoo.com/fangji/lzw_1298.html,,
" 
	　　【方剂名】大柴胡汤，出自《金匮要略》

	　　【组成】柴胡半斤(15g) 黄芩三两(9g) 芍药三两(9g) 半夏半升，洗(9g) 生姜五两，切(15g) 大枣十二枚，擘(5枚) 枳实四枚，炙(9g) 大黄二两(6g)

	　　【用法】上八味，以水一斗二升，煮取六升，去滓，再煮，温服一升，日三服。现代用法：水煎，去滓。再煎，分2次温服。

	　　【功效】和解少阳，内泻热结。

	　　【主治】少阳、阳明合病。往来寒热，胸胁苦满，呕不止，郁郁微烦，心下痞硬，或心下满痛，大便不解或协热下利，舌苔黄，脉弦有力。

	　　【分析】本方证为少阳邪热未解，初入阳明所致。但仍以少阳为主，故见往来寒热，胸胁苦满，说明病位仍未离少阳；但较小柴胡汤为重，则见郁郁微烦，呕不止；邪热初入阳明，虽有热结，但里实不甚，则见心下满痛，大便不解或协热下利，舌苔黄，脉弦有力。治宜和解少阳，内泻热结。本方系小柴胡汤与小承气汤两方加减合成，是和解与泻下并用的方剂。方中重用柴胡，疏散少阳半表之邪，为君药。配伍黄芩清泄胆胃之热，与柴胡合用，和解少阳；大黄通腑泻热，祛瘀利胆；枳实破气消积，二药合用，内泻阳明热结，共为臣药。芍药缓急止痛，以解心下急痛，半夏配伍生姜，和胃降逆止呕，皆为佐药。生姜、大枣调和诸药，共使药。综观全方，和解之中兼泻阳明，表里同治，使少阳得解，热结得下，内外诸证自除。方名“大柴胡汤”，是与小柴胡汤相对而言，小柴胡汤仅治少阳病，本方则治少阳阳明合病，其力量较小柴胡汤大，故名大柴胡汤。

	　　【临床运用】

	　　1.用方要点：本方为治少阳阳明合病的常用方。临床以往来寒热，胸胁苦满，心下满痛，呕吐便秘，苔黄，脉弦数为辨证要点。

	　　2.现代运用：常用本方常用于治疗急性胰腺炎、急性胆囊炎、胆石症、胃及十二指肠溃疡等属少阳阳明合病者。

	　　【使用注意】本方为少阳阳明合病而设，单纯少阳证或阳明证及少阳阳明合病而阳明尚未热结成实者均非本方所宜。

	　　【功用鉴别】大、小柴胡汤均有柴胡、黄芩、生姜、半夏、大枣，均有和解少阳之功，用治少阳病。但大柴胡汤兼能内泻热结，用治少阳、阳明合病，以往来寒热，胸胁苦满，心下满痛，呕吐便秘为主证；小柴胡汤功专和解少阳，又能扶正，用治少阳病，以往来寒热，胸胁苦满，口苦咽干，脉弦为主证。

	　　【方歌】大柴胡汤用大黄，芩枳夏芍枣生姜，少阳阳明同合病，和解攻里效无双。
 
        
      
        
        最近更新时间：2014-01-23
",http://www.zhongyoo.com/fangji/dcht_1196.html,,
" 
	　　【方剂名】凉膈散，出自《太平惠民和剂局方》

	　　【组成】川大黄朴硝甘草炙各二十两(各600g)、 山栀子仁薄荷去梗黄芩各十两(各500g)、 连翘二斤半(1250g)。

	　　【用法】上药为粗末，每服二钱(6g)，水一盏，人竹叶七片，蜜少许，煎至七分，去滓，食后温服。小儿可服半钱，更随岁数加减服之。得利下止服。现代用法：水煎服。

	　　【功效】泻火通便，清上泄下。

	　　【主治】上中二焦积热证。身热口渴，面赤唇焦，胸膈烦热，口舌生疮，或咽痛吐衄，便秘溲赤，舌红苔黄，脉滑数。

	　　【方解】积热郁滞上、中二焦所致。积热郁滞胸膈，郁而不达，则身热不已，胸膈烦热；火热上冲，则面赤唇焦，口舌生疮；积热日久，伤津化燥，则便秘溲赤；舌红苔黄，脉滑数，为实热内积之象。治宜清上泻下并举，以清泄膈热。方中重用连翘，清热解毒，以清透胸膈郁热于上，为君药。黄芩清热泄火，以清胸膈肺热见长；栀子清三焦之火，引热下行；大黄、芒硝通腑泻热，“以泻代清”，为臣药。薄荷、竹叶外散内清，清散郁热于上，为佐药。甘草、白蜜益胃生津润燥，以缓硝、黄之峻下之力，为佐使药。诸药合用，清上泻下并行，使郁热从前后分消，体现了“以泻代清”之法。

	　　【临床运用】

	　　1.用方要点本方为治上中二焦积热证的常用方。临床以胸膈烦热，面赤唇焦，烦躁口渴，舌红苔黄，脉滑数为辨证要点。

	　　2.现代运用本方常用于治疗咽喉炎、口腔炎、急性扁桃体炎、胆道感染、急性黄疸性肝炎等属上中二焦积热，聚于胸膈者。

	　　【使用注意】服用本方得利下则停服，以免损伤脾胃。

	　　【方歌】 凉膈硝黄栀子翘，黄芩甘草薄荷饶，竹叶蜜煎疗膈上，中焦燥实服之消。
 
        
      
        
        最近更新时间：2013-12-28
",http://www.zhongyoo.com/fangji/lgs_1076.html,,
" 
	　　【方剂名】大承气汤，出自《伤寒论》。

	　　【组成】大黄四两，酒洗(12g)、厚朴八两，去皮，炙(24g) 、枳实五枚(12g)、 芒硝三合(6g)。

	　　【用法】上四味，以水一斗，先煮二物，取五升，去滓，内大黄，更煮取二升，去滓，内芒硝，更上微火一二沸，分温再服。得下，余勿服。现代用法：用水适量，先煎厚朴、枳实，后下大黄，芒硝溶服。

	　　【功效】峻下热结。

	　　【主治】

	　　1.阳明腑实证大便秘结不通，矢气频转，脘腹痞满而硬，疼痛拒按，日晡潮热，手足溅然汗出，谵语，舌苔焦黄起刺，或焦黑燥裂，脉沉实。

	　　2.热结旁流下利清水，色纯青而臭秽，脐腹疼痛，按之坚硬有块，口干舌燥，脉滑实。

	　　3.热厥、痉病和狂证而见有里热实证者。

	　　【方解】本方证为伤寒邪传阳明化热，肠热津伤，燥屎内结，腑气不通所致。实热内结，腑气不通，故见大便秘结不通，矢气频转，脘腹痞满而硬，疼痛拒按；四肢禀气于阳明，阳明经气旺于申酉时，里热炽盛，蒸腾于外，故日晡潮热，手足溅然汗出；浊气上攻，扰乱神明，则谵语；舌苔焦黄起刺，或焦黑燥裂，脉沉实，均为热盛伤津，燥屎内结之象。前人将阳明腑实证归纳为“痞、满、燥、实”四种：“痞”指自觉胸脘有痞塞压重感；“满”指脘腹胀满，按之有抵抗感；“燥”指肠有燥屎，干结不下；“实”指腹痛拒按，大便不通。总之，本证为热邪与燥屎内结于肠胃，里热炽盛。治宜釜底抽薪，急下存阴。

	　　方中大黄苦寒通降，泻热通便，荡涤肠胃积滞，且生用并后下，荡涤之力更锐，治“实”而为君药。然大黄虽长于荡涤实热，但无软坚之力，故配以芒硝，咸寒润降，软坚润燥，以攻燥结，治“燥”为臣药。二药相须为用，以增峻下热结之力。燥屎内结，腑气不通，故用厚朴宽肠下气，化滞除胀以治“满”；枳实行气消积以治“痞”，二药既可调畅气机而除痞满，以消无形之气滞，又可助硝、黄之荡涤之力，共为佐使药。四药相配，泻下与行气并用，则痞、满、燥、实俱去，起到急下存阴的作用。

	　　热结旁流：是阳明腑实证的一种假象。其因是由里热炽盛，燥屎结于肠中欲排不能，以致少量粪水从旁流出所致。此时，虽下利稀水，色纯青而臭秽，但仍脐腹疼痛，按之坚硬有块，口干舌燥，脉滑实。其下利稀水为假象，本质仍为“热结”，治宜大承气汤以峻下之，乃为“通因通用”之法。

	　　热厥：其因是由实热积滞闭阻，阳遏内郁不达四末，致阳盛格阴，故见四肢厥冷而为热厥，其厥为假象，热为本质，治宜大承气汤以寒下之，乃为“寒因寒用”之法。若实热内结，热盛伤津，筋脉失养则症见抽搐而发为痉病；阳明热甚，上扰神明，则神昏谵语，发为狂证，治宜大承气汤以泄之，乃为“釜底抽薪”之法。

	　　【临床运用】

	　　1.用方要点本方为寒下峻剂，用于里实证，以痞满燥实四证俱全为辨证要点。

	　　2.现代应用本方常用于治疗单纯性肠梗阻、粘连性肠梗阻、蛔虫性肠梗阻、急性胆囊炎、急性胰腺炎，以及某些热性疾病过程中出现高热，谵语，神昏，惊厥，发狂而见大便不通，苔黄脉实者。

	　　【使用注意】凡气虚阴亏，燥结不甚者，以及年老、体弱、孕妇等均应慎用。本方作用峻猛，应中病即止，切勿过剂。

	　　【附注】

	　　1.小承气汤(《伤寒论》) 大黄四两，酒洗(12g) 厚朴二两，去皮，炙(6g) 枳实三枚大者，炙(9g)水煎分两次温服。初服得下，则停服，不下者，则尽饮之。功效：轻下热结。主治：阳明腑实轻证。症见大便不通，谵语潮热，脘腹痞满，舌苔老黄，脉滑而疾；或痢疾初起，腹中胀痛，里急后重者。

	　　2.调胃承气汤(《伤寒论》)酒大黄12g炙甘草6g芒硝l0g先煎大黄、甘草，煎成去渣，内芒硝，微火煮一二沸，一次温服之。功效：缓下热结。主治：阳明肠胃燥热。症见大便不通，口渴心烦，蒸蒸发热，或腹中胀满，舌苔正黄，脉滑数；或以及肠胃积热而致发斑，口齿咽喉肿痛等。

	　　【功用鉴别】大承气汤、小承气汤、调胃承气汤俗称“三承气汤”。三方均有大黄，均能寒下热结，主治阳明腑实证。其中，大承气汤中硝、黄同用，大黄生用且后下，又加枳、朴，泻下之力最强，能峻下热结，主治阳明腑实重证，以痞、满、燥、实俱全为主；小承气汤中去芒硝，并减枳、朴用量，且三药同煎，泻下之力较轻，能轻下热结，主治阳明腑实之轻证，以痞、满、实而不燥为主；调胃承气汤中去枳、朴，加甘草与大黄同煎，泻下之力和缓，能缓下热结，主治阳明腑实证以燥、实而无痞、满者为主。

	　　【方歌】大承气汤用硝黄，配以枳朴效力彰，阳明腑实痞满坚，峻下热结此方良。
 
        
      
        
        最近更新时间：2013-12-25
",http://www.zhongyoo.com/fangji/dcqt_1064.html,,
" 
	　　【方剂名】苓甘五味姜辛汤，出自《金匮要略》

	　　【组成】茯苓四两(12g)，甘草三两(9g)， 干姜三两(9g)， 细辛三两(6g) ，五味子半升(6g)

	　　【用法】上五味，以水八升，煮取三升，去滓，温服半升，日三服。现代用法：水煎服。

	　　【功效】温肺化饮。

	　　【主治】寒饮内停证。咳嗽吐痰，量多色白清稀，喜唾涎沫，胸满喘逆，舌苔白滑，脉沉迟等。

	　　【方解】本方证是由于脾胃阳虚，运化失职，湿聚成饮，寒饮犯肺所致。寒饮犯肺，肺失宣降，故咳嗽吐痰，量多色白质稀；脾虚寒饮不化，则喜唾涎沫；痰聚气壅，则胸满气喘；舌苔白滑，脉沉迟，为寒痰之征。《金匮要略》云：“病痰饮者，当以温药和之”，故治宜温肺化饮。方中干姜辛热，人脾肺经，既温肺散寒以化饮，又温运脾阳以化湿，为君药。细辛温肺化饮；茯苓健脾渗湿，既使湿从小便而去，又能健脾以治生痰之源，共为臣药。五味子收敛肺气，敛阴止咳，又防干姜、细辛辛散耗气，与之相伍，散收并行，收不恋邪，散不伤正，为佐药。甘草调和诸药，为使药。诸药合用，脾肺同治，温散并行，开中有合，标本兼顾，药虽五味，法度严谨。

	　　【临床运用】

	　　1.用方要点：本方为治寒痰的常用方，以咳嗽痰稀色白，舌苔白滑为辨证要点。

	　　2.现代运用：本方常用于治疗慢性支气管炎、肺气肿等属寒饮者。

	　　【方歌】苓甘五味姜辛汤，温阳化饮常用方，咳嗽痰多苔白滑，温肺化痰保安康。
 
        
      
        
        最近更新时间：2014-03-01
",http://www.zhongyoo.com/fangji/lgwwjxt_1308.html,,
" 
	　　【方剂名】补中益气汤，出自《脾胃论》

	　　【组成】黄芪病甚，劳倦热甚者一钱(18g)，甘草炙五分(9g)，人参去芦三分(9g)，当归酒焙干或晒干二分(3g)，橘皮不去白二分或三分(6g)，升麻二分或三分(6g)，柴胡二分或三分(6g)，白术三分(9g)。

	　　【用法】上畋咀，都作一服，水二盏，煎至一盏，去滓，食远稍热服。现代用法：水煎服。或作丸剂，每服10～15g，日2～3次，温开水或姜汤下。

	　　【功效】补中益气，升阳举陷。

	　　【主治】

	　　1.脾胃气虚证：少气懒言，体倦肢软，面色咣白，饮食减少，大便稀溏，舌淡，脉大而虚软。

	　　2.气虚发热证：身热，自汗，渴喜热饮，气短乏力，舌淡，脉虚。

	　　3.气虚下陷证：脱肛，子宫脱垂，久泻，久痢，崩漏等，气短乏力。

	　　【方解】本方证系脾胃气虚、清阳下陷所致。脾胃气虚，纳运乏力，故饮食减少、少气懒言、大便稀薄；脾主升清，脾虚气陷，故见脱肛、子宫下垂等；清阳陷于下焦，郁遏不达则发热，因非实火，故其热不甚，病程较长，时发时止；气虚腠理不固，阴液外泄则自汗。治宜补中益气，升阳举陷。方中重用黄芪补中益气，固表止汗，升阳举陷，为君药。人参、白术、炙甘草甘温益气健脾，共为臣药。血为气之母，故用当归养血和营；陈皮理气行滞，使补而不滞，行而不伤，共为佐药。少入柴胡、升麻升阳举陷，佐助君药以升提下陷之中气，又能透表退虚热，且引芪、参走外以固表，二药兼具佐使之用。炙甘草调和诸药，亦作使药。全方补气与升提并用，使气虚得补，气陷得升，为治脾虚气陷之要方，故言本方为“甘温除热”的代表方。

	　　【临床运用】

	　　1.用方要点：本方为补气升阳，甘温除热的代表方。临床应用以体倦乏力，少气懒言，面色萎黄，脉虚软无力为辨证要点。

	　　2.现代运用：本方常用于治疗内脏下垂、久泻、久痢、脱肛、重症肌无力、乳糜尿、慢性肝炎等；妇科之子宫脱垂、妊娠及产后癃闭、胎动不安、月经过多；眼科之眼睑下垂、麻痹性斜视等属脾胃气虚或中气下陷者。

	　　【使用注意】本方甘温升散，故对阴虚火旺及内热炽盛者忌用。

	　　【方歌】补中参草术归陈，芪得升柴用更神，劳倦内伤功独擅，气虚发热亦堪珍。
 
        
      
        
        最近更新时间：2014-03-19
",http://www.zhongyoo.com/fangji/bzyqt_1390.html,,
" 
	　　【方剂名】导赤散，出自《小儿药证直诀》

	　　【组成】生地黄、木通、生甘草梢各等分(各30g)。

	　　【用法】上药为末，每服三钱(9g)，水一盏，入竹叶同煎至五分，食后温服。现代用法：水煎服，用量酌情增减。

	　　【功效】清心养阴，利水通淋。

	　　【主治】

	　　1.心火亢盛证：心胸烦热，口渴面赤，意欲冷饮，以及口舌生疮。

	　　2.心热移于小肠：小便赤涩刺痛，舌红脉数。

	　　【方解】本方证乃心经热盛或移热于小肠所致。心火循经上炎，而见心胸烦热、面赤、口舌生疮；火热内灼，阴液被耗，故见口渴、意欲饮冷；心与小肠相表里，心热下移小肠，乃见小便赤涩刺痛；舌红、脉数，均为内热之象。治宜清心与养阴兼顾，利水以导热下行。方中生地黄清热凉血养阴，肾水足则心火自降，为君药。木通上人心经以清心热，下人小肠以利小便，为臣药。竹叶清心除烦，导热下行，使热邪从小便而出，为佐药。生甘草梢清热解毒，通淋止痛，调和诸药，为佐使药。四药合用，上清心火，下滋肾水，并利水道引热下行。因赤色属心，导赤者，导心经之热从小便而出，故名“导赤散”。

	　　【临床运用】

	　　1.用方要点本方为治心经火热证的常用方。临床以心胸烦热，口舌生疮，或小便赤涩，舌红脉数为辨证要点。

	　　2.现代运用本方常用于治疗口腔炎、鹅口疮、小儿夜啼或急性泌尿系感染等属心经有热或心移热于小肠者。

	　　【使用注意】方中木通性味苦寒，生地黄药性寒凉，故脾胃虚弱者慎用。

	　　【方歌】导赤生地与木通，草梢竹叶四般功，口糜淋痛小肠火，引热同归小便中。
 
        
      
        
        最近更新时间：2014-01-03
",http://www.zhongyoo.com/fangji/dcs_1100.html,,
" 
	　　【方剂名】苏合香丸，出自《太平惠民和剂局方》

	　　【组成】苏合香 龙脑各～两(各30g) 麝香 安息香用无灰酒一升熬膏 青木香 香附 白檀香丁香沉香荜茇各二两(各60g) 熏陆香制，一两(30g) 白术诃黎勒煨朱砂各二两(各60g) 乌犀屑二两(水牛角代，60g)

	　　【用法】共为细末，入研药匀，用安息香膏并炼白蜜和剂，每服旋丸如梧桐子大，取井华水化服四丸(8g)；老人、小儿可服一丸。温酒化服亦可，并空心服之。现代用法：以上15味除苏合香、麝香、冰片、水牛角浓缩粉外，朱砂水飞成极细粉；其余安息香等10味药粉碎成细粉；将麝香、冰片、水牛角浓缩粉研细，与上述粉末配研，过筛、混匀。再将苏合香炖化，加适量炼蜜与水制咸水蜜丸，低温干燥；或加适量炼蜜制成大蜜丸。口服，每次1丸，小儿酌减，每日1～2次，温开水送服。昏迷不能口服者，可鼻饲给药。

	　　【功效】芳香开窍，行气止痛。

	　　【主治】寒闭证。突然昏倒，牙关紧闭，不省人事，面白肢冷，苔白脉迟；或心腹卒痛，甚则昏厥；亦治中风、中气及感受时行瘴疠之气，属于寒闭者。

	　　【方解】本方所致诸证多由寒湿痰浊或秽浊之气闭塞气机，蒙蔽清窍所致。寒痰秽浊，上蒙神明，致突然昏倒，牙关紧闭，不省人事；面白、肢冷、苔白、脉迟均属寒象；若感受时疫秽恶之气，致气机壅滞，则心腹卒痛，进而气机逆乱，扰及神明，可致神昏。治宜芳香开窍、辟秽化浊药与温中散寒、辛香行气药配合，以化痰、辟秽、开窍。方中苏合香、安息香善透窍逐秽化浊，开闭醒神；麝香、冰片开窍通闭，辟秽化浊，善通全身诸

	　　窍，共为君药。香附、丁香、青木香、沉香、白檀香辛香行气，调畅气血，温通降逆，宣窍开郁，使气降则痰降，气顺则痰消；熏陆香(乳香)行气兼活血，使气血运行通畅，则疼痛可止，共为臣药。本方集10种香药为一方，开窍启闭，为方之主体。荜茇温中散寒，增强诸香药止痛行气开郁之功；心为火脏，不受辛热之气，故配水牛角清心解毒，以防热药上扰神明，其性虽凉，但其气清香透发，寒而不遏；朱砂镇心安神；白术健脾和中，燥湿化浊；诃黎勒(诃子)温涩敛气，以防辛香走窜耗散太过，共为佐药。诸药合用，既可加强芳香开窍与行气止痛之效，又可防止香散耗气伤正之弊，配伍极为得当。

	　　【临床运用】

	　　1.用方要点本方为温开剂的代表方，既是治疗寒闭证的常用方，又是治疗心腹疼痛属气滞寒凝的有效方，以突然昏倒，不省人事，牙关紧闭，或心腹卒痛，苔白脉迟为辨证要点。

	　　2.现代应用本方常用于治疗急性脑血管疾病、癔症性昏厥、流行性乙型脑炎、肝昏迷、冠心病心绞痛、心肌梗死等属于寒闭与寒凝气滞者。

	　　【附】冠心苏合丸(《中国药典》2000年版)：苏合香50g 冰片105g 乳香制105g檀香210g 青木香210g 以上5味，除苏合香、冰片外，其余乳香等3粉碎成细粉，过筛；冰片研细，与上述粉末配研，过筛，混匀。另取炼蜜适量，微温后加入苏合香，搅匀，再与上述粉末混匀，制成1000丸，即得。嚼碎服，一次1丸，一日1～3次；或遵医嘱。功效：理气宽胸，止痛。主治：心绞痛，胸闷憋气属痰浊气滞血瘀者。本方是从苏合香丸筛选衍化而成，药仅5味，但兼具开窍与行气活血之效，经临床广泛应用，对心绞痛，胸闷憋气具有良好的宽胸止痛效果。

	　　【方歌】苏合香丸麝息香，木丁朱乳荜檀襄，牛冰术沉诃香附，中恶急救莫彷徨。
 
        
      
        
        最近更新时间：2013-05-04
",http://www.zhongyoo.com/fangji/shxw_567.html,,
" 
	　　【方剂名】黄土汤，出自《金匮要略》

	　　【组成】甘草、干地黄、白术炮附子、阿胶、黄芩各三两(各9g) ，灶心土半斤(30g)。

	　　【用法】以上七味，以水八升，煮取三升，分温二服。现代用法：水煎服。

	　　【功效】温阳健脾，养血止血。

	　　【主治】阳虚失血。大便下血，或吐血、衄血及妇人崩漏，血色暗淡，四肢不温，面色萎黄，舌淡苔白，脉沉细无力。

	　　【方解】本方证为脾阳不足，血失统摄所致。脾阳不足，失于统摄，血从上溢则吐血、衄血，下溢则便血、崩漏。阳虚则寒，血色暗淡，四肢不温，舌淡苔白，脉沉细无力。治宜温阳健脾，养血止血。方中灶心土辛温而涩，温阳收涩止血，为君药。附子、白术温健脾阳，以复统血之权，为臣药。君臣相配，温阳止血。阿胶、生地滋阴养血，既可补出血阴伤之不足，又能止血，并可监制附子、白术之温燥之性，以防伤血；且阿胶、生地得术、附则无滋腻之弊；黄芩苦寒.能治诸失血，并降吐衄上逆之血，又可佐制君、臣药之温燥之性，以防温燥动血，具有反佐之意，共为佐药。甘草益气补中，调和药性，为使药。诸药合用，寒热并用，使温阳不伤阴，滋阴不碍阳，刚柔相济，标本兼顾。

	　　【临床运用】

	　　1.用方要点本方为治脾阳不足所致便血或崩漏的常用方，以血色暗淡不鲜，四肢不温，舌淡苔白，脉沉细无力为辨证要点。

	　　2.现代应用本方常用于治疗慢性消化道出血、功能性子宫出血属脾阳不足者。

	　　【方歌】黄土汤用术附襄，地黄阿胶芩草尝，温阳健脾能摄血，便血崩漏吐衄宜。
 
        
      
        
        最近更新时间：2013-12-30
",http://www.zhongyoo.com/fangji/htt_1082.html,,
" 
	　　【<strong>方剂名</strong>】牡蛎散，出自《太平惠民和剂局方》。

	　　【<strong>组成</strong>】 黄芪去苗土一两(30g) ，煅牡蛎米泔浸再刷去土后火烧通赤一两(30g) ，麻黄根洗一两(9g)。

	　　【<strong>用法</strong>】三药为粗散，每服9g，水一盏半，加小麦百余粒，同煎至八分，去渣热服，日二服，不拘时候。 现代用法：水煎温服。

	　　【<strong>功效</strong>】敛阴止汗、益气固表。

	　　【<strong>主治</strong>】自汗、盗汗证。自汗，夜卧尤甚，久而不止，心悸惊惕，短气烦倦，舌淡红，脉细弱。

	　　【<strong>方解</strong>】本证为气虚卫外不固，心阴耗伤，心阳不潜所致。气虚卫表不固，阴液外泄，故常自汗出；汗为心之液，汗出太过，心阴不足而心阳不潜，又夜间属阴，故汗出夜卧更甚；汗出过多，不但心阴受损，心气亦耗，故心悸惊惕，短气烦倦；舌淡红，脉细弱为气阴耗伤之征。治宜敛阴止汗，益气固表。方中煅牡蛎敛阴潜阳，固涩止汗，为君药；生黄芪益气固表止汗，为臣药；麻黄根甘平，功专收涩止汗，为佐药；小麦甘凉，专人心经，益心气，养心阴，退虚热而止汗，为使药。合而成方，补敛并用，兼潜心阳，使气阴得复，肌表得固，汗出可止。

	　　【<strong>临床运用</strong>】

	　　1.用方要点：本方是为治卫气不固，阴液外泄之自汗，盗汗证的常用方，以汗出，心悸，短气，舌淡红，脉细弱为辨证要点。

	　　2.现代运用：本方常用于治疗病后、产后、术后、肺结核及自主神经功能失调之自汗、盗汗，属卫外不固，阴液外泄。

	　　【<strong>功用鉴别</strong>】本方与玉屏风散均治卫外虚弱，腠理不固之自汗证。，玉屏风散以黄芪为君，偏于益气固表止汗，且补散并用，以补为主，用于表虚自汗，及体虚易感之人；牡蛎散以牡蛎为君，偏于敛阴潜阳止汗，且补敛并用，以固涩为主，用于卫外不固，心阴耗伤，心阳不潜之自汗、盗汗。

	　　【<strong>方歌</strong>】牡蛎散内用黄芪，麻黄根与小麦齐， 益气固表又敛阴，体虚自汗盗汗宜。
 
        
      
        
        最近更新时间：2014-03-06
",http://www.zhongyoo.com/fangji/mls_1330.html,,
" 
	　　【方剂名】大定风珠，出自《温病条辨》

	　　【组成】生白芍六钱(18g) ，阿胶三钱(9g)，生龟甲四钱(12g)， 干地黄六钱(18g)，麻仁二钱(6g)， 五味子二钱(6g) ，生牡蛎四钱(12g) ，麦冬连心六钱(18g)， 炙甘草四钱(12g)，鸡子黄生二枚(2个)， 鳖甲生四钱(12g)。

	　　【用法】上以水八杯，煮取三杯，去滓，入阿胶烊化，再入鸡子黄，搅令相得，分三次服。现代用法：水煎服，去渣.入阿胶烊化，再入鸡子黄，搅匀，分三次温服。

	　　【功效】滋阴息风。

	　　【主治】阴虚风动证。手足瘼疭，形消神倦，脉气虚弱，舌绛苔少，时时欲脱者。

	　　【方解】本方证由于温病迁延日久，邪热灼伤真阴，或因误汗、妄攻重伤真阴所致。真阴大亏，水不涵木，虚风内动，故手足瘼疭；真阴欲竭，故形消神倦，脉气虚弱，舌绛苔少，甚至光而干剥，或有时时欲脱之势。此时邪热已去八九，真阴仅存一二。治宜重用味厚滋补药以滋阴养液，填补欲竭之真阴，平息内动之虚风。方中鸡子黄味甘入脾，上通心气，下达肾气，滋阴润燥，养血息风；阿胶为血肉有情之品，补血滋阴，为滋阴补血要药，二药合用，滋阴息风，共为君药。重用白芍、麦冬、地黄滋阴柔肝，滋水涵木；阴虚则阳浮，故配龟甲、鳖甲、牡蛎为沉潜之品，滋阴潜阳，均为臣药。君臣相配，以填补欲竭之真阴，平息内动之虚风。麻仁质润多脂，养阴润燥；五味子酸温，收敛气阴，与炙甘草相配，又能酸甘化阴，加强滋阴息风之功，共为佐药。甘草又调和诸药，为使药。本方虽属治风之剂，却无直接平肝息风之品，说明本方的特点是从治本着手，为救阴之剂，重在滋阴潜阳以息风，故方中以滋补阴液为主，养血潜阳为辅。

	　　【临床运用】

	　　1.用方要点本方为治阴虚风动的代表方，以神疲瘼疭，舌绛苔少，脉虚弱为辨证要点。

	　　2.现代应用本方常用于治疗乙脑后遗症、中风后遗症、甲状腺功能亢进、神经性震颤属阴虚风动者。

	　　【使用注意】邪热内盛之痉挛抽搐，忌用本方。

	　　【方歌】大定风珠鸡子黄，麦地麻芍牡草方，龟板鳖甲胶五味，滋阴熄风最相当。
 
        
      
        
        最近更新时间：2014-01-09
",http://www.zhongyoo.com/fangji/ddfz_1130.html,,
" 
	　　【方剂名】桂枝汤，出自《伤寒论》

	　　【组成】桂枝三两去皮(9g)，芍药三两(9g)，甘草二两炙(6g)，生姜三两切(9g)，大枣十二枚擘(3g)。

	　　【用法】上五味，畋咀，以水七升，微火煮取三升，适寒温，服一升。服已须臾，啜热稀粥一升余，以助药力。温覆令一时许，遍身絷絷微似有汗者益佳，不可令如水流漓，病必不除。若一服汗出病瘥，停后服，不必尽剂；若不汗，更服，依前法；又不汗，后服小促其间，半日许令三服尽。若病重者，一日一夜服，周时观之，服一剂尽，病证犹在者，更作服；若汗不出，乃服至二三剂。禁生冷、黏滑、肉、面、五辛、酒酪、臭恶等物。现代用法：水煎服，温覆取微汗。

	　　【功效】解肌发表，调和营卫。

	　　【主治】外感风寒表虚证。头痛发热，汗出恶风，鼻鸣干呕，口不渴，舌苔薄白，脉浮缓或浮弱。

	　　【方解】本方证为风寒客表，营卫不和所致。风寒束表，卫气与邪抗争而浮盛于外“卫强”，致营阴不能内守而外泄“营弱”，故发热，头痛，汗出恶风，舌苔薄白，脉浮缓，即所谓“营卫不和”，又称表虚证；邪气郁滞，肺气不利，胃失和降，则鼻鸣干呕。治宜发汗解肌，调和营卫，祛邪与扶正兼顾。方中桂枝为君，辛甘散寒以调卫，用治“卫强”。白芍为臣，酸寒敛阴以和营，用治“营弱”。君臣相配，一则邪正兼顾，调和营卫；二则散中有收，汗中寓补，相制相成。生姜辛温，既助桂枝发汗解表，又温胃止呕；大枣甘平，既能益气补中，又助白芍益阴和营以助汗源。姜枣相配，为补脾和胃，调和营卫的常用药对，共为佐药。炙甘草益气和中，调和诸药，且甘草与桂枝相合能辛甘化阳以实卫，与白芍相合能酸甘化阴以和营，功兼佐使之用。柯琴称本方“为仲景群方之冠，乃滋阴和阳，调和营卫，解肌发汗之总方也”。

	　　【临床运用】

	　　1.用方要点：本方为治外感风寒表虚证的基础方，以发热、恶风、汗出、脉浮缓为辨证要点。

	　　2.现代应用：本方常用于治疗感冒、流感、原因不明的低热、荨麻疹、皮肤瘙痒症、冻疮、妊娠呕吐、产后及病后低热等属营卫不和者。

	　　【使用注意】外感风寒表实证及温病初起.风热表证，均不宜用。

	　　【功用鉴别】麻黄汤与桂枝汤同属辛温解表剂，均可用治风寒表证。但麻黄汤中麻、桂并用，佐以杏仁，发汗散寒力强，又能宣肺平喘，主治外感风寒表实证，症见无汗而喘，脉浮紧；而桂枝汤中桂、芍同用，佐以姜、枣，发汗解表力弱，但能调和营卫，主治外感风寒表虚证，症见汗出恶风，脉浮缓。

	　　【方歌】桂枝汤治太阳风，芍药甘草姜枣同，解肌发表调营卫，表虚有汗此为功。
 
        
      
        
        最近更新时间：2014-01-20
",http://www.zhongyoo.com/fangji/gzt_1178.html,,
" 
	　　【方剂名】当归四逆汤，出自《伤寒论》

	　　【组成】 当归三两(12g) ，桂枝三两去皮(9g) ，芍药三两(9g)， 细辛三两(3g) ，甘草二两，炙(6g)， 通草二两(6g)， 大枣二十五枚，擘(9枚)。

	　　【用法】上七味，以水八升，煮取三升，去滓，温服一升，日三服。现代用法：水煎服。

	　　【功效】温经散寒，养血通脉。

	　　【主治】血虚寒凝经脉证。手足厥寒，舌淡苔白，脉沉细或细而欲绝，或寒人经络，腰、股、腿、足疼痛等。

	　　【方解】本方证由营血虚弱，寒凝经脉，血行不利所致。素体血虚而又经脉受寒，寒邪凝滞，血行不利，阳气不能达于四肢末端，营血不能充盈血脉，遂呈手足厥寒，脉细欲绝。其手足厥寒只表现为掌至腕、踝不温，与四逆汤之四肢厥逆有别。治宜温经散寒，养血通脉。方中当归甘温，养血和血，既补营血之虚，又行血脉之滞；桂枝辛温，温经散寒温通血脉，共为君药。芍药养血和营，助当归补血充脉；细辛温经散寒，助桂枝温通行血，共为臣药。通草(为现代之木通)通经脉，以畅血行；炙甘草、大枣健脾益气，以资生血之源，共为佐使药。诸药合用，温而不燥，补而不滞，共奏温经通脉之效，使阴血充，客寒除，阳气振，经脉通，手足温，诸证自愈。

	　　【临床运用】

	　　1.用方要点：本方为治血虚寒厥证的代表方，也是养血温经散寒的常用方。临床应用以手足厥寒，舌淡苔白，脉细欲绝为辨证要点。

	　　2.现代运用：本方常用于血栓闭塞性脉管炎、无脉症、雷诺病、小儿麻痹、冻疮、妇女痛经、肩周炎、风湿性关节炎等属血虚寒凝者。

	　　【使用注意】少阴阳虚寒厥者，本方不宜使用。冻疮后期，寒郁化热，而热证较明显者禁用。

	　　【功用鉴别】张仲景以“四逆”命名的方剂有四逆散、四逆汤与当归四逆汤，三方均治四肢厥逆证，但其病机用药却各不相同。四逆散证是因外邪传经入里化热，阳气内郁而不达四末所致，故其冷不甚，或指头微温，按之稍久则有温感，又见身热、脉弦等；四逆汤证是因阴寒内盛，阳气衰微，无力温煦四末所致，故其厥逆严重，冷过肘膝，并伴有神疲欲寐、腹痛下利、脉微欲绝等；当归四逆汤证是因血虚受寒，寒凝经脉，阳气不达四肢末端，血行不畅所致，因其寒邪在经不在脏，故厥逆较轻，仅在腕、踝，并伴肢体疼痛等症。因此，三方用药、功用全然不同，正如周扬俊所言：“四逆汤全在回阳起见，四逆散全在和解表里起见，当归四逆汤全在养血通脉起见。”(《温热暑疫全书》)

	　　【方歌】 当归四逆芍桂枝，细辛甘草木通施，血虚寒厥四末冷，温经通脉最相宜。
 
        
      
        
        最近更新时间：2014-01-16
",http://www.zhongyoo.com/fangji/dgsnt_1161.html,,
" 
	　　【方剂名】二陈汤，出自《太平惠民和剂局方》

	　　【组成】 半夏汤洗七次、橘红各五两(各15g) ，白茯苓三两(9g) ，甘草炙一两半(4.5g)。

	　　【用法】上药畋咀，每服四钱，用水一盏，生姜七片，乌梅一个，同煎六分，去滓，热服，不拘时候。现代用法：共为粗末，加生姜七片，乌梅一个，水煎温服。

	　　【功效】燥湿化痰，理气和中。

	　　【主治】湿痰证。咳嗽痰多易咯，胸膈满闷，恶心呕吐，肢体困倦，头眩心悸，舌苔白腻，脉沉滑。

	　　【方解】本方证为脾失健运，水湿凝聚成痰犯肺所致。湿痰犯肺，故咳嗽痰多易咯；痰阻气机，胃失和降，故胸膈满闷，恶心呕吐；湿困脾阳，则肢体困倦；痰湿中阻，清阳不升，则头眩；痰浊凌心，则为心悸；舌苔白腻，脉沉滑，均为湿痰之征。治宜健脾燥湿化痰。方中半夏辛温性燥，燥湿化痰，降逆止呕，为君药。橘红理气化痰，芳香醒脾，使气顺痰消，为臣药。君臣相配，等量合用，不仅相辅相成，增强燥湿化痰之力，而且体现了治痰先理气，气顺则痰消之意。茯苓甘淡，健脾渗湿，使湿祛痰消，治其生痰之源，为佐药。甘草化痰和中，调和诸药，为使药。煎时加生姜降逆止呕，又制半夏之毒；乌梅收敛肺气，使散中有收。诸药合用，标本兼顾，燥湿化痰，理气和中，为祛痰的通用方剂。

	　　【临床运用】

	　　1.用方要点本方为燥湿化痰的代表方，以咳嗽痰多易咯，舌苔白腻，脉沉滑为辨证要点。

	　　2.现代运用本方常用于治疗慢性支气管炎、肺气肿、慢性胃炎、妊娠呕吐、神经性呕吐等属湿痰者。

	　　【附】

	　　1.温胆汤(《三因极一病证方论》)：半夏汤洗七次 竹茹 枳实麸炒，去瓤，各二两(6g)陈皮三两(9g) 甘草炙，一两(3g) 茯苓一两半(4.5g) 上锉为散，每服四大钱(12g)，水一盅半，加生姜五片，大枣一枚，煎七分，去渣，食前服。或作汤剂加生姜五片，大枣l枚，水煎服。功效：理气化痰，清胆和胃。主治：肝胃不和，痰热内扰证。症见虚烦不眠，惊悸不安，或呕吐呃逆，口苦，舌苔黄腻，脉滑数。

	　　2.导痰汤(《重订严氏济生方》)：半夏汤洗七次，四两(9g) 天南星炮，去皮 橘红枳实去瓤，麸炒赤茯苓去皮，各一两(6g) 甘草炙，半两(3g) 生姜十片(3g) 水煎服。功效：燥湿祛痰，行气开郁。主治：痰阻气滞证。症见痰涎壅盛，胸膈痞塞，胁肋胀痛，头痛呕逆，喘急痰嗽，坐卧不安，不思饮食。

	　　3.涤痰汤(《奇效良方》)：南星姜制半夏汤洗七次，各二钱半(各7. Sg) 枳实麸炒，二钱(6g)茯苓去皮，二钱(6g)橘红一钱半(4.5g) 石菖蒲 人参各一钱(4.5g) 竹茹七分(2g)甘草半钱(1.5g) 上作一服。水二盅，生姜五片，煎至一盅，食后服。现代用法，加生姜五片，水煎服。功效：涤痰开窍。主治：中风痰迷心窍证。症见舌强不能言，喉中痰鸣，辘辘有声，舌苔白腻，脉沉滑或沉缓。

	　　以上三方皆由二陈汤化裁而成，均有燥湿化痰之功。温胆汤由二陈汤去乌梅，加竹茹、枳实、大枣而成。竹茹清热化痰除烦，枳实降气消痰除痞，二者药性偏凉，故适宜于肝胃不和，痰热内扰证；导痰汤由二陈汤去乌梅，加天南星、枳实而成。天南星增加燥湿化痰之力，枳实增强理气化痰之功，故其燥湿化痰行气的作用较二陈汤为著，适宜于痰浊内阻，气机不畅之痰阻气滞证；涤痰汤又在导痰汤的基础上加石菖蒲、竹茹、人参而成，较之导痰汤又增加开窍扶正之功，适宜于中风痰迷心窍，舌强不能言之证。

	　　【方歌】二陈汤用半夏陈，辅以茯苓甘草臣，理气和中燥湿痰，煎加生姜乌梅真。
 
        
      
        
        最近更新时间：2014-01-06
",http://www.zhongyoo.com/fangji/ect_1112.html,,
" 
	　　【方剂名】独活寄生汤，出自《备急千金要方》

	　　【组成】独活三两(9g)， 桑寄生、杜仲、牛膝、细辛、秦艽、茯苓、肉桂心、防风、川芎、人参、甘草、当归、芍药、干地黄各二两(各6g)。

	　　【用法】上十五味，畋咀，以水一斗，煮取三升，分三服，温身勿冷也。现代用法：水煎服。

	　　【功效】祛风湿，止痹痛，益肝肾，补气血。

	　　【主治】痹证日久，肝肾不足，气血两虚。腰膝关节疼痛，屈伸不利，或麻木不仁，畏寒喜温，舌淡苔白，脉细弱。

	　　【方解】本方证为痹证日久不愈，累及肝肾，耗伤气血所致。腰为肾之府，膝为筋之府，风寒湿邪痹阻关节，故腰膝关节疼痛，屈伸不利；气血受阻，不能濡养筋脉，则麻木不仁；寒湿均为阴邪，得温则减，故畏寒喜温；舌淡苔白，脉细弱，均为肝肾、气血不足之征。治宜祛邪与扶正兼顾，祛风湿，止痹痛，益肝肾，补气血。方中独活辛苦微温，长于除久痹，治伏风，祛下焦风寒湿邪以蠲痹止痛，为君药。秦艽、防风祛风湿，止痹痛；细辛辛温发散，祛寒止痛；肉桂温里散寒，温通经脉，共为臣药。桑寄生、牛膝、杜仲补肝肾而强筋骨，其中桑寄生兼能祛风湿，牛膝兼能活血利肢节；人参、茯苓、甘草(四君子汤去白术)补气健脾；当归、芍药、地黄、川芎(四物汤)养血活血，均为佐药。综观全方，以祛风散寒除湿药为主，辅以补肝肾、养气血之品，邪正兼顾，能使风寒湿邪俱除，气血充足，肝肾强健，诸证自愈。

	　　【临床运用】

	　　1.用方要点：本方为治痹证日久，肝肾不足，气血两虚的常用方，以腰膝疼痛，舌淡苔白，脉细弱为辨证要点。

	　　2.现代运用：本方常用于治疗慢性关节炎、腰肌劳损、骨质增生、风湿性坐骨神经痛等属肝肾两虚，气血不足者。

	　　【方歌】独活寄生艽防辛，芎归地芍桂苓均，杜仲牛膝人参草，冷风顽痹屈能伸。
 
        
      
        
        最近更新时间：2014-01-22
",http://www.zhongyoo.com/fangji/dhjst_1190.html,,
,http://www.zhongyoo.com/fangji/page_3.html,,
" 
	　　【方剂名】黄连解毒汤，出自《肘后备急方》，名见《外台秘要》引崔氏方

	　　【组成】黄连三两(9g)、黄芩、黄柏各二两(各6g)、 栀子(擘)十四枚(9g)。

	　　【用法】上四味切，以水六升，煮取二升，分二服。现代用法：水煎服。

	　　【功效】泻火解毒。

	　　【主治】三焦火毒热盛证。大热烦躁，口燥咽干，错语不眠，或热病吐血、衄血，或热甚发斑，或身热下利，或湿热黄疸，或外科疮疡疔毒，小便黄赤，舌红苔黄，脉数有力。

	　　【方解】本方证乃火毒炽盛，充斥三焦所致。火毒炽盛，内外皆热，上扰神明，故烦热错语；血为热迫，随火上逆，则为吐衄；热伤络脉，血溢肌肤，则为发斑；热盛则津伤，故口燥咽干；热壅肌肉，则为痈肿疔毒；舌红苔黄，脉数有力，皆为火毒炽盛之证。综上诸症，皆为实热火毒为患，治宜泻火解毒。方中君以黄连清泻心火，又兼泻中焦之火。因心主火，泻火必先清心，心火宁则诸经之火自降。臣以黄芩清泻上焦之火，佐以黄柏清泻下焦之火。使以栀子通泻三焦，导热下行，使邪热从小便而去。四药合用，集大苦大寒之连、芩、柏、栀于一方，苦寒直折，火邪去则热毒解，诸症可愈。

	　　【临床运用】

	　　1.用方要点本方为苦寒直折，清热解毒的基础方。临床以大热烦躁，口燥咽干，舌红苔黄，脉数有力为辨证要点。

	　　2.现代运用本方常用于治疗败血症、脓毒血症、痢疾、肺炎、流行性脑脊髓膜炎、乙型脑炎以及感染性炎症等属火热毒盛者。

	　　【使用注意】本方皆为苦寒之品，有化燥伤阴之弊，非火盛者不宜使用，久服易伤脾胃。

	　　【方歌】黄连解毒汤四味，黄芩黄柏栀子备， 躁狂大热呕不眠，吐衄发斑均可为。
 
        
      
        
        最近更新时间：2013-12-21
",http://www.zhongyoo.com/fangji/hljdt_1046.html,,
" 
	　　【方剂名】至宝丹，出自《太平惠民和剂局方》

	　　【组成】生乌犀屑(水牛角代) 朱砂研飞 雄黄研飞 生玳瑁屑研 琥珀研，各一两(各30g) 麝香研龙脑研，各一分(各3g) 金箔半人药，半为衣银箔研，各五十片(各50片)牛黄研，半两(15g) 安息香一两半(45g)，为末，以无灰酒搅澄飞过，滤去沙土，约得净数一两(30g)，慢火熬成膏

	　　【用法】将生犀、玳瑁为细末，入余药研均，将安息香膏重汤煮，凝成后，入诸药中和搜成剂，盛不津器中，并旋圆如桐子大，用人参汤化下三至五丸(3g)，每两岁儿童服二丸，人参汤化下。现代用法：水牛角、玳瑁、安息香、琥珀分别粉碎成细粉；朱砂、雄黄分别水飞成极细粉；将牛黄、麝香、冰片研细，与上述粉末配研、过筛、混匀。加适量炼蜜制成大蜜丸，每丸重3g。口服，每次1丸，每日1次，小儿减量。

	　　【功效】清热开窍，化浊解毒。

	　　【主治】温病痰热内闭心包证。神昏不语，身热烦躁，痰盛气粗，舌红苔黄垢腻，脉滑数，以及中风、中暑、小儿惊厥属痰热内闭者。

	　　【方解】本方所治诸证，均为邪热亢盛，痰浊内闭心窍所致。邪热炽盛，炼液成痰，痰热内扰神明，故神昏不语，身热烦躁，痰盛气粗，甚至喉中痰鸣；舌为心之苗，热人心营则舌绛，苔黄垢腻，脉滑数均为痰热之象。治宜清热豁痰以治其本，开窍安神以治其标。方中水牛角清心解毒；麝香芳香开窍，二药相合，重在清热开窍，共为君药。牛黄既助水牛角清心解毒，又助麝香开窍；安息香、龙脑辟秽化浊开窍，与麝香同用，开窍之力尤为显著；玳瑁息风镇惊安神，共为臣药。朱砂、琥珀、金箔、银箔质重以镇心定惊，雄黄豁痰解毒，为佐药。本方集众多名贵中药材于一方，且疗效卓著，堪称药中至宝，故名“至宝丹”。

	　　【临床运用】

	　　1.用方要点本方是清热化浊开窍的重要方剂，以神昏不语，痰盛气粗，舌红苔黄，脉滑数为辨证要点。夏月无故昏倒，昏不知人，面垢，汗自出，手足微冷，亦可用本方急救开窍，醒脑回苏。

	　　2.现代应用本方常用于治疗“流脑”、“乙脑”、中毒性痢疾、尿毒症、急性脑血管病、肝昏迷、癫痫等属痰热内闭心窍者。

	　　3.使用注意方中芳香辛燥之品较多，有耗阴劫液之弊，阳盛阴虚之神昏窍闭忌用。

	　　4.孕妇禁用。

	　　【功用鉴别】安宫牛黄丸、紫雪、至宝丹三首方剂，疗效可靠、价格较贵，被中医称为“三宝”。三方均能清热开窍，用治热闭证。安宫牛黄丸长于清热解毒，豁痰开窍，清热之力最强，其组方特点是清热与开窍并重，又善豁痰，用治高热与神昏并重之证；紫雪长于清热开窍，息风止痉.清热之力次之，其组方特点是清热开窍，兼息风止痉，用治高热神昏兼痉厥抽搐之证；至宝丹长于芳香开窍，化浊解毒，清热之力最次，其组方特点是开窍为主，清热为辅，用治高热神昏不语之证。故俗称“糊里糊涂安官丸，乒乒乓乓是紫雪，不声不响至宝丹”。

	　　【方歌】至宝朱砂麝息香，雄黄牛角水牛黄，金银二箔兼龙脑，琥珀还同玳瑁良。
 
        
      
        
        最近更新时间：2013-05-04
",http://www.zhongyoo.com/fangji/zbd_538.html,,
" 
	　　【方剂名】普济消毒饮，出自《东垣试效方》

	　　【组成】黄芩(酒炒)、黄连(酒炒)，各五钱(各15g)， 陈皮(去白)、甘草(生用)、玄参、柴胡、桔梗各二钱(各6g) ，连翘、板蓝根、马勃、牛蒡子、薄荷各一钱(各3g)， 僵蚕、升麻各七分(各2g)

	　　【用法】上药为末，汤调，时时服之，或蜜拌为丸，噙化。现代用法：水煎服。

	　　【功效】清热解毒，疏风散邪。

	　　【主治】大头瘟。恶寒发热，头面红肿焮痛，目不能开，咽喉不利，舌燥口渴，舌红苔黄，脉浮数有力。

	　　【方解】本方主治大头瘟(原书称大头天行)，乃感受风热疫毒之邪，壅于上焦，发于头面所致。风热疫毒袭表，卫阳被郁，则恶寒发热；头为诸阳之会，疫毒上攻，则头面红肿焮痛，目不能开，咽喉不利；舌红苔黄，脉浮数有力为热毒炽盛之象。疫毒宜清解，风热宜疏散，病位在上宜因势利导。故治宜解毒散邪兼施而以清热解毒为主。方中重用黄连、黄芩清泄上焦热毒，且用酒炒，使其性升，以增清上之功，为君药。牛蒡子、连翘、薄荷、僵蚕疏散头面、肌表风热，为臣药。玄参、马勃、板蓝根清热解毒，玄参养阴以防伤阴；桔梗、甘草清利咽喉；陈皮理气，疏散壅滞，以散邪消肿，共为佐药。升麻、柴胡疏散风热，引诸药上达头面，寓“火郁发之”之意，共为使药。方中芩、连得升、柴之引，可上行清头面热；升、柴有芩、连之苦降，则不至于发散太过。如此配伍，有升有降，有清有散，相反相成，既清热解毒，又疏散风热。

	　　【临床运用】

	　　1.用方要点：本方为治大头瘟的常用方。临床以恶寒发热，头面红肿焮痛，舌红苔白兼黄，脉浮数为辨证要点。

	　　2.现代运用：本方常用于治疗颜面丹毒、流行性腮腺炎、急性扁桃体炎、头面部蜂窝织炎、淋巴结炎伴淋巴管回流障碍等属风热毒邪为患者。

	　　【使用注意】因本方中的药物多苦寒辛散，对于阴虚及脾虚便溏者慎用。

	　　【方歌】普济消毒蒡芩连，甘桔蓝根勃翘玄，升柴陈薄僵蚕入，大头瘟毒服之痊。
 
        
      
        
        最近更新时间：2013-12-31
",http://www.zhongyoo.com/fangji/pjxdy_1088.html,,
" 
	　　【方剂名】金锁固精丸，出自《医方集解》

	　　【组成】沙苑蒺藜去皮、炒芡实蒸莲须各二两(各60g) 、龙骨酥炙、牡蛎盐水煮一日一夜，煅粉，各一两(各30g)。

	　　【用法】共为细末，莲子粉糊为丸，每服9g，每日2次，淡盐汤送服。现代用法：水煎服。

	　　【功效】补肾涩精。

	　　【主治】肾虚不固之遗精证。遗精滑泄，神疲乏力，四肢酸软，腰痛耳鸣，舌淡苔白，脉细弱。

	　　【方解】本证为肾虚精关不固所致。肾主藏精，肾虚精关不固，故遗精滑精；精能化气，精亏气无以化生，故神疲乏力；腰为肾之府，耳为肾之窍，肾精亏虚，故腰痛耳鸣；舌淡苔白，脉细弱，为肾精不足之征。方中沙苑蒺藜人肾经，既补肾，又固精止遗，《本经逢源》称其“为泄精虚劳要药，最能固精”，为君药。芡实益肾固精；莲须固肾涩精；莲子粉补肾涩精，并能养心清心，合用以交通心肾，共为臣药。龙骨、牡蛎煅制而用，功专收敛固涩，兼以重镇安神，神安则益于固精，为佐药。本方既可固精，又可补肾，标本兼顾，以涩为主，体现了“虚则补之”、“涩可固脱”的治法。本方功专固精，功效犹如“金锁”之固，故名。

	　　【临床运用】

	　　1.用方要点本方为治肾亏精关不固之遗精的代表方，以遗精滑泄，腰痛耳鸣，舌淡苔白，脉细弱为辨证要点。

	　　2.现代运用本方常用于治疗遗精、早泄，亦可治疗性神经功能紊乱、乳糜尿、重症肌无力、慢性前列腺炎等属肾虚精关不固者。又可用于女子肾虚带下不禁。

	　　【使用注意】本方虽然标本兼顾，但偏于固涩治标，若遗精滑泄已止，则应以补虚固肾以治其本；如属湿热下注，扰动精室，或心肝火旺，火扰精室而遗精者，则不宜使用本方。

	　　【方歌】金锁固精芡莲须，蒺藜龙骨与牡蛎， 莲粉糊丸盐汤下，补肾涩精止滑遗。
 
        
      
        
        最近更新时间：2013-12-23
",http://www.zhongyoo.com/fangji/jsgjw_1052.html,,
" 
	　　【方剂名】天王补心丹，出自《校注妇人良方》

	　　【组成】生地黄酒洗，四两(120g) 人参去芦 丹参微炒玄参微炒 白茯苓去皮远志去心，炒 桔梗各五钱(各15g) 五味子 当归身酒洗 天门冬去心 麦门冬去心柏子仁炒酸枣仁各一两(各30g)

	　　【用法】上药为末，炼蜜丸如梧子大，朱砂三、五钱为衣，临卧竹叶煎汤下三钱(9g)，或龙眼肉煎汤。忌胡荽、大蒜、萝卜、鱼腥、烧酒。现代用法：为末，炼蜜为小丸，朱砂为衣，每服9g，温开水送下。

	　　【功效】滋阴养血，补心安神。

	　　【主治】阴虚血少，心神不宁证。心悸怔忡，虚烦失眠，梦遗健忘，不耐思虑，大便干燥，舌红少苔，脉细数。

	　　【方解】本方为心肾两虚，阴亏血少，虚火内扰所致。阴虚血少，虚火内扰，心失所养，故心悸旺忡，虚烦失眠；虚火扰动精室，则梦遗；肾虚髓海空虚，故健忘不耐思虑；阴虚肠燥，故大便干燥；舌红少苔，脉细数，为阴虚火旺之征。治宜滋阴养血，补心安神。方中重用生地黄人心肾经，上养心血，下滋肾水，壮水以制虚火，为君药。天门冬、麦门冬滋阴清热；酸枣仁、柏子仁养心安神；当归补血润燥，兼以通便，共为臣药。人参补益心气，使气旺血生，且又宁心益眢；五味子益气敛阴且安心神；茯苓、远志养心安神，交通心肾；玄参滋阴降火，以制上炎之火，使心神不为虚火所扰；丹参清热除烦；朱砂为衣，人心经，镇心安神，共为佐药。桔梗为使，载药上行人心经。诸药合用，标本兼治，滋中寓清，交通心肾，共成滋阴安神之剂。

	　　【临床运用】

	　　1.用方要点本方为滋阴清热安神的代表方，以心悸失眠，梦遗健忘，舌红少苔，脉细数为辨证要点。

	　　2.现代运用本方常用于治疗神经衰弱、精神分裂症、心脏病、甲状腺功能亢进等属阴亏血少者。

	　　3.使用注意本方滋腻药物较多，脾胃虚弱，胃纳欠佳，痰湿留滞者，均非所宜。

	　　【功用鉴别】天王补心丹与归脾汤均能养血安神，用治心悸怔忡，失眠健忘等。但天王补心丹病位在心肾，以滋阴补血为主，兼清虚热，用治阴虚血少，心神不安而有虚火者，清降之力较著。而归脾汤病位在心脾，以益气补血，健脾养心为主，用治气血不足，心脾两虚而心神不安者，温升之力较著。

	　　【方歌】茯苓桔梗与三参，二冬远志柏枣仁，五味当归朱生地，滋阴清热安心神。
 
        
      
        
        最近更新时间：2013-05-04
",http://www.zhongyoo.com/fangji/twbxd_563.html,,
" 
	　　【方剂名】三仁汤，出自《温病条辨》

	　　【组成】杏仁五钱(15g)，飞滑石六钱(18g)，白通草二钱(6g)，白蔻仁二钱(6g)，竹叶二钱(6g)，厚朴二钱(6g)，生薏苡仁六钱(18g)，半夏五钱(10g)。

	　　【用法】甘澜水八碗，煮取三碗，每服一碗，日三服。现代用法：水煎服。

	　　【功效】宣畅气机，清利湿热。

	　　【主治】湿重于热之湿温病。头痛恶寒，身重疼痛，面色淡黄，胸闷不饥，午后身热，舌白不渴，脉弦细而濡等。

	　　【方解】本方为湿温初起，邪在气分，湿重于热之证而设。湿邪阻遏，卫阳不达，故头痛恶寒，身重疼痛；湿为阴邪，湿遏热伏，则午后身热；湿阻气机，脾胃受困，故胸闷不饥；舌白不渴，面色淡黄，脉弦细而濡皆因湿邪为患。本证病机为湿热合邪，邪阻气机，涉及上中下三焦，湿遏热伏，湿重热轻。其中三焦气机受阻为病机之关键。治宜宣畅通利三焦。方用“三仁”为君，其中杏仁苦辛，轻开肺气以宣上；白蔻仁芳香苦辛，行气化湿以畅中；薏苡仁甘淡渗利，渗湿健脾以渗下，方中杏仁宣上，白蔻仁畅中，薏苡仁渗下，三焦并调。臣以半夏、厚朴辛开苦降，行气化湿，散满除痞，助蔻仁以畅中和胃。佐以滑石、通草、竹叶甘寒淡渗、清利下焦，合苡仁以引湿热下行。诸药合用，宣上、畅中、渗下，气机调畅，使湿热从三焦分消，诸症自解。

	　　【临床运用】

	　　1.用方要点本方适用于湿热留恋气分，湿重热轻之证。临床以头痛，身重，胸闷不饥，午后身热，苔白不渴，脉弦细而濡为辨证要点。

	　　2.现代运用本方常用于治疗肠伤寒、胃肠炎、肾盂肾炎、肾小球肾炎、布氏杆菌病、波状热等病属湿重于热者。

	　　【使用注意】热重湿轻者不宜用。

	　　【方歌】三仁杏蔻薏苡仁，朴夏通草滑竹存， 宣畅气机清湿热，湿重热轻在气分。
 
        
      
        
        最近更新时间：2014-01-15
",http://www.zhongyoo.com/fangji/srt_1155.html,,
" 
	　　【方剂名】藿香正气散，出自《太平惠民和剂局方》

	　　【组成】大腹皮、白芷、紫苏、茯苓去皮各一两(各30g)，半夏曲、白术、陈皮去白、厚朴去粗皮、姜汁炙、苦桔梗各二两(各60g) ，藿香去土三两(90g) ，甘草炙二两半(75g)。

	　　【用法】共为细末，每服二钱，水一盏，姜三片，枣一枚，同煎至七分，热服；如欲出汗，衣被盖，再煎并服。现代用法：共为细末，每服6g，姜、枣煎汤送服。或作汤剂，水煎服，用量按原方比例酌定。

	　　【功效】解表化湿，理气和中。

	　　【主治】外感风寒，内伤湿滞证。恶寒发热，头痛，脘闷食少，腹胀腹痛，恶心呕吐，肠呜泄泻，舌苔白腻，脉浮或濡缓。

	　　【方解】本方证为外感风寒，内伤湿滞，气机不畅，升降失常所致。外感风寒，卫阳被郁，故恶寒发热，头痛；湿食伤中，脾弱不运，气机不畅，则脘闷食少，腹胀腹痛；湿浊内阻，升降失常，恶心呕吐，肠鸣泄泻；舌苔白腻，为内伤湿滞之征；脉浮或濡缓，为外寒内湿之征。治宜外散风寒，内化湿浊。方中藿香用量独重，其性味辛温而解在表之风寒.又芳香而化在里之湿浊，且可辟秽和中，降逆止呕，为君药。配以紫苏、白芷，解表化湿，以助君药外散风寒，兼化湿浊；半夏曲、陈皮燥湿和胃，降逆止呕，助藿香解表化湿，共为臣药。白术、茯苓健脾祛湿；厚朴、大腹皮、桔梗行气化湿，畅中消胀，共为佐药。甘草调和诸药，为使药。姜枣煎服，能调和脾胃。诸药合用，能使风寒外解，湿浊内化，气机通畅，脾胃调和，诸症自愈。

	　　【临床运用】

	　　1.用方要点本方为解表和中，芳香化湿的常用方，以恶寒发热，呕吐泄泻，舌苔白厚而腻为辨证要点。

	　　2.现代运用本方常用于治疗夏秋季节性感冒、胃肠性感冒、急性胃肠炎属湿滞脾胃，外感风寒者。

	　　【方歌】藿香正气大腹苏，甘桔陈苓朴白术，夏曲白芷加姜枣，外寒内湿均能除。
 
        
      
        
        最近更新时间：2014-01-10
",http://www.zhongyoo.com/fangji/hxzqs_1136.html,,
" 
	　　【方剂名】玉女煎，出自《景岳全书》

	　　【组成】石膏三至五钱(15～30g) 熟地黄三至五钱或一两(9～30g) 麦冬二钱(6g) 知母牛膝各一钱半(各5g)

	　　【用法】上药用水一盅半，煎七分，温服或冷服。现代作法：水煎服。

	　　【功效】清胃热，滋肾阴。

	　　【主治】胃热阴虚证。头痛牙痛，牙齿松动，齿龈出血，烦热口渴，舌红苔黄而干，脉浮洪滑大，重按无力。亦治消渴，消谷善饥等。

	　　【方解】本方证乃阴虚胃热，虚火上攻所致。即“少阴不足，阳明有余。”阳明有余，胃热上攻，少阴不足，虚火上炎，既灼伤津液，又损伤血络，则见头痛牙痛，齿龈出血，烦热口渴，肾主骨，齿为骨之余，肾虚不足，则牙齿松动；胃热有余，消谷善饥；舌红苔黄而干，脉浮洪滑大，重按无力，为胃热阴虚之征。故治宜清胃热，滋肾阴。方中石膏辛甘大寒以清泄胃火，为君药。熟地黄甘温以滋肾补阴，为臣药。二药合用，清火而滋水，虚实兼顾。知母助石膏清胃火；麦冬助熟地黄滋肾阴，共为佐药。牛膝引血热下行，兼补肝肾，为佐使药。本方能清能补，标本兼顾，以清为主，使胃热得清，肾阴得补，则诸证自愈。

	　　【临床运用】

	　　1.用方要点本方为治胃热阴虚牙痛的常用方。临床以牙痛齿松，齿龈出血，烦热口渴，舌红苔黄而干为辨证要点。

	　　2.现代运用本方常用于治疗牙龈炎、急性口腔炎，舌炎、糖尿病等属阴亏而胃火盛者。

	　　3.使用注意脾虚便溏者，不宜使用本方。

	　　【方歌】 玉女煎用熟地黄，膏知牛膝麦冬襄，肾虚胃火相为病，牙痛齿衄宜煎尝。
 
        
      
        
        最近更新时间：2013-05-04
",http://www.zhongyoo.com/fangji/ynj_545.html,,
" 
	　　【方剂名】紫雪，出自《外台秘要》

	　　【组成】石膏寒水石滑石磁石各三斤(各1.5kg) 犀角屑(水牛角代) 羚羊角屑(山羊角代) 沉香青木香各五两(各150g) 玄参升麻各一斤(各500g) 甘草炙，八两(240g) 丁香一两(30g) 芒硝制，十斤(5kg) 硝石精制.四升(96g) 麝香研，五分(1.5g)朱砂飞研，三两(90g) 黄金一百两(3.lkg)

	　　【用法】以水一斛，先煮五种金石药，得四斗，去滓后，内八物，煮取一斗五升，去滓，取硝石四升，芒硝亦可，用朴硝精者十斤投汁中，微炭火上煮，柳木篦搅勿住手，有七升，投在木盆中，半日欲凝，内成研朱砂三两(90g)，细研麝香五分(1.5g)，内中搅调，寒之二日呈霜雪紫色。病人强壮者，一服二分(0.6g)，当利热毒；老弱人或热毒微者，一服一分(0.3g)，以意节之。现代用法：不用黄金，先将石膏、寒水石、滑石、磁石砸成小块，加水煎3次，玄参、木香、沉香、升麻、甘草、丁香用石膏等煎液煎煮3次，合并煎液，滤过，滤液浓缩成膏；芒硝、硝石粉碎，兑人膏中，混匀，干燥，粉碎成中粉或细粉；羚羊角锉研成细粉；朱砂水飞成极细粉；将水牛角浓缩粉、麝香研细，与上述粉末配研，过筛，混匀，即得。口服，一次1. 5～3g，每日2次；年老体弱及小儿用量酌减。

	　　【功效】清热开窍，息风止痉。

	　　【主治】热邪内陷心包及热盛动风证。高热烦躁，神昏谵语，痉厥抽搐，斑疹吐衄，口渴引饮，尿赤便秘，舌红绛苔干黄，脉弦数有力，以及小儿热盛惊厥。

	　　【方解】本方证为邪热炽盛，内陷心包，引动肝风所致。热邪内陷心包.闭阻清窍，引动肝风，故神昏谵语，烦躁不宁，抽搐痉厥；热邪充斥内外，迫血妄行，故斑疹吐衄；热盛伤津，故高热、口渴、尿赤、便秘；舌红绛苔干黄，脉弦数有力，均为热盛风动之征。治宜清热泻火解毒，息风止痉。方中水牛角善清心凉血解毒；羚羊角凉肝息风止痉；二角并用，为治热传心肝二经之良药。麝香辛温香窜，醒神开窍，三药合用，是清心凉肝，息风开窍的常用组合，是针对高热、神昏、惊厥等主证而设，共为君药。生石膏、寒水石大寒清热，除烦止渴；滑石寒滑利窍，善引热下行，清热利尿，使热邪从小便而去；玄参、升麻、甘草清热解毒，共为臣药。方中清热药以甘寒、咸寒为主，而不用苦寒直折，不仅避免苦燥伤阴，而且又具有生津护液之用，对热盛伤阴之证，寓有深意。青木香、丁香、沉香宣通解郁，行气通窍，以助开窍醒神之功；朱砂、磁石重镇安神，增强除烦止痉之效；芒硝、硝石“釜底抽薪”，通腑泻热散结，使邪热从大便而解，七药共为佐药。诸药合用，共奏清热解毒，开窍醒神，息风止痉，安神除烦之功。

	　　【临床运用】

	　　1.用方要点本方为开窍镇惊的重要方剂。以高热烦躁，神昏痉厥，便秘，舌红绛苔干黄，脉弦数有力为辨证要点。

	　　2.现代应用本方常用于治疗发热性感染性疾病，如流行性脑脊髓膜炎、乙型脑炎、重症肺炎、猩红热、肝昏迷等属热盛动风者。

	　　3.使用注意过量易损伤元气，甚或见大汗、肢冷、心悸、气促等证，故应中病即止。孕妇禁用。

	　　【方歌】 紫雪牛羊朱朴硝，硝磁寒水滑石膏，丁沉木麝升玄草，不用赤金法亦超。
 
        
      
        
        最近更新时间：2013-05-04
",http://www.zhongyoo.com/fangji/zx_542.html,,
" 
	　　【方剂名】血府逐瘀汤，出自《医林改错》

	　　【组成】桃仁四钱(12g) 红花三钱(9g) 当归三钱(9g) 生地黄三钱(9g) 川芎一钱半(5g) 赤芍二钱(6g) 牛膝三钱(9g) 桔梗一钱半(5g) 柴胡一钱(3g) 枳壳二钱(6g)甘草一钱(3g)

	　　【用法】水煎服。

	　　【功效】活血祛瘀，行气止痛。

	　　【主治】胸中血瘀证。胸痛，头痛日久不愈，痛如针刺而有定处，或呃逆日久不止，或内热烦闷，或心悸失眠，烦躁易怒，或人暮潮热，唇暗或两目暗黑，舌质暗红或有瘀斑，脉涩或弦紧。

	　　【方解】本方证为瘀血内阻胸中，气机郁滞，瘀久化热所致。即王清任所称“胸中血府血瘀”之证。胸中为气之宗，血之聚，肝经循行之分野。胸中瘀血阻滞，气机不畅，清阳不升，故胸痛、头痛，痛如针刺而有定处；瘀血日久，肝失条达，故急躁易怒；肝气犯胃，胃失和降则上逆，或呃逆日久不止；血瘀日久化热，则内热烦闷，人暮潮热；热扰心神，则心悸失眠；瘀血阻滞，新血不生，肌肤失养，故唇暗或两目黯黑；舌质暗红，有瘀斑或瘀点，脉涩或弦紧，均为血瘀之征。治宜活血化瘀为主，兼以行气、凉血、清热。方中桃仁破血行滞而润燥，红花活血化瘀以止痛，共为君药。赤芍、川芎助君药活血化瘀；牛膝长于祛瘀通脉，引瘀血下行，共为臣药。当归养血活血，祛瘀生新；生地黄凉血清热除瘀热，与当归养血润燥，使祛瘀不伤正；枳壳疏畅胸中气滞；桔梗宣肺利气，与枳壳配伍，一升一降，开胸行气，使气行血行；柴胡疏肝理气，为佐药。甘草调和诸药，为使药。本方为活血祛瘀药、行气药、养血药合用，活血而又行气，祛瘀而又生新，可作为通治一切血瘀气滞的基础方。

	　　【临床运用】

	　　1.用方要点本方为治胸中血瘀证的代表方，以胸痛，痛有定处，舌质暗红或有瘀斑，脉涩或弦紧为辨证要点。

	　　2.现代应用本方常用于治疗冠心病心绞痛、风湿性心脏病、胸部挫伤、肋软骨炎、脑震荡后遗症等属血瘀气滞者。

	　　3.使用注意方中活血祛瘀药较多，故孕妇慎用。

	　　【附】

	　　1.通窍活血汤(《医林改错》) 赤芍川芎各一钱(各3g) 桃仁研泥 红花各三钱(各9g) 老葱切碎3根(3g) 鲜姜切片，三钱(9g) 红枣去核，七个(5枚) 麝香绢包，五厘(0.15g)黄酒半斤(250g)前七味煎一盅，去滓，将麝香人酒内再煎二沸，临卧服。功效：活血通窍。主治：瘀阻头面证。头痛昏晕，或耳聋年久，或头发脱落，面色青紫，或酒渣鼻，或白癜风，以及妇女干血痨，小儿疳积而见肌肉消瘦，腹大青筋，潮热，舌暗，或有瘀斑、瘀点。

	　　2.膈下逐瘀汤(《医林改错》) 五灵脂炒，二钱(6g) 当归三钱(9g)川芎三钱(9g)桃仁研泥.三钱(9g) 丹皮 赤芍 乌药各二钱(6g) 延胡索一钱(3g) 甘草三钱(6g) 香附一钱半(4.5g) 红花三钱(9g) 枳壳一钱半(4.5g) 水煎服。功效：活血祛瘀，行气止痛。主治：瘀阻膈下，形成积块；或小儿痞块；或肚腹疼痛，痛处不移，或卧则腹坠，似有物者。

	　　3.少腹逐瘀汤(《医林改错》)小茴香炒，七粒(1.5g)干姜炒，二分(3g)延胡索一钱(3g) 没药一钱(3g) 川芎一钱(3g) 官桂一钱(3g) 当归三钱(9g) 蒲黄三钱(9g)

	　　赤芍二钱(6g)五灵脂炒，二钱(6g)水煎服。功效：活血祛瘀，温经止痛。主治：少腹瘀血积块，疼痛或不痛，或痛而无积块，或少腹胀满；或经期腰酸、少腹作胀，或月经一月见三五次，连接不断，断而又来，其色或紫或黑，或有瘀块，或崩漏兼少腹疼痛，或瘀血阻滞，久不受孕等证。

	　　4.身痛逐瘀汤(《医林改错》)秦艽一钱(3g)川芎二钱(6g)桃仁三钱(9g)红花三钱(9g) 甘草二钱(6g) 羌活一钱(3g) 没药二钱(6g) 当归三钱(9g) 五灵脂炒，二钱(6g)香附一钱(3g)牛膝三钱(9g)地龙去土，二钱(6g)水煎服。功效：活血行气，祛瘀通络，通痹止痛。主治：瘀血闭阻经络所致的肩痛、臂痛、腰痛、腿痛、或周身疼痛，经久不愈。

	　　【功用鉴别】《医林改错》创制的五个逐瘀汤均能活血祛瘀止痛，用治血瘀证。均以当归、川芎、桃仁、红花、赤芍为基础药，但五方所治各不相同。血府逐瘀汤则配伍行气开胸的枳壳、桔梗、柴胡，以及引血下行的牛膝等，故宣通胸胁气滞，引血下行之力较好，主治胸中血瘀证；通窍活血汤则配伍通阳开窍的麝香、老葱、生姜等，故辛香通窍作用较好，主治头面血瘀证；膈下逐瘀汤则配伍疏肝理气止痛药香附、延胡索、乌药、枳壳，故行气止痛作用较好，主治膈下血瘀证；少腹逐瘀汤则配伍温里祛寒之小茴香、官桂、干姜等，故温经止痛作用较好，主治少腹血瘀证；身痛逐瘀汤则配伍通络宣痹止痛之秦艽、羌活、地龙等，故宣痹止痛作用较好，主治瘀血闭阻经络证。

	　　【方歌】血府桃红四物汤，柴枳梗牛甘草襄，活血化瘀兼行气，血瘀胸中第一方。

	　　【知识拓展】血府逐瘀汤为清代王清任《医林改错》诸活血化瘀方中最具有代表性的一首古方。是由桃红四物汤、四逆散加牛膝、桔梗而成。主治“胸中血府血瘀”证。其主治证恰符合冠心病心绞痛、心肌梗死之胸中血瘀证的病理变化。现代药理研究表明：本方能改善血液流变性和微循环，舒张血管，增加缺血器官的血流量，明显减轻心肌缺血的程度，缩小心肌缺血范围和梗死面积，缓解心绞痛。
 
        
      
        
        最近更新时间：2013-05-04
",http://www.zhongyoo.com/fangji/xfzyt_554.html,,
" 
	　　【方剂名】旋覆代赭汤，出自《伤寒论》

	　　【组成】旋覆花三两(9g) 人参二两(6g) 生姜五两(15g) 代赭石一两(9g) 甘草炙，三两(6g)半夏洗，半升(9g)大枣擘，12枚(4枚)

	　　【用法】以水一斗，煮取六升，去滓，再煮取三升，温服一升，日三服。现代用法：水煎服。

	　　【功效】降逆化痰，益气和胃。

	　　【主治】 胃虚痰阻证。噫气频作，心下痞，反胃呕吐，吐涎沫，舌苔白滑，脉弦而虚。

	　　【方解】本方证由胃虚痰阻，气逆不降所致。胃主受纳，腐熟水谷，其气以下行为顺。胃气虚则升降失常，胃气因虚而上逆，则噫气频作，反胃呕吐，或吐涎沫；胃虚运化失职，湿聚生痰，痰阻气机，则心下痞；舌苔白滑，脉弦而虚，为中虚痰阻之征。胃虚宜补，痰浊宜化，气逆宜降。虽实虚并见，但以气逆痰阻为主，治宜降逆化痰，兼以益气和中。方中旋覆花功专下气消痰，降气止噫，为治痰阻气逆之要药，重用为君药。代赭石质重而沉降，善镇肝胃之冲逆，坠痰涎、止呕吐，为臣药。半夏、生姜祛痰散结，降逆和胃；人参、炙甘草、大枣健脾益胃，以复中虚，共为佐药。甘草又能调和诸药，兼使药之用。诸药合用，集祛痰、降逆、补虚于一方，使痰除、气降、脾健，诸证自愈。

	　　【临床运用】

	　　1.用方要点本方为治胃虚痰阻，气逆不降的代表方，以心下痞，呕吐，噫气，苔白滑，脉弦虚为辨证要点。

	　　2.现代应用本方常用于治疗浅表性胃炎、胃神经官能症、慢性胃炎、胃扩张、胃及十二指肠溃疡、幽门不全梗阻、神经性呃逆等属胃虚痰阻者。

	　　3.使用注意代赭石性寒而沉降，易伤胃气，中焦虚寒不宜重用。

	　　【方歌】旋覆代赭汤人参，半夏姜枣甘草临，降逆化痰益胃气，胃虚痰阻力能尽。
 
        
      
        
        最近更新时间：2013-05-04
",http://www.zhongyoo.com/fangji/xfdzt_555.html,,
" 
	　　【方剂名】四逆汤，出自《伤寒论》

	　　【组成】附子一枚，生用，去皮，破八片(12g) 干姜一两半(9g) 甘草二两，炙(6g)

	　　【用法】上三味，以水三升，煮取一升二合，去滓，分温再服。强人可大附子一枚，干姜三两。现代用法：水煎服。

	　　【功效】回阳救逆。

	　　【主治】心肾阳衰寒厥证。四肢厥冷，恶寒蜷卧，神疲欲寐，下利清谷，呕吐腹痛，舌苔白滑，脉沉细；或太阳病误汗亡阳。

	　　【方解】本方证乃因心肾阳衰，阴寒内盛所致，又称阳虚寒厥证。阳衰不能温煦周身四末，故恶寒蜷卧、四肢厥冷，而冷过肘膝；阳虚不能鼓动血行，故脉微细。《素问&amp;middot；生气通天论》日：“阳气者，精则养神。”今心阳衰微，神失所养，则神衰欲寐；肾阳衰微，火不暖土，则腹痛吐利。此阳衰寒盛之证，非纯阳大辛大热之品，不足以破阴寒，回阳气，救厥逆。方中附子生用，大辛大热，走而不守，回阳救逆，尤善温肾阳，为回阳祛寒要药，为君药。干姜辛热，守而不走，温中祛寒，为臣药。二者一守一走，气味雄厚，使温阳之力更为宏大，故前人有“附子无姜不热”之说。附、姜配伍，重在温补肾阳以补先天。炙甘草甘缓和中，既能缓和姜附燥烈峻猛之性，使其无伤阴之弊，且与干姜配伍，重在温补脾阳以补后天，为佐使。综观本方，药简力专，大辛大热，使阳复厥回，四逆自温，故名“四逆汤”。

	　　【临床运用】

	　　1.用方要点本方为回阳救逆的代表方。临床应用以四肢厥逆，恶寒蜷卧，神衰欲寐，面色苍白，脉沉微细为辨证要点。

	　　2.现代运用本方常用于治疗心肌梗死、心力衰竭、急慢性胃肠炎吐泻过多，或某些急证见大汗出而休克属阳衰阴盛者；本方加味可用于顽固性风湿性关节炎。

	　　3.使用注意本方所治厥逆，非阳衰阴盛者禁用。若温服本方，服药格拒者，可冷服。生附子有毒，用量宜慎，并须久煎。

	　　【附】参附汤(《正体类要》)人参四钱(12g) 附子炮，去皮，三钱(9g)用水煎服，阳气脱陷者，倍用之。功用：益气回阳固脱。主治：阳气暴脱证。四肢厥冷，冷汗淋漓，呼吸微弱，脉微欲绝。

	　　【方歌】四逆汤中附草姜，四肢厥冷急煎尝， 腹痛吐泻脉沉细，急投此方可回阳。
 
        
      
        
        最近更新时间：2013-05-04
",http://www.zhongyoo.com/fangji/snt_568.html,,
" 
	　　【方剂名】四逆散，出自《伤寒论》

	　　【组成】甘草炙枳实破，水渍，炙干柴胡 芍药各十分(各6g)

	　　【用法】上四味，捣筛，白饮和服方寸匕，日三服。现代用法：水煎服。

	　　【功效】透邪解郁，疏肝理脾。

	　　【主治】

	　　1.阳郁厥逆证手足不温，或腹痛，或泻利下重，脉弦。

	　　2.肝脾气郁证胁肋胀闷，脘腹疼痛，脉弦。

	　　【方解】四逆者，乃手足不温也。其证缘于外邪传经入里，气机为之郁遏，不达于四末所致。此“四逆”与阳衰阴盛的四肢厥逆有本质区别。正如李中梓云：“此证虽云四逆，必不甚冷，或指头微温，或脉不沉微，乃阴中涵阳之证，唯气不宣通，是为逆冷。”阳郁于里，而不外达，则身微热；肝郁脾滞，气机不畅，则胁肋胀闷，脘腹疼痛，或泄利下重，脉弦。治宜透解郁热，疏肝理脾。方中柴胡条达肝气解肝郁，透热外出解郁热，为君药。芍药养血敛阴，柔肝缓急，为臣药。芍药与柴胡相配，散收同用，既补肝体，又利肝用，使柴胡升散而无伤阴血之弊。枳实行气消痞，理气开郁，，为佐药，与柴胡相伍，一升一降，肝脾并调，加强疏畅气机，升清降浊之功。与芍药合用，又可调理气血。甘草调和诸药，为使药。与芍药同用，又缓急止痛。全方四药，配伍严谨，柴、芍相配以治肝；枳、草相伍以治脾，肝脾并调，为疏肝理脾的基础方，后世常以本方加减治疗肝郁气滞与肝脾不和诸证。

	　　【临床运用】

	　　1.用方要点本方原治阳郁厥逆证，后世多用作疏肝理脾的基础方。临床以手足不温，胁肋或脘腹疼痛，脉弦为辨证要点。

	　　2.现代运用本方常用于治疗慢性肝炎、胆囊炎、胆石症、肋间神经痛、胃溃疡、胃炎、胃肠神经官能症、附件炎、输卵管阻塞等属于肝脾不和者。

	　　3.使用注意热盛厥甚的热厥证和阳衰阴盛的寒厥证，忌用本方。

	　　【方歌】四逆散里用柴胡，芍药枳实甘草补，阳气内郁成厥逆，疏肝理脾此方主。
 
        
      
        
        最近更新时间：2013-05-04
",http://www.zhongyoo.com/fangji/sns_566.html,,
" 
	　　【方剂名】麻黄汤，出自《伤寒论》

	　　【组成】 麻黄三两去节(9g)，桂枝二两去皮(6g)，杏仁七十个去皮尖(6g)，甘草一两炙(3g)。

	　　【用法】上四味，以水九升，先煮麻黄，减二升，去上沫，内诸药，煮取二升半，去滓，温服八合。覆取微似汗，不须啜粥，余如桂枝法将息。 现代用法：水煎服，温覆取微汗。

	　　【功效】发汗解表，宣肺平喘。

	　　【主治】外感风寒表实证。恶寒发热，头身疼痛，无汗而喘，苔薄白，脉浮紧。

	　　【方解】本方证为风寒束表，肺气失宣所致。风寒束表，邪正相争，则恶寒发热；皮毛闭塞，经气不利，头身疼痛，无汗；肺气失宣，上逆为喘咳；苔薄白，脉浮紧均为外感风寒表实证的征象。治宜发汗宣肺，既解在表之寒邪，又开郁闭之肺气。方中麻黄性温辛 散人肺经，既开泄腠理散寒邪，又宣畅肺气平喘咳，为君药。桂枝通营达卫，既助麻黄发 汗解表，又畅行营阴止疼痛，使表邪祛营卫和，为臣药。麻桂相配，一宣卫气之郁闭开腠理，一通营阴之滞以和营卫，二药相须为用，透营畅卫，为辛温解表的常用组合。杏仁苦 降人肺，肃降肺气以平喘咳，与麻黄配伍，一宣一降，以复肺之宣肃功能，增平喘止咳之 功，为佐药。炙甘草调和诸药，既益气扶正，又能缓和麻、桂之峻烈之性，使汗出而不伤 正，为使药而兼佐药之用。四药合用，发汗解表以散寒，宣降肺气以平喘。

	　　【临床运用】

	　　1.用方要点：本方为治外感风寒表实证的基础方，以恶寒发热，无汗而喘，脉浮紧 为辨证要点。

	　　2.现代应用：本方常用于治疗感冒、流行性感冒以及急性支气管炎、支气管哮喘等属风寒表实证者。

	　　【使用注意】本方为发汗峻剂，药后一经汗出，则不宜再服。对于外感表虚自汗，外感风热，体虚外感等，均忌用。

	　　【附】大青龙汤(《伤寒论》)：麻黄六两，去节(12g)，桂枝二两(6g)，甘草二两炙(6g)，杏仁四十枚去皮尖(6g)，生姜三两切(9g)，大枣十枚擘(3g)，石膏如鸡子大碎 (18g)。水煎服。功效：发汗解表，清热除烦。主治：外寒内热，寒热俱重，身体疼痛， 不汗出而烦躁，脉浮紧。

	　　【方歌】麻黄汤中用桂枝，杏仁甘草四般施， 发热恶寒头项痛，无汗而喘服之宜。
 
        
      
        
        最近更新时间：2014-04-02
",http://www.zhongyoo.com/fangji/mht_1428.html,,
" 
	　　【方剂名】平胃散，出自《简要济众方》

	　　【组成】苍术去黑皮，捣为粗末，炒黄色，四两(120g) 厚朴去粗皮，涂生姜汁，炙令香熟，三两(90g) 陈橘皮洗令净，焙干，二两(各60g) 甘草炙黄，一两(30g)

	　　【用法】上为散，每服二钱(6g)，以水一中盏，加姜二片，大枣丽枚，同煎至六分，去渣，食前温服。现代用法：共为细末，每服6g，生姜、大枣煎汤送服，每日2次，食前服。或作汤剂，水煎服，用量按原方比例酌定。

	　　【功效】燥湿运脾，行气和胃。

	　　【主治】湿困脾胃证。脘腹胀满，不思饮食，恶心呕吐，暧气吞酸，肢体沉重，倦怠嗜卧，大便溏薄，舌苔白腻而厚，脉缓。

	　　【方解】本方证为湿困脾胃，气机阻滞，胃失和降所致。湿阻滞气机，故脘腹胀满；脾被湿困，健运失职，故不思饮食；胃失和降，则恶心呕吐，嗳气吞酸；脾阳被困，湿性重浊，故肢体沉重，倦怠嗜卧；脾不运湿，水走肠间，放大便溏薄；舌苔白腻而厚，脉缓均为湿困之象。治宜燥湿健脾，行气和胃。方中以苍术为君药，苦温燥烈，最善燥湿运脾，使湿祛脾运胃和，以复升降；厚朴为臣，行气化湿，消胀除满，君臣配伍，燥湿以健脾，行气以化湿；佐以陈皮，理气和胃，行气化湿，以助苍术、厚朴之力。使以甘草和中调药。煎加生姜、大枣，则调和脾胃之功益佳。综观全方，重在燥湿运脾，兼能行气除满，使湿浊得化，气机调畅，脾气健运，胃得和降，则诸症自除。

	　　【临床运用】

	　　1.用方要点本方为燥湿健脾的常用方，以脘腹胀满，不思饮食，舌苔白厚而腻为辨证要点。

	　　2.现代运用本方常用于治疗慢性胃炎、消化道功能紊乱、胃及十二指肠溃疡等属湿滞脾胃者。

	　　【方歌】平胃散陈草苍朴，姜枣煎汤来送服，燥湿运脾除胀满，行气和胃此方宜。
 
        
      
        
        最近更新时间：2014-01-14
",http://www.zhongyoo.com/fangji/pws_1149.html,,
" 
	　　【方剂名】麻子仁丸，出自《伤寒论》

	　　【组成】子仁二升(20g)，芍药半斤(9g)，炙枳实半斤(9g)，去皮大黄一斤(12g)，炙厚朴一尺(9g)，杏仁一升，去皮、尖，熬，别作脂(10g)。

	　　【用法】上六味，蜜和丸，如梧桐子大，饮服十丸，日三服，渐加，以知为度。现代用法：上药为末，炼蜜为丸，每次9g，每日1～2次，温开水送服。亦可水煎服，用量按原方比例酌定。

	　　【功效】润肠通便。

	　　【主治】肠胃燥热之便秘证。大便干结，小便频数，舌红少津，脉细数。

	　　【方解】本方证为肠胃燥热，脾津不布所致。其证在《伤寒论》中称之为“脾约便秘”。系由肠胃燥热，脾受约束，津液不布，但输膀胱，则小便频数；肠失濡润，致大便秘结。治宜润肠药与泻下药同用。方中火麻仁润肠通便，为君药。杏仁入肺与大肠经，上肃肺气，下润大肠，以降肺润肠；白芍养阴敛津，柔肝理脾，共为臣药。大黄苦寒泄热，攻积通便；枳实下气破结；厚朴行气除满，共用以加强降泄通便之力，同为佐药。本方以蜂蜜为丸，取其甘缓润肠，既助麻子仁润肠通便，又缓小承气汤攻下之力，兼为使药。本方特点：泻下药与润肠药并用，攻润结合，体现润下之法；用丸小量渐加，意在缓下，故为缓下之剂。

	　　【临床运用】

	　　1.用方要点：本方是润肠通便的常用方，以大便干结难下，时间较久，病势较缓为辨证要点。

	　　2.现代应用：本方常用于治疗习惯性便秘、老人与产后便秘、痔疮便秘等属肠胃燥热者。

	　　【使用注意】本方虽属润肠缓下之剂，但仍有一定的攻下破气作用，故对老人、体虚而内无邪热的便秘，以及孕妇及血虚津亏便秘，均应慎用。

	　　【方歌】麻子仁丸治脾约，枳朴大黄杏芍决，胃热津枯便难解，润肠通便功效确。
 
        
      
        
        最近更新时间：2014-04-18
",http://www.zhongyoo.com/fangji/mzrw_1455.html,,
" 
	　　【方剂名】半夏白术天麻汤，出自《医学心悟》

	　　【组成】半夏一钱五分(4.5g) 天麻茯苓橘红各一钱(各3g) 白术三钱(9g)甘草五分(1.5g)

	　　【用法】加生姜一片，大枣二枚，水煎服。

	　　【功效】化痰息风，健脾祛湿。

	　　【主治】风痰上扰证。眩晕，头痛，胸闷呕恶，舌苔白腻，脉弦滑。

	　　【方解】本方证为脾虚生湿，湿聚成痰，引动肝风，风痰上扰所致。古人云：“无痰不作眩”，风痰上扰，肝风内动，故眩晕头痛，眩晕甚者，自觉天旋地转；痰阻气机，浊阴上逆，故胸闷呕恶；舌苔白腻，脉弦滑，均为风痰之象。脾湿生痰，为病之本；肝风内动，风痰上扰，为病之标。本方证重点是痰与风，故化痰息风治标为主，健脾祛湿治本为辅。方中以半夏、天麻为君药，其中半夏燥湿化痰，降逆止呕；天麻平肝息风而止头眩，两药合用，为治风痰眩晕头痛要药。白术、茯苓健脾祛湿，以治生痰之源，共为臣药。陈皮理气化痰，使气顺痰消，为佐药。甘草调和诸药，为使药。煎加姜枣，以和中健脾。诸药合用，能使风息痰消，眩晕自愈。

	　　【临床运用】

	　　1.用方要点本方为治风痰上扰，眩晕头痛的常用方，以眩晕头痛、舌苔白腻、脉弦滑为辨证要点。

	　　2.现代运用 本方常用于治疗高血压病、耳源性眩晕、神经性头痛等属风痰上扰者。

	　　【功用鉴别】二陈汤、小陷胸汤、半夏白术天麻汤均能化痰，用治痰证。其不同点是：二陈汤功能燥湿化痰，理气和中，用治湿痰证；小陷胸汤功能清热化痰，宽胸散结，用治痰热互结证；半夏白术天麻汤功能化痰息风，健脾祛湿，用治风痰上扰证。

	　　【方歌】半夏白术天麻汤，陈皮苓草大枣姜，风痰眩晕并头痛，息风化痰效果良。
 
        
      
        
        最近更新时间：2013-12-17
",http://www.zhongyoo.com/fangji/bxbstmt_1027.html,,
" 
	　　【方剂名】大黄牡丹汤，出自《金匮要略》

	　　【组成】大黄四两(12g) 牡丹皮一两(3g) 桃仁五十个(12g) 冬瓜子半升(30g) 芒硝三合(9g)

	　　【用法】以水六升，煮取一升，去滓，内芒硝，再煎沸，顿服之。 现代用法：水煎服，芒硝熔化。

	　　【功效】泻热破瘀，散结消肿。

	　　【主治】肠痈初起，尚未成脓。右少腹疼痛拒按，右足屈而不伸，伸则腹痛甚，甚则局部肿痞，时时发热，自汗恶寒，舌苔黄腻，脉滑数。

	　　【方解】本方证多由湿热郁积，气血凝聚，结于肠中，肠络不通，聚而成痈所致。热结气滞血瘀，腑气不通，不通则痛，右少腹为肠痈的好发部位，故右少腹疼痛；热结于里，故痛而拒按，右足屈而不伸，伸则痛甚，古称“缩脚肠痈”；气血郁结不散，则局部可触及包块，甚至可使血肉腐败而化脓；正邪交争，营卫失调，故时时发热，自汗恶寒；舌苔黄腻，脉滑数，为实热郁结肠胃之征。故治宜泻热破瘀，散结消肿。方中大黄苦寒攻下，泻肠中湿热郁结，并祛肠中稽留之瘀血；桃仁性善破血消痈，共为君药。芒硝咸寒，软坚散结，泻下清热，助大黄通腑泻热；牡丹皮凉血散瘀消肿，助君药活血祛瘀，共为臣药；冬瓜子甘寒，清肠利湿，排脓散结，为佐药。诸药合用，使湿热瘀结荡涤下泄，热结通而痈自散，血行畅则肿痛消，肠痈自愈。

	　　【临床运用】

	　　1.用方要点本方用于肠痈初起，由湿热血瘀而成者，功效极佳，以右少腹疼痛拒按，右足屈而不伸，舌苔黄腻，脉滑数为辨证要点。

	　　2.现代运用本方常用于治疗急性单纯性阑尾炎、妇科附件炎、盆腔炎等属于实热瘀滞者。

	　　【使用注意】如肠痈属于寒湿郁滞者，或痈脓已成，且有其他并发症(如寄生虫、腹膜炎等)则不宜使用。对于老人、孕妇、体质虚弱者，亦不宜用。

	　　【方歌】金匮大黄牡丹汤，桃仁瓜子芒硝襄，肠痈初起腹按痛，泻热逐瘀消肿良。
 
        
      
        
        最近更新时间：2013-05-04
",http://www.zhongyoo.com/fangji/dhmdt_573.html,,
" 
	　　【方剂名】清营汤，出自《温病条辨》

	　　【组成】犀角三钱(水牛角代30g) ，生地黄五钱(15g)， 玄参三钱(9g)， 竹叶心一钱(3g)，麦冬三钱(9g) ，丹参二钱(6g) ，黄连一钱五分(5g) ，银花三钱(9g) ，连翘二钱、连心用(6g)。

	　　【用法】上药，水八杯，煮取三杯，日三服。现代用法：作汤剂，水牛角镑片先煎，后下余药。

	　　【功效】清营解毒，透热养阴。

	　　【主治】热人营分证。身热夜甚，口渴或不渴，时有谵语，神烦少寐，斑疹隐隐，舌绛而干，脉细数。

	　　【方解】本方证为邪热内传营分所致。邪热传营，伏于阴分，扰乱心神，则见身热夜甚，时有谵语，神烦少寐；邪热由气分初入营分，故初时气、营之证并见，则见口渴或不渴；气营两伤又波及血分，则见斑疹隐隐；舌绛而干，脉细数为热伤营阴之象。治宜清营为主，辅以透热养阴。方中犀角(现以水牛角代)清解营分热毒，凉血化斑，为君药。热伤营阴，又以生地黄凉血滋阴、麦冬清热养阴生津、玄参滋阴降火解毒，三药共用，既可甘寒养阴保津，又可助君药清营凉血解毒，共为臣药。金银花、连翘、竹叶心(初出的卷状嫩叶)清热解毒，轻清宣透，能使营分之邪热转出气分而解，此即叶天士所谓“入营犹可透热转气”之法；黄连苦寒，清心解毒；丹参清心凉血，活血散瘀，防热与血结；五药均为佐药。本方的配伍特点是以清营解毒为主，配以养阴生津和“透热转气”，使入营之邪透出气分而解，诸症自愈。

	　　【临床运用】

	　　1.用方要点：本方为主治温病邪热初人营分的代表方。临床以身热夜甚，心烦少寐，舌绛而干，脉细数等为辨证要点。

	　　2.现代运用：本方常用于治疗乙型脑炎、流行性脑脊髓膜炎、败血症、肠伤寒或其他热性病属营分热盛者。

	　　【使用注意】要注意舌诊，必须是舌绛而干。若舌质绛而苔白滑，是夹有湿邪，误用本方，则助湿留邪，且延误病情。

	　　【方歌】清营汤治热传营，身热夜甚神不宁， 角地银翘玄连竹，丹麦清热更护阴。
 
        
      
        
        最近更新时间：2014-02-26
",http://www.zhongyoo.com/fangji/qyt_1291.html,,
" 
	　　【方剂名】龙胆泻肝汤，出自《医方集解》

	　　【组成】龙胆草、酒炒(6g) ，黄芩炒(9g)， 栀子、酒炒(9g) ，泽泻(12g) ，木通(6g)，车前子(9g)， 当归、酒洗(3g) ，柴胡(6g) ，生地黄、酒炒(9g) ，生甘草(6g)(原书未注用量)。

	　　【用法】水煎服。亦可制成丸剂，每服6～9g，日2次，温开水送下。

	　　【功效】泻肝胆实火，清下焦湿热。

	　　【主治】

	　　1.肝胆实火上炎证头痛目赤，胁痛口苦，耳聋耳肿，舌红苔黄，脉弦数有力。

	　　2.肝经湿热下注证阴肿，阴痒，筋痿，阴汗，小便淋浊，或妇女带下黄臭等，舌红苔黄腻，脉弦数有力。

	　　【方解】本方证是由肝胆实火循经上炎或肝胆湿热下注所致。肝胆实火，循经上炎则头部、耳目作痛，或失聪，肝火郁结，经脉不舒，则胁痛且口苦；湿热循经下注则为阴痒、阴肿、筋痿、阴汗；舌红苔黄腻，脉弦数有力皆为火盛及湿热之象。治宜清泻肝胆实火，清利肝经湿热。方中龙胆草大苦大寒，既泻肝胆实火，又利下焦湿热，泻火除湿，两擅其功，为君药。黄芩、栀子苦寒泻火，清热燥湿，助君药清泻实火，共为臣药；泽泻、木通、车前子清利湿热，使湿热之邪从小便排出；肝经有热，本易耗伤阴血，且方中苦燥渗利之品居多，恐再耗其阴，故用当归、生地黄养血益阴以顾肝体，使苦燥清利不伤阴，上五味为佐药。柴胡疏达肝气以顾肝用，并引诸药人肝经；柴胡与归芍相伍，以补肝体调肝用；甘草益气和中，调和诸药，共兼佐使之用。综观全方，清利并行，泻中有补，降中寓升，祛邪而不伤正，泻火而不伐胃，诚为泻肝良方。

	　　【临床运用】

	　　1.用方要点：本方为治肝胆实火上炎或肝经湿热下注的常用方。临床以头痛目赤，胁痛口苦，或阴肿阴痒，或小便淋浊，或妇女带下黄臭，舌红苔黄或黄腻，脉弦数有力为辨证要点。

	　　2.现代运用：本方常用于治疗顽固性偏头痛、头部湿疹、高血压、急性结膜炎、虹膜睫状体炎、外耳道疖肿、鼻炎、急性黄疸型肝炎、急性胆囊炎，以及泌尿生殖系炎症、急性肾盂肾炎、急性膀胱炎、尿道炎、外阴炎、睾丸炎、腹股沟淋巴结炎、急性盆腔炎、带状疱疹等病属肝经实火、湿热者。

	　　【使用注意】本方多为苦寒清利之品，易伤脾胃之气，应中病即止，不宜多服久服；脾胃虚弱者应慎用。

	　　【方歌】龙胆泻肝栀芩柴，生地车前泽泻偕，木通甘草当归合，肝经湿热力能排。
 
        
      
        
        最近更新时间：2014-02-21
",http://www.zhongyoo.com/fangji/ldxgt_1281.html,,
" 
	　　【方剂名】芍药汤，出自《素问病机气宜保命集》。

	　　【组成】芍药一两(30g)， 当归半两(15g) ，黄连半两(15g) ，槟榔、木香、甘草炒各二钱(各6g)， 大黄三钱(9g) ，黄芩半两(15g)， 官桂二钱半(5g)。

	　　【用法】上药畋咀，每服半两(15g)，水二盏，煎至一盏，食后温服。现代用法：水煎服。

	　　【功效】清热燥湿，调气和血。

	　　【主治】湿热痢疾。腹痛，便脓血，赤白相兼，里急后重，肛门灼热，小便短赤，舌苔黄腻，脉弦数。

	　　【方解】本方证是由湿热壅滞肠中，气血失调所致。湿热下注大肠，搏结气血，酿为脓血，而为下痢赤白；肠道气机阻滞则腹痛，里急后重，肛门灼热，小便短赤；舌苔黄腻，脉象弦数等俱为湿热内蕴之象。治宜清热燥湿，调和气血。方中重用芍药柔肝调血，缓急以止泻痢腹痛，是治痢之要药，为君药。黄芩、黄连性味苦寒，人大肠经，功擅清解肠中热毒，燥湿以止痢；大黄泻热破瘀，攻积通便，为“通因通用”之举，以除肠中积滞瘀血，与芩、连相伍，清中有泻，为臣药。木香、槟榔行气导滞，助大黄排除肠中积滞，即“调气则后重自除”，当归养血和血，助芍药养血益阴，与大黄合用，又有行瘀之用，即“行血则脓便自愈”；方以少许肉桂温而行之，是为反佐，既可助归、芍行血和营，又防苦寒伤中，不致有冰伏之患。共为佐药。炙甘草和中调药，与芍药相配，又能缓急止痛，亦为佐使。诸药合用，湿去热清，气血调和，故下痢可愈。

	　　【临床运用】

	　　1.用方要点：本方为治疗湿热痢疾的常用方。临床以痢下赤白，腹痛里急，苔腻微黄为辨证要点。

	　　2.现代运用：本方常用于治疗细菌性痢疾、阿米巴痢疾、过敏性结肠炎、急性肠炎等属湿热为患者。

	　　【使用注意】痢疾初起有表证者，虚寒性下痢者，均禁用本方。

	　　【知识延伸】本方立意不在止痢，而重在治其致痢之本。其配伍特点是：气血并用；寒热共投，侧重于热者寒之。此方与一般纯用苦寒以治湿热下痢之

	　　【方歌】芍药汤中用大黄，芩连归桂槟草香，清热燥湿调气血，里急便脓自安康。
 
        
      
        
        最近更新时间：2014-03-03
",http://www.zhongyoo.com/fangji/syt_1315.html,,
" 
	　　【方剂名】十灰散，出自《十药神书》

	　　【组成】大蓟小蓟荷叶侧柏叶茅根茜根山栀大黄牡丹皮棕榈皮各等分(各9g)

	　　【用法】上药各烧灰存性，共研极细末，用纸包，碗盖于地上一夕，出火毒。用时先将白藕捣汁或萝卜汁磨京墨半碗，调服五钱(15g)，食后服下。现代用法：各药烧存性，为末。每次15g，藕汁或萝卜汁磨京墨汁适量，或温开水调服。亦可作汤剂水煎服，用量按原方比例酌定。

	　　【功效】凉血止血。

	　　【主治】血热妄行之上部出血。吐血、咯血、嗽血、衄血，血色鲜红，舌红，脉数。

	　　【方解】本方证为治火热炽盛，迫血妄行之上部出血证。火热炽盛，气火上冲，迫血妄行则见上部出血，如吐血、咯血、嗽血及衄血等，多来势暴急，血色鲜红。因有血热之象，故见面赤唇红，心烦口渴，溲赤，便秘，舌红，脉数等。治宜凉血止血。方中大蓟、小蓟甘凉人血分，长于凉血止血，兼能祛瘀，为君药。荷叶、侧柏叶、白茅根、茜草均能凉血止血；栀子清热泻火，且能凉血止血；大黄清热降火，引热下行，使气降血止；牡丹皮清热凉血祛瘀，使血止不留瘀，为佐药。本方用法是用藕汁、或萝卜汁、或磨京墨汁调服，藕汁能清热凉血散瘀；萝卜汁降气清热；京墨汁能收涩止血，意在增强止血之功。本方凉血与清降全用，收涩与化瘀同施，为急救止血之方。

	　　本方十药均以制炭炮制品入经，用治呕血、吐血、咳血等证，为传统炭药止血的代表方剂。本方药物生用、炭用均有止血、凝血作用，而炭用止血作用尤佳，炒炭后可增加炭素，加强吸附作用，使凝血时间缩短，增强收涩止血作用。故本方亦以其炮制方法而命名“十灰散”。

	　　【临床运用】

	　　1.用方要点本方为治血热妄行所致各种出血证的常用方，对于来势急暴的上部出血，可作应急之用。以上部出血，血色鲜红，舌红，脉数为辨证要点。

	　　2.现代应用本方常用于治疗消化道出血、支气管扩张、肺结核咯血等属于血热妄行者。

	　　3.使用注意本方为治标之法，不宜多服久服，血止后，应审因论治，随证调理，对于虚寒性出血，则不宜使用。

	　　【方歌】十灰散中十般灰，柏茅茜荷丹榈煨，二蓟栀黄各炒黑，上部出血势能摧。
 
        
      
        
        最近更新时间：2013-05-04
",http://www.zhongyoo.com/fangji/shs_570.html,,
" 
	　　【方剂名】 玉屏风散，出自《医方类聚》

	　　【组成】 防风一两(30g) 黄芪蜜炙 白术各二两(各60g)

	　　【用法】上畋咀，每服三钱(9g)，水一盏半，加大枣一枚，煎七分，去滓，食后热服。

	　　现代用法：研末，每日2次，每次6～9g，大枣煎汤送服；亦可作汤剂，水煎服，用量按原方比例酌定。

	　　【功效】益气固表止汗。

	　　【主治】表虚自汗证。自汗恶风，面色咣白，舌淡苔白，脉浮缓，以及虚人易感风邪者。

	　　【方解】本方之自汗证是因脾肺气虚，卫表不固所致。肺气虚，则卫表不固，腠理疏松，营阴不能内守，故自汗出，恶风易感风邪；脾气虚，气血化源不足，故面色咣白、舌淡苔白、脉浮缓。治宜益气固表，以达止汗之功。方中黄芪内外同治为君，对内大补脾肺之气，对外固表止汗。白术为臣，健脾益气，使脾气旺则土能生金，肺金足则可固表实卫。二药相须为用，使气旺表实，汗不外泄，外邪难侵。防风走表既祛风邪又防御风邪之侵为佐使药。且黄芪得防风，固表而不恋邪，防风得黄芪，祛邪而不伤正。三药合用，补中有疏，散中有补。

	　　【临床运用】

	　　1.用方要点本方为治疗表虚自汗的常用方，以自汗恶风，面色咣白，舌淡，脉浮缓为辨证要点。

	　　2.现代运用本方常用于治疗或预防小儿及成人反复发作的上呼吸道感染，肾小球肾炎易于伤风感冒而致病情反复发作者，过敏性鼻炎、慢性荨麻疹、支气管哮喘等因外感风邪而反复发作者。

	　　【方歌】 玉屏风散少而精，芪术防风鼎足功，表虚汗出易外感，益气固表又祛风。

	　　【知识拓展】玉屏风散是中医扶正固表的经典名方。其方名玉屏风散其功用有似御风屏障，珍贵如玉，说明本方具有防御功能。显著提高机体的卫外防御功能，提高机体免疫功能和抗病毒通过提升患者的正气以防御外邪，适用于健康和亚健康人群。
 
        
      
        
        最近更新时间：2013-05-04
",http://www.zhongyoo.com/fangji/ypfs_546.html,,
" 
	　　【方剂名】桑杏汤，出自《温病条辨》

	　　【组成】桑叶一钱(3g)杏仁一钱五分(4.5g)沙参二钱( 6g)象贝一钱(3g)香豉一钱(3g) 栀皮一钱(3g) 梨皮一钱(3g)

	　　【用法】水二杯，煮取一杯，顿服之，重者再作服。现代用法：水煎服。

	　　【功效】轻宣温燥，润肺止咳。

	　　【主治】外感温燥证。发热头痛，咽干口渴，干咳无痰，或痰少而黏，舌红，苔薄白而燥，脉浮数。

	　　【方解】本方证为温燥外袭，肺津受灼所致。秋感温燥之气，卫气不利，故发热头痛；燥气伤肺，耗津灼液，故咽干口渴。燥伤肺阴，肺失清肃，故干咳无痰，或痰少而黏；舌红，苔薄白而燥，脉浮数为温燥灼伤肺阴之象。治宜轻宣燥热，凉润肺金。方中桑叶辛凉解表；杏仁宣利肺气以止咳，同为君药。豆豉轻宣透表；沙参、梨皮甘寒润肺生津，共为臣药。栀子皮清泄肺热；浙贝母化痰止咳，共为佐药。本方的配伍特点为轻宣、润燥、清热合用，且诸药用量较轻，使燥热除而肺津复，则诸证自愈。

	　　【临床运用】

	　　1.用方要点本方为治疗温燥外袭，肺燥咳嗽轻证的代表方，以身微热，干咳无痰，或痰少而黏，脉浮数为辨证要点。

	　　2.现代运用常用本方治疗上呼吸道感染、慢性支气管炎、支气管扩张咯血、百日咳等属外感温燥，灼伤肺津者。

	　　【功用鉴别】杏苏散与桑杏汤均能轻宣外燥，止咳化痰，用治外感燥证。但杏苏散辛宣温润，用治外感凉燥，肺气不宣而见恶寒头痛、咳嗽痰稀，鼻塞咽干、苔薄白、脉浮弦者；而桑杏汤辛宣凉润，用治外感温燥，肺阴受灼而见身热头痛、干咳少痰、口渴舌红、脉浮数者。 桑杏汤与桑菊饮均属辛凉疏解之剂，均用于外感咳嗽，身不甚热，口渴，脉浮数。但桑杏汤辛宣凉润，止咳化痰，主治温燥表证；而桑菊饮疏风清热，宣肺止咳，主治风热表证。

	　　【方歌】桑杏汤中象贝宜，沙参栀豉与梨皮，干咳无痰咽干渴，辛凉甘润燥能医。
 
        
      
        
        最近更新时间：2013-05-04
",http://www.zhongyoo.com/fangji/sxt_547.html,,
" 
	　　【方剂名】柴胡疏肝散，出自《医学统旨》

	　　【组成】 陈皮醋炒、柴胡各二钱(各6g)， 川芎、香附、枳壳麸炒、芍药各一钱半(各5g)，甘草炙五分(3g)。

	　　【用法】水二盅，煎八分，食前服。

	　　【功效】疏肝解郁，行气止痛。

	　　【主治】肝气郁滞证。胁肋疼痛，胸闷善太息，情志抑郁，易怒，脘腹胀满，脉弦。

	　　【方解】本方所治为情志不遂，肝失疏泄，肝郁血滞，横逆犯胃所致。肝失疏泄，经气不利，则胁肋疼痛，胸闷善太息，情志抑郁，易怒，脉弦；肝气不疏，横逆犯胃，则脘腹胀满。根据“木郁达之”之旨，治宜疏肝解郁，行气止痛。方以柴胡为君，调肝气，散郁结。臣以香附专人肝经，既疏肝解郁，又理气止痛；川芎辛散，开郁行气，活血止痛，二药助柴胡疏肝理气止痛。佐以陈皮理气行滞和胃，醋炒以增入肝行气之功；枳壳理气宽中，行气消胀，与陈皮相伍以理气行滞调中；白芍、甘草养血柔肝，缓急止痛。炙甘草又调和诸药，兼作使药。诸药合用，能理肝气、养肝血，和胃气，诚为疏肝理气解郁之良方。本方是四逆散加陈皮、川芎、香附而成。而四逆散中四药等量，侧重调畅气机，疏理肝脾；本方重用柴胡，轻用甘草，将枳实改为枳壳，再加陈皮、川芎、香附重在行气疏肝，兼以和血止痛，为治肝郁血滞之良方。

	　　【临床运用】

	　　1.用方要点本方为疏肝解郁的常用方，以胁肋胀痛，脉弦为辨证要点。

	　　2.现代应用本方常用于治疗慢性肝炎、慢性胃炎、胆囊炎、肋间神经痛等属肝郁气滞者。

	　　【使用注意】本方辛燥，易耗气伤阴，不宜久服；孕妇慎用。

	　　【方歌】柴胡疏肝芍川芎，枳壳陈皮草香附，疏肝行气兼活血，胁肋疼胀皆能除。
 
        
      
        
        最近更新时间：2014-02-11
",http://www.zhongyoo.com/fangji/chsgs_1227.html,,
" 
	　　【方剂名】八珍汤《瑞竹堂经验方》

	　　【组成】人参、白术、白茯苓、当归、川芎、白芍药熟地黄甘草炙，各一两(各30g)

	　　【用法】上畋咀，每服三钱(9g)，水一盏半，加生姜五片，大枣一枚，煎至七分，去滓，不拘时候，通口服。 现代用法：或作汤剂，加生姜3片，大枣5枚，水煎服，用量根据病情酌定。

	　　【功效】益气补血。

	　　【主治】气血两虚证。面色苍白或萎黄，头晕目眩，心悸怔忡，四肢倦怠，气短懒言，饮食减少，舌淡苔薄白，脉细弱或虚大无力。

	　　【方解】本方所治之气血两虚为久病失治、或病后失调、或失血过多所致。病位在心、肝、脾。气血两亏，心肝失养，则见面色苍白，头晕目眩，心悸怔忡；脾气虚弱，则面色萎黄，四肢倦怠，气短懒言，饮食减少，脉虚无力。治宜益气与补血并施。方中人参、熟地黄益气养血，共为君药。白术、茯苓健脾渗湿，助人参益气补脾；当归、白芍养血和营，助熟地黄补益阴血，共为臣药。川芎活血行气，使补而不滞；煎加姜枣，调和脾胃，同为佐药。炙甘草益气和中，调和诸药，为使药。本方即四君子汤与四物汤相合，共收气血双补之功，故以“八珍”名之。

	　　【临床运用】

	　　1.用方要点本方是治疗气血两虚的常用方。临床应用以气短乏力，心悸失眠，头目眩晕，舌淡，脉细无力为辨证要点。

	　　2.现代运用本方常用于治疗病后虚弱、贫血、迁延性肝炎、神经衰弱等各种慢性病，以及妇女月经不调、习惯性流产等属气血不足者。

	　　【附】泰山磐石散(《古今医统大全》)：人参一钱(3g) 黄芪一钱(6g) 白术二钱(6g)炙甘草五分(2g) 当归二钱(3g) 川芎八分(3g) 白芍药八分(3g) 熟地黄八分(3g)川续断一钱(3g) 黄芩一钱(3g) 砂仁五分(2g) 糯米一撮(6g) 水煎服。功效：益气健脾，养血安胎。主治：气血虚弱所致的堕胎、滑胎。胎动不安，或屡有小产，面色苍白，倦怠无力，舌淡苔薄白，脉滑无力。

	　　本方系八珍汤减去茯苓之渗利，加续断补肝肾、益冲任；黄芪益气升阳，以固胎元。又加黄芩、糯米、砂仁清热养胃安胎。可使胎元如泰山之稳固，磐石之坚实而无陨堕之虑，故名“泰山磐石散”。

	　　【方歌】 四君四物八珍汤，气血双补是名方，再加黄芪与肉桂，十全大补效更强。
 
        
      
        
        最近更新时间：2013-11-26
",http://www.zhongyoo.com/fangji/bzt_852.html,,
" 
	　　【方剂名】四君子汤，出自《太平惠民和剂局方》

	　　【组成】人参去芦 白术茯苓去皮(各9g) 甘草炙(6g)各等分 【用法】上为细末，每服二钱(15g)，水一盏，煎至七分，通口服，不拘时候；入盐少许，白汤点亦得。现代用法：水煎服。

	　　【功效】益气健脾。

	　　【主治】脾胃气虚证。面色萎白，语声低微，气短乏力，食少便溏，舌淡苔白，脉虚弱。

	　　【方解】本方证由脾胃气虚，运化乏力所致。脾胃为后天之本，气血生化之源，脾胃气虚，运化失常，则饮食减少，大便溏薄；脾虚化源不足，脏腑组织器官失养，则面色萎白，语声低微；脾主肌肉，脾胃四肢肌肉无所禀受，故四肢乏力；舌淡苔白，脉虚弱皆为气虚之象。治宜补益脾胃之气，以复其运化受纳之功。方中人参大补元气，健脾养胃，为君药。脾喜燥恶湿，脾虚不运，则易生湿，故用甘苦温的白术，健脾燥湿以助运化，为臣药。茯苓渗湿健脾，为佐药。炙甘草补气和中，调和诸药，为使药。四药配伍，共奏益气健脾之功。

	　　【临床运用】

	　　1.用方要点本方为治疗脾胃气虚证的基础方，后世众多补脾益气方剂多从此方衍化而来。临床应用以面色萎白，食少气短，四肢乏力，舌淡苔白，脉虚弱为辨证要点。

	　　2.现代运用本方常用于治疗慢性胃炎、胃及十二指肠溃疡等属脾胃气虚者。此外，亦可用于乙型肝炎、冠心病、妊娠胎动不安、小儿感染后脾虚综合征等辨证属脾胃气虚者。

	　　【附】

	　　1.异功散(《小儿药证直诀》) 人参切，去顶茯苓去皮 白术陈皮锉甘草各等分(各6g)上为细末，每服二钱，水一盏，加生姜五片，大枣二个，同煎至七分，食前温服，量多少与之。功用：益气健脾，行气化滞。主治：脾胃气虚兼气滞证。饮食减少，大便溏薄，胸脘痞闷不舒，或呕吐泄泻等。

	　　2.六君子汤(《太平惠民和剂局方》) 即四君子汤加陈皮一钱(3g) 半夏一钱五分(4.5g)上为细末，作一服，加大枣二枚，生姜三片，新汲水煎服。功用：益气健脾，燥湿化痰。主治：脾胃气虚兼痰湿证。食少便溏，胸脘痞闷，呕逆等。

	　　3.香砂六君子汤(《古今名医方论》) 人参一钱(3g)茯苓二钱(6g) 白术二钱(6g)陈皮八分(2.5g) 甘草七分(9g) 半夏一钱(3g) 木香七分(2g) 砂仁八分(2.5g) 上加生姜二钱(6g).水煎服。功用：益气健脾，行气化痰。主治：脾胃气虚，痰阻气滞证。呕吐痞闷，不思饮食，脘腹胀痛，消瘦倦怠，或气虚肿满。

	　　【功用鉴别】本方与理中丸两方均用人参、白术、炙甘草以补中益气，仅一药之差，而功能各异。四君子汤配茯苓，侧重于健脾益气，适用于脾胃气虚、运化无力者；理中丸配干姜，侧重于温中祛寒，适用于中焦虚寒、运化无力者。

	　　【方歌】四君补气基础方，食少无力大便溏，人参白术茯苓草，益气健脾功效强。
 
        
      
        
        最近更新时间：2013-05-04
",http://www.zhongyoo.com/fangji/sjzt_559.html,,
" 
	　　【<strong>方剂名</strong>】地黄饮子，出自《圣济总录》

	　　【<strong>组成</strong>】熟干地黄焙、巴戟天去心、山茱萸炒、肉苁蓉酒浸切焙、附子炮裂去皮、脐石斛去根、五味子炒、官桂去粗皮、白茯苓去黑皮各一两(各30g) 。麦门冬去心、焙远志去心、菖蒲各半两(各15g)。

	　　【<strong>用法</strong>】上为细末，每服三钱(9～15g)，水一盏，加生姜三片，大枣二枚，擘破，同煎七分，去滓，食前温服。现代用法：加姜枣水煎服，用量按原方比例酌减。

	　　【<strong>功效</strong>】滋肾阴，补肾阳，化痰开窍。

	　　【<strong>主治</strong>】喑痱。舌强不能言，足废不能用，口干不欲饮，足冷面赤，脉沉细弱。

	　　【<strong>方解</strong>】本方证是由下元虚衰，阴阳两亏，虚阳上浮，痰浊随之上泛，堵塞窍道所致。“喑”是指舌强不能言语，“痱”是指足废不能行走。肾藏精主骨，下元虚衰，筋骨失养，故见筋骨痿软无力，甚则足废不能用；足少阴肾脉夹舌本，肾虚则精气不能上承，痰浊随虚阳上泛堵塞窍道，故舌强而不能言；阴虚内热，虚阳上浮，故口干不欲饮，面赤；阳虚失于温煦，故足冷；脉沉细弱是阴阳两虚之象。此类病证常见年老及重病之后，治宜补养下元为主，摄纳浮阳.佐以开窍化痰。方中熟地黄、山茱萸补肾填精；肉苁蓉、巴戟天温壮肾阳，四药合用以治下元虚衰之本，共为君药。附子、肉桂助阳益火，温养下元，摄纳浮阳，引火归原；石斛、麦冬滋阴益胃，补后天以充先天；五味子酸涩收敛，合山茱萸可固肾涩精，伍肉桂能接纳浮阳。五药合用，助君药滋阴温阳补肾，共为臣药。石菖蒲、远志、茯苓开窍化痰，以治痰浊阻窍之标，又可交通心肾，是为佐药。生姜、大枣和中调药，功兼佐使之用。诸药合用，标本兼顾，阴阳并补，上下同治，而以治本治下为主，下元得以补养，虚阳得以摄纳，水火相济，痰化窍开则喑痱可愈。本方原名地黄饮，《黄帝素问宣明论方》在原方基础上加少许薄荷，名“地黄饮子”，薄荷疏郁而轻清上行，清利咽喉窍道，对痰阻窍道更为适合。

	　　【<strong>临床运用</strong>】

	　　1.用方要点：本方是用治肾虚喑痱的常用方。临床应用以舌喑不语，足废不用，足冷面赤，脉沉细弱为辨证要点。

	　　2.现代运用：本方常用于治疗晚期高血压病、脑动脉硬化、中风后遗症、老年性痴呆、脊髓炎等疾病属阴阳两虚者。

	　　【<strong>使用注意</strong>】喑痱而兼气火上升，肝阳偏亢而阳热之象明显者，禁用。

	　　【<strong>方歌</strong>】地黄饮子山茱斛，麦味菖蒲远志茯，苁蓉桂附巴戟天，少入薄荷姜枣服。
 
        
      
        
        最近更新时间：2015-12-13
",http://www.zhongyoo.com/fangji/dhyz_1184.html,,
" 
	　　【方剂名】青蒿鳖甲汤，出自《温病条辨》

	　　【组成】青蒿二钱(6g) ，鳖甲五钱(15g) ，细生地四钱(12g) ，知母二钱(6g) ，丹皮三钱(9g)。

	　　【用法】水五杯，煮取二杯，日再服。现代用法：水煎服。

	　　【功效】养阴透热。

	　　【主治】温病后期，邪伏阴分证。夜热早凉，热退无汗，舌红少苔，脉细数。

	　　【方解】本方证为温病后期，阴液已伤，余邪深伏阴分所致。夜间属阴，余热深伏阴分，则夜热早凉；白昼阳气来复，邪不出表，仍伏阴分，加之温病津伤，则热退无汗；舌红少苔，脉象细数皆为阴虚有热之候。此邪伏阴分，阴津虚耗，无力透邪外出。既不能纯用滋阴之品，恐滋腻恋邪；更不能单用苦寒，恐化燥伤阴之弊，须养阴与透邪并进。方中鳖甲咸寒，直入阴分，养阴退热于内；青蒿苦辛性寒，其气芳香，能透伏热于外，共为君药。吴瑭说：“此方有先入后出之妙，青蒿不能直入阴分，有鳖甲领之入也；鳖甲不能独出阳分，有青蒿领之出也”(《温病条辨》)。生地黄、知母养阴清热，助君药清退虚热，共为臣药。牡丹皮凉血泄热，助青蒿透热外出，为佐药。五药配伍，清热、透邪、滋阴三法并施，滋中有清，清中寓透，既透伏热，又滋补阴液，养阴而不恋邪，清热而不伤阴，标本兼顾，共奏养阴透热之功。

	　　【临床运用】

	　　1.用方要点本方适用于温病后期，余热未尽，阴液不足之虚热证。临床以夜热早凉，热退无汗，舌红少苔，脉细数为辨证要点。

	　　2.现代运用本方常用于治疗原因不明的发热、妇科手术后低热、慢性肾盂肾炎、肺结核、肾结核等属阴虚内热，低热不退者。

	　　【使用注意】青蒿不耐高温，可用沸药汁泡服。对阴虚欲作抽搐者，不宜使用本方。

	　　【方歌】青蒿鳖甲知地丹，热自阴来仔细看，夜热早凉无汗出，养阴透热服之安。
 
        
      
        
        最近更新时间：2014-01-04
",http://www.zhongyoo.com/fangji/qgbjt_1106.html,,
" 
	　　【方剂名】生化汤，出自《傅青主女科》。

	　　【组成】全当归八钱(24g) ，川芎三钱(9g)， 桃仁去皮尖、研、十四枚(6g) ，干姜炮黑五分(2g)， 甘草炙五分(2g)。

	　　【用法】童便、黄酒各半煎服。现代用法：水煎服，或加黄酒同煎。

	　　【功效】养血祛瘀，温经止痛。

	　　【主治】产后瘀血腹痛。恶露不行，小腹冷痛。

	　　【方解】本方证为产后血虚受寒，瘀血内阻胞宫所致。寒凝血瘀，阻滞胞宫，败血不下，不通则痛，故见恶露不行，小腹冷痛。本病主证为腹痛；辨证依据为恶露不行；病机为血虚有寒而兼瘀滞。治宜养血祛瘀，温经止痛。方中全当归味辛甘而性温，一药三用：一取其补血之功，以补产后血虚之不足；二取活血之用，以化瘀生新，寓生新于补血之中，生新不致留瘀，化瘀而不伤血；三取温经散寒之效，以治小腹冷痛。故最适合产后虚、寒、瘀之病机，故重用为君药。川芎活血行气止痛；桃仁活血祛瘀，共为臣药，助君药活血祛瘀，以治恶露不行。因产后血虚夹寒，故配炮姜入血分，温经散寒以止痛；黄酒温经行血，助药力通血脉；二者配伍重在温经散寒止痛，以治小腹冷痛，共为佐药。炙甘草调和诸药，为使药。诸药合用，养血与活血并用，有化瘀生新之功，故有“生化”之名。

	　　【临床运用】

	　　1.用方要点本方为治妇女产后常用方剂，以产后恶露不行，小腹冷痛为辨证要点。

	　　2.现代应用本方常用于治疗子宫复旧不良、产后宫缩疼痛、人工流产及引产所致的阴道不规则流血属血虚有寒夹瘀者。

	　　【使用注意】本方药性温燥，如血热而有瘀滞者，则非本方所宜。

	　　【方歌】生化汤宜产后尝，归芎桃草酒炮姜，消瘀活血功偏擅，止痛温经效亦彰。
 
        
      
        
        最近更新时间：2014-02-07
",http://www.zhongyoo.com/fangji/sht_1215.html,,
" 
	　　【方剂名】防己黄芪汤，出自《金匮要略》

	　　【组成】防己一两(12g) ，黄芪去芦一两一分(15g) ，甘草炒半两(6g)， 白术七钱半( 9g)。

	　　【用法】上锉麻豆大，每抄五钱匕，生姜四片，大枣一枚，水盏半，煎八分，去滓温服，良久再服。服后当如虫行皮中，以腰下如冰，后坐被上，又以一被绕腰以下，温令微汗，瘥。现代用法：加生姜4片，大枣1枚，水煎服，服后取微汗。

	　　【功效】益气祛风，健脾利水。

	　　【主治】风水或风湿证。汗出恶风，身重，小便不利，舌淡苔白，脉浮。

	　　【方解】本方证为表虚不固，外受风邪，水湿郁于肌表经络所致。表虚不固，则汗出恶风；水湿停滞肌腠，则肢体重着，小便不利；苔白脉浮为风邪在表之象。故治宜益气固表与祛风行水并用。方中防己祛风行水；黄芪益气固表，且能行水消肿。两药合用，祛风而不伤表，固表而不留邪，共为君药。白术为臣药，补气健脾祛湿，与防己相配则增祛湿行水之力，与黄芪相伍增益气固表之功。甘草培土和中，调和药性，为使药。煎加姜枣为佐，调和营卫。诸药合用，使肌表得固，脾气得健，风邪得除，水湿得运，则风水、风湿之证自愈。

	　　【临床运用】

	　　1.用方要点本方为治风水、风湿属表虚证的代表方，以汗出恶风，小便不利，苔白脉浮为辨证要点。

	　　2.现代运用本方常用于治疗慢性肾小球肾炎、心源性水肿、风湿性关节炎等属表虚湿盛者。

	　　【方歌】防已黄芪金匮方，白术甘草枣生姜，汗出恶风兼身重，表虚湿盛服之康。
 
        
      
        
        最近更新时间：2014-01-02
",http://www.zhongyoo.com/fangji/fjhct_1090.html,,
" 
	　　【方剂名】黄龙汤，出自《伤寒六书》

	　　【组成】大黄9g芒硝9g枳实9g厚朴6g甘草3g人参6g当归9g(原书未注用量)

	　　【用法】水二盅，姜三片，枣二枚，煎之后，再入桔梗一撮，煎一沸，热服为度。现代用法：上药加桔梗3g、生姜3片、大枣2枚，水煎，芒硝溶服。

	　　【功效】泻热通便，益气养血。

	　　【主治】阳明腑实，气血不足证。自利清水，色纯青，或大便秘结，脘腹胀满，腹痛拒按，身热口渴，神倦少气，谵语，甚或循衣撮空，神昏肢厥，舌苔焦黄或焦黑，脉虚。

	　　【方解】本方证为邪热与燥屎内结，腑气不通，气血不足所致。邪热人里，化燥伤阴，邪热与燥屎内结，腑气不通，故大便秘结，脘腹胀满，腹痛拒按，或自利清水，色纯青之“热结旁流”；热结于里，上扰神明，可见神昏谵语，肢厥，撮空等危候；热盛伤津，则身热，口舌干燥而渴，舌苔焦黄或焦黑；气血不足，则神倦少气，脉虚。证属邪实正虚，邪实宜攻、正虚宜补，治宜泻热通便、补气养血。方中大黄、芒硝、枳实、厚朴(即大承气汤)，攻下热结，荡涤胃肠实热积滞，急下以顾正气；人参、甘草、当归益气补血，扶正祛邪，使攻不伤正。又肺与大肠相表里，肺气之开宣有利大肠之传导，故用法中加桔梗，开肺气而通肠胃，上宣下通，以降为主；生姜、大枣养胃和中。诸药合用，既攻下又扶正，体现了攻补兼施之法。

	　　【临床运用】

	　　1.用方要点：本方为攻补兼施的代表方，以大便秘结，脘腹胀满，身热口渴，神倦少气，舌苔焦黄，脉虚为辨证要点。

	　　2.现代应用：本方常用于治疗伤寒、副伤寒、流行性脑脊髓膜炎、乙型脑炎、老年性肠梗阻等属于阳明腑实兼气血不足者。

	　　【方歌】黄龙汤用朴硝黄，参归甘桔枳枣姜，阳明腑实气血弱，攻补兼施效力强。
 
        
      
        
        最近更新时间：2014-01-08
",http://www.zhongyoo.com/fangji/hlt_1124.html,,
" 
	　　【方剂名】麻黄杏仁石膏甘草汤，出自《伤寒论》

	　　【组成】麻黄四两去节( 9g) ，杏仁五十个去皮尖(9g)， 甘草二两炙(6g) ，石膏半斤碎、绵裹(18g)。

	　　【用法】上四味，以水七升，煮麻黄，减二升，去上沫，内诸药，煮取二升，去滓，温服一升。现代用法：水煎温服。

	　　【功效】辛凉疏表，清肺平喘。

	　　【主治】表邪未解，肺热咳喘证。身热不解，有汗或无汗，咳逆气急，甚则鼻煽，口渴，舌苔薄白或黄，脉浮而数。

	　　【方解】本方证由表邪入里化热，热邪壅闭于肺所致。风邪外袭，卫表开合失司，故身热，无汗或有汗。热邪郁闭，肺失宣降，故咳逆气急，甚则鼻煽；热伤津液则口渴；舌苔薄白或黄，脉浮数，均为表里俱热之征。因热邪在肺，根据“火郁发乏”之意，治宜辛凉疏表，清热平喘。方中麻黄开宣肺气，以解表平喘，为君药；石膏辛甘大寒，清泄肺热以生津，为臣药。二药一辛温以宣肺为主，一辛寒以清肺为主，相制为用，且石膏用量倍麻黄，辛寒大于辛温，使本方成为辛凉之剂。杏仁止咳平喘，与麻黄相配则宣降相因，以止咳平喘，为臣药。甘草调和诸药，益气和中，更能调和于寒温宣降之间，为佐使药。与石膏相配，又甘寒生津，用治口渴。方中药仅四味，但配伍严谨，有宣、有清、有降，为清肺平喘之良剂。本方为麻黄汤去桂枝加石膏而成，两方配伍虽仅一味之差，然立法、主治迥异，使辛温之剂变为辛凉之剂。两方同治身热而喘，但麻黄汤主治风寒束肺，肺气失宣之寒证实喘；本方主治风热袭肺或风寒化热，邪热壅肺之热证实喘。

	　　【临床运用】

	　　1.用方要点：本方为治表邪未解，邪热壅肺之咳喘之基础方。以发热，喘急，甚则鼻煽，苔薄黄，脉浮数为辨证要点。

	　　2.现代应用：本方常用于治疗感冒、上呼吸道感染、急性支气管炎、支气管肺炎、大叶性肺炎、支气管哮喘等属于热邪壅肺者。

	　　【使用注意】本方辛凉宣泄，清肺平喘，只宜于热邪壅闭于肺的实喘证，若系风寒及肺虚等其他原因引起的喘咳，则不宜使用。

	　　【方歌】伤寒麻杏石甘汤，汗出而喘法度良，辛凉宣泄能清肺，定喘除热效力彰。
 
        
      
        
        最近更新时间：2014-03-21
",http://www.zhongyoo.com/fangji/mhxrsggct_1401.html,,
" 
	　　【方剂名】加减葳蕤汤，出自《重订通俗伤寒论》。

	　　【组成】生葳蕤二钱至三钱(9g) 生葱白二枚至三枚桔梗一钱至钱半(4.5g) 东白薇五分 至一钱(3g) 淡豆豉三钱至四钱(9g) 苏薄荷一钱至钱半(4.5g) 炙甘草五分(5g) 红枣2枚

	　　【用法】水煎，分温再服。

	　　【功效】滋阴解表。

	　　【主治】素体阴虚，外感风热表证。头痛身热，微恶风寒，无汗或有汗不多，咳嗽，心烦，口渴咽干，舌红脉数。

	　　【方解】本方证为素体阴虚，外感风热所致。外感风热犯肺，卫表不畅，故见头痛身 热，微恶风寒，咳嗽，无汗或有汗不多等；阴虚生内热，感受外邪，更易化热伤津，故见 口渴咽干，心烦，舌红，脉数等表现。大凡滋阴之品，在表证未解之时，一般不宜早用，以免留邪。但今阴液已亏，则汗源不足，若单纯发汗，不仅难从汗解，反有劫阴耗液之弊，故治宜辛凉解表，滋阴清热。方中葳蕤(即玉竹)甘平柔润，滋阴润燥，既可润肺养胃，又能清热生津，且滋而不腻，对阴虚而有表热者颇宜，为君药。薄荷辛凉人肺，“为 温病宜汗解者之要药”，用之以疏散风热，清利咽喉，与君药合用，一治阴虚之本，一治风热之标，以滋阴解表；葱白、淡豆豉疏散外邪，共为臣药。白薇益阴清热而不伤阴，对阴虚有热者甚宜；桔梗宣肺止咳；大枣甘润养血滋阴，共为佐药。甘草调和诸药，为使药。诸药配伍，发汗而不伤阴，滋阴而不留邪，为滋阴解表之良剂。

	　　【临床运用】

	　　1.用方要点：本方专为素体阴虚，外感风热而设，以身热微恶风寒，咽干口燥，舌红，脉数为辨证要点。

	　　2.现代应用：本方常用于治疗老年人或产后感冒、急性扁桃体炎、咽炎等属于阴虚外感者。

	　　【方歌】加减葳蕤用白薇，豆豉生葱桔梗随，蕈枣薄荷共八味，滋阴发汗此方魁。
 
        
      
        
        最近更新时间：2014-03-13
",http://www.zhongyoo.com/fangji/jjwrt_1363.html,,
" 
	　　【方剂名】清暑益气汤，出自《温热经纬》

	　　【组成】西洋参(6g)， 石斛(15g) ，麦冬(9g) ，黄连(3g) ，竹叶(6g) ，荷梗(15g)，知母(6g) ，甘草(3g)，粳米(15g) ，西瓜翠衣(30g)(原书未注用量)。

	　　【用法】水煎服。

	　　【功效】清暑益气，养阴生津。

	　　【主治】暑热气津两伤证。身热汗多，心烦口渴，小便短赤，体倦少气，精神不振，脉虚数。

	　　【方解】本方治证乃暑热内侵，耗伤气津所致。暑为阳邪，其性开泄，暑热伤人，易扰心神，伤津耗气，故见身热汗多，心烦口渴，小便短赤，体倦少气，精神不振，脉虚数。治宜清热祛暑，益气生津。方中用甘寒之西洋参益气生津，养阴清热；西瓜翠衣清热解暑，止渴利小便，共为君药。荷梗助西瓜翠衣清热解暑；石斛、麦冬助西洋参养阴清热，益胃生津，共为臣药。黄连苦寒泻火，以助清热祛暑之力；知母、竹叶清热除烦，共为佐药。甘草、粳米益胃和中，为使药。诸药合用，具有清暑益气、养阴生津之功，使暑热得清，气津得复，诸症自除。

	　　配伍特点：方中清补并用，既清热解暑，又益气养阴，有标本兼治之义。

	　　【临床运用】

	　　1.用方要点：本方为治夏月感暑，气阴两伤常用方。临床以身热汗多，心烦口渴，体倦少气，脉虚数为辨证要点。

	　　2.现代运用：本方常用于治疗中暑、小儿夏季热等属暑热气阴不足者。

	　　【使用注意】本方滋腻养阴之品较多，对暑热夹湿者，不宜使用。

	　　【方歌】王氏清暑益气汤，善治中暑气阴伤，洋参冬斛荷瓜翠，连竹知母甘粳襄。
 
        
      
        
        最近更新时间：2014-03-05
",http://www.zhongyoo.com/fangji/qsyqt_1324.html,,
" 
	　　【方剂名】小青龙汤，出自《伤寒论》

	　　【组成】麻黄三两，去节(9g) 芍药三两(9g) 细辛三两(3g) 干姜三两(6g) 甘草三两，炙(6g) 桂枝去皮(6g) 五味子半升(6g) 半夏半升，洗(9g)

	　　【用法】上八味，以水一斗，先煮麻黄，减二升，去上沫，内诸药，煮取三升，去滓，温服一升。现代用法：水煎温服。

	　　【功效】解表散寒，温肺化饮。

	　　【主治】外寒内饮证。恶寒发热，无汗，头身疼痛，咳嗽气喘，痰多清稀，甚则咳喘不能平卧，或干呕，或头面四肢浮肿，舌苔白滑，脉浮。

	　　【方解】本方证为素有内饮，复感风寒，外寒引动内饮所致。风寒束表，皮毛闭塞，则恶寒发热，无汗，头身疼痛；外寒引动内饮，致寒饮犯肺，肺失宣降，故喘咳痰稀量多，甚则不得平卧；若胃气随肺气上逆，则干呕；若水饮溢于肌肤，则头面四肢浮肿；舌苔白滑而脉浮为外寒里饮之证。治宜解表与化饮配合，使外邪得解，内饮得化。方中麻黄、桂枝相须为用，发汗解表，且麻黄能宣肺平喘咳，桂枝能温阳化内饮，共为君药。干姜、细辛为辛温之品，既温肺以化内饮，又辛散助以解外寒，为臣药。辛温发散，易耗伤肺气且伤津，故用五味子敛肺止咳，芍药益阴血而敛津液，二药与辛散之品相配，既增强止咳平喘之功，又防麻桂辛散太过，散收相配，相制相成；半夏燥湿化痰，和胃降逆，共为佐药。方中干姜长于温暖脾肺而化饮，细辛长予解表温肺而化饮，五味子长于收敛肺气而止咳，凡寒饮犯肺之咳喘，三药合用，无有不验，是温肺化饮的常用组合。炙甘草益气和中，调和于辛散酸收之间，兼佐、使之用。药虽八味，配伍严谨，既可发表散寒，化饮平喘，又能敛肺兼顾正气。

	　　【临床运用】

	　　1.用方要点本方为治外感风寒，内停水饮之咳喘证的常用方，以恶寒，发热、无汗、喘咳、痰白清稀为辨证要点。

	　　2.现代应用本方常用于治疗慢性支气管炎、支气管哮喘、肺气肿，以及慢性支气管炎急性发作、肺炎、肺水肿、肺心病等属于寒饮犯肺者。

	　　3.使用注意方中药物多为温燥之品，故阴虚干咳无痰或痰热证者，不宜使用。

	　　【方歌】小青龙治痰饮证，麻桂干姜芍草同，更有夏辛兼五味，温阳化饮此方宏。
 
        
      
        
        最近更新时间：2013-05-04
",http://www.zhongyoo.com/fangji/xqlt_557.html,,
" 
	　　【方剂名】归脾汤，出自《正体类要》

	　　【组成】 白术 当归 白茯苓 黄芪炒 龙眼肉 远志 酸枣仁炒，各一钱(各3g)木香五分(1-5g) 甘草炙，三分(lg) 人参一钱(3g)

	　　【用法】加生姜、大枣，水煎服。

	　　【功效】益气补血，健脾养心。

	　　【主治】

	　　1.心脾气血两虚证，心悸怔忡，健忘失眠，盗汗虚热，神疲倦怠，面色萎黄，舌淡苔薄白，脉细弱。

	　　2.脾不统血证，便血，皮下紫癜，妇女崩漏，月经超前，量多色淡，或淋漓不止，舌淡，脉细弱。

	　　【方解】本方证为思虑过度，劳伤心脾，气血亏虚所致。心藏神而主血，脾主思而统血，思虑过度，必致心脾气血暗耗，脾气亏虚则体倦、食少；心血不足则见惊悸、怔忡、健忘、不寐、盗汗；脾虚统血无权，则便血，皮下紫癜，妇女崩漏下血；面色萎黄、舌质淡，苔薄白，脉细弱均属气血不足之象。上述诸症虽属心脾两虚，但以脾虚为核心，气血亏虚为基础。治宜健脾养心与益气补血兼施。方中黄芪甘温，益气补脾，龙眼肉甘平，既补脾气，又养心血以安神，为君药。人参、白术补脾益气，助黄芪益气生血；当归补血养心，助龙眼肉养血安神，为臣药；茯神、酸枣仁、远志宁心安神；木香辛香而散，理气醒脾，与大量益气健脾药配伍，补而不滞，滋而不腻，为佐药。炙甘草补气调中，为佐使药。用法中姜、枣调和脾胃，以资化源。全方共奏益气补血，健脾养心之功，为治疗思虑过度，劳伤心脾，气血两虚之良方。配伍特点：一是心脾同治，重点在脾，使脾旺则气血生化有源，方名归脾，意在于此；二是气血并补，但重在补气，意即气为血之帅，气旺则自生，血足则心有所养；三是补气养血药中佐以木香理气醒脾，补而不滞。

	　　【临床运用】

	　　1.用方要点：本方是治疗心脾气血两虚的常用方。临床应用以心悸失眠，体倦食少，便血或崩漏，舌淡，脉细弱为辨证要点。

	　　2.现代运用：本方常用于治疗胃及十二指肠溃疡出血、功能性子宫出血、再生障碍性贫血、血小板减少性紫癜、神经衰弱，冠心病等心脾气血两虚及脾不统血者。

	　　【使用注意】出血属阴虚血热者，应慎用。

	　　【本方原载】宋朝严用和《济生方》，但方中无当归、远志，至明&amp;middot；薛己补此二味，使养血宁神之效尤彰。本方的适应范围，亦随着后世医家的临床实践，不断有所扩充，原治思虑过度、劳伤心脾之健忘、怔忡。元&amp;middot；危亦林在《世医得效方》中增加治疗脾不统血之吐血、下血。明&amp;middot；薛己《内科摘要》增补了治疗惊悸、盗汗、嗜卧少食、月经不调、赤白带下等症。

	　　【方歌】归脾汤用参术芪，归草茯神远志宜； 酸枣木香龙眼肉，煎加姜枣益心脾；怔忡健忘俱可却，便血崩漏总能医。
 
        
      
        
        最近更新时间：2014-03-17
",http://www.zhongyoo.com/fangji/gpt_1376.html,,
" 
	　　【方剂名】固冲汤，出自《医学衷中参西录》

	　　【组成】 白术炒一两(30g) ，生黄芪六钱(18g) ，龙骨煅捣细八钱(24g)， 牡蛎煅捣细八钱(24g)， 山萸肉去净核八钱(24g)， 生杭芍四钱(12g)， 海螵蛸捣细四钱(12g)，茜草三钱(9g)，棕边炭二钱(6g) ，五倍子五分，轧细，药汁送服(1.5g)。

	　　【用法】水煎服。

	　　【功效】益气健脾，固冲摄血。

	　　【主治】脾气虚弱，冲脉不固之崩漏证。崩漏或月经过多，色淡质稀，心悸气短，头晕肢冷，四肢乏力，舌淡，脉微弱。

	　　【方解】本方证为脾气虚弱，冲脉不固所致。冲为血海，脾主统血、摄血，脾气虚弱，统摄无权，致冲脉不固，故见月经过多，甚或崩漏；气虚及失血过多，则色淡质稀，心悸气短；舌质淡，脉微弱，均为血虚气弱之象。治宜益气健脾，固冲摄血。方中重用白术、黄芪补气健脾，使脾健统摄有权，以固冲摄血，为君药。山萸肉、白芍甘酸敛阴，既补益肝肾，又敛阴摄血，共为臣药。煅龙骨、煅牡蛎、棕榈炭、海螵蛸、五倍子收敛固涩以止血；茜草祛瘀止血，使血止而不留瘀，共为佐药。冲为血海，崩漏则冲脉空虚，本方有益气健脾，固冲摄血之功，故以“固冲”名之。

	　　【临床运用】

	　　1.用方要点：本方为治脾虚冲任不固之崩漏下血的常用方，以出血量多，色淡质稀，头晕肢冷，舌淡，脉微弱为辨证要点。

	　　2.现代运用：本方常用于治疗功能性子宫出血、产后出血过多属脾虚冲脉不固者。

	　　【功用鉴别】本方与归脾汤均治脾虚气不摄血之崩漏下血，但归脾汤是由健脾与养心安神药配伍组成，以补为主，所治者为心脾两虚，脾不统血之崩漏下血；本方是由健脾与收涩药配伍组成，以涩为主，所治者为脾气虚弱，冲脉不固之崩漏下血。

	　　【附】 固经丸(《丹溪心法》)：黄芩炒 白芍炒龟甲炙，各一两(30g) 椿根皮七钱半(22g) 黄柏炒，三饯(9g) 香附二钱半(7.5g)共为细末，酒糊为丸，如梧子大，每服五十丸(9g)，空心温酒或白汤下。功效：滋阴清热，固经止血。主治：阴虚血热之崩漏证。症见月经过多，或崩中漏下，血色深红或紫黑稠黏，手足心热，腰膝酸软，舌红，脉弦数。

	　　【方歌】 固冲汤用白术芪，龙牡芍萸茜草宜，倍子海蛸棕榈炭，崩中漏下总能医。
 
        
      
        
        最近更新时间：2014-03-14
",http://www.zhongyoo.com/fangji/gct_1368.html,,
" 
	　　【方剂名】清胃散，出自《脾胃论》

	　　【组成】生地黄、当归各三分(各6g)， 牡丹皮半钱(9g) ，黄连六分(6g)，夏月倍之，升麻一钱(9g)。

	　　【用法】上药为细末，都作一服，水一盏半，煎至七分，去滓，放冷服之。现代用法：作汤剂，水煎服。

	　　【功效】清胃凉血。

	　　【主治】 胃火牙痛。牙痛牵引头疼，面颊发热，其齿喜冷恶热，或牙宣出血，或牙龈红肿溃烂，或唇舌腮颊肿痛，口气热臭，口干舌燥，舌红苔黄，脉滑数。

	　　【方解】本方证是由胃有积热，循经上攻所致。足阳明胃经循鼻入上齿，手阳明大肠经上项贯颊人下齿，胃中热盛，循经上攻，故牙痛牵引头痛、面颊发热、唇舌腮颊肿痛；胃热上冲则口气热臭；胃为多气多血之腑，胃热则伤及血络，则见牙宜出血，甚则牙龈溃烂；口干舌燥，舌红苔黄，脉滑数俱为胃热津伤之候。治宜清胃凉血。方用苦寒泻火之黄连为君，直折胃腑之热。臣以升麻，一取其清热解毒，以治胃火牙痛；一取其轻清升散透发，可宣达郁遏之伏火，有“火郁发之”之意。黄连得升麻，降中寓升，则泻火而无凉遏之弊；升麻得黄连，则散火而无升焰之虞。胃热及血分，耗伤阴血，故以生地黄凉血滋阴；丹皮凉血清热；当归养血活血，与生地黄合则滋阴养血，与丹皮合则消肿止痛，共为佐药。升麻兼以引经为使；诸药合用，共奏清胃凉血之效，以使上炎之火得降，血分之热得除，于是循经外发诸症，皆可因热毒内彻而解。《医方集解》载本方有石膏，其清胃之力更强。

	　　【临床运用】

	　　1.用方要点：本方为治胃火牙痛的常用方，凡胃热证或血热火郁者均可使用。临床以牙痛牵引头痛，口气热臭，舌红苔黄，脉滑数为辨证要点。

	　　2.现代运用：本方常用于治疗口腔炎、牙周炎、三叉神经痛、痤疮等属胃火上攻者。

	　　【使用注意】牙痛属风寒或肾虚火炎者，不宜使用本方。

	　　【方歌】清胃散中当归连，生地丹皮升麻全，或加石膏泻胃火，能消牙痛与牙宣。
 
        
      
        
        最近更新时间：2014-03-28
",http://www.zhongyoo.com/fangji/qws_1415.html,,
" 
	　　【方剂名】补阳还五汤，出自《医林改错》

	　　【组成】黄芪生，四两(120g) 当归尾二钱(6g) 赤芍一钱半(4.5g) 地龙一钱(3g)川芎一钱(3g) 桃仁一钱(3g) 红花一钱(3g)

	　　【用法】水煎服。

	　　【功效】补气，活血，通络。

	　　【主治】气虚血瘀之中风证。半身不遂，口眼喁斜，语言謇涩，口角流涎，小便频数，或遗尿不禁，苔白，脉缓。

	　　【方解】本方证为中风后，气虚血瘀，血行不畅，脉络瘀阻所致。由于正气亏虚，不能行血，以致脉络瘀阻，筋脉肌肉失养，故半身不遂，口眼喁斜；气虚血瘀，舌本失养，约束无力，故语言謇涩，口角流涎；气虚不固，膀胱失约，故小便频数，遗尿不禁；苔白，脉缓为气虚之象。可见，本方是以气虚为本，血瘀为标，即王清任提出的“因虚致瘀”理论。治宜补气为主，活血通络为辅。方中重用生黄芪大补元气为君药，意在使气旺血行，瘀去络通，使祛瘀而不伤正。当归尾长于活血养血，化瘀不伤血，为臣药。与黄芪同用为“当归补血汤”，能补气生血，既弥补经脉血瘀而致的血虚不足，又使活血通络而不伤正。川芎、赤芍活血和营；桃仁、红花活血化瘀；地龙性善走窜，通经活络，行走全身，以行药力，共为佐药。本方的配伍特点，一是大量补气药与少量活血化瘀药同用，体现了益气活血法，使气虚得补，经络得通，补气而不壅滞；二是黄芪用量独重，5倍于方中活血化瘀药的总量，使气旺血行，活血而不伤正。

	　　【临床运用】

	　　1.用方要点本方为治气虚血瘀的代表方，以中风后半身不遂，口眼喁斜，苔白脉缓为辨证要点。使用本方需长期服用，才有效果。愈后还应继续服用一段时间，以巩固疗效，防止复发。

	　　2.现代应用本方常用于治疗脑血管意外后遗症，以及其他原因引起的偏瘫、截瘫、或上肢或下肢痿软属气虚血瘀者。

	　　【使用注意】临证时方中生黄芪宜从30～60g开始，逐渐加量至120g。本方需久服方能显效，愈后应继续服用，以巩固疗效，防止复发。中风后半身不遂属阴虚阳亢，或痰阻血瘀者忌用本方。

	　　【方歌】补阳还五赤芍芎，归尾通经佐地龙，四两黄芪为主药，瘀阻经脉用桃红。
 
        
      
        
        最近更新时间：2014-01-13
",http://www.zhongyoo.com/fangji/byhwt_1142.html,,
" 
	　　【方剂名】苇茎汤，出自《备急千金要方》

	　　【组成】苇茎二升，切，加水二斗，煮取五升，去滓(60g) 薏苡仁半升(30g) 瓜瓣半升(24g) 桃仁三十枚(9g)

	　　【用法】原方上四味畋咀，内苇汁中，煮取二升，服一升，再服，当吐如脓。现代用法：水煎服。

	　　【功效】清肺化痰，逐瘀排脓。

	　　【主治】肺痈。身有微热，咳嗽吐痰色黄，甚则咳吐腥臭脓痰，胸中隐隐作痛，舌红苔黄腻，脉滑数。

	　　【方解】肺痈之病，由热毒壅肺，痰热瘀血互结所致。痰热壅于肺，肺失清肃，则咳嗽发热；痰热瘀血内壅，气滞血瘀，郁结成痈，血败肉腐，酿化为脓血，故咳吐黄痰，甚则咳吐腥臭脓痰；痰热内蕴，肺络不通，故胸中隐隐作痛；舌红苔黄腻，脉滑数，皆为痰热内盛之征，故治宜清肺化痰，逐瘀排脓。方中苇茎(芦根)甘寒轻浮，善清肺热而通肺窍，是治疗肺痈必用之品，为君药。瓜瓣(冬瓜仁)清热化痰，利湿排脓，配合君药清肺宣壅，涤痰排脓；薏苡仁甘淡微寒，上清肺热而排脓，下利肠胃而渗湿，使湿热之邪从小便而解，共为臣药。桃仁活血逐瘀散结，以助消痈，且润燥滑肠，与冬瓜仁相合，使痰热之邪从大便而解，为佐药。四药合用，具有清热、逐瘀、排脓之功，为治肺痈常用之方。

	　　【临床运用】

	　　1.用方要点本方为治肺痈的有效方剂，不论肺痈将成或已成，或善后调理，均可应用，以胸痛，咳嗽，吐痰腥臭或脓血，舌红苔黄腻，脉数为辨证要点。

	　　2.现代运用本方常用于治疗肺脓疡、大叶性肺炎、支气管炎、百日咳等属肺热痰瘀互结者。

	　　【方歌】苇茎汤方出千金，桃仁苡仁冬瓜仁，肺痈痰热兼瘀血，化痰排脓病自宁。
 
        
      
        
        最近更新时间：2013-05-04
",http://www.zhongyoo.com/fangji/wjt_572.html,,
" 
	　　【方剂名】白头翁汤，出自《伤寒论》

	　　【组成】 白头翁二两(15g) 、黄柏三两(12g) 、黄连三两(6g) 、秦皮三两(12g)。

	　　【用法】上药四味，以水七升，煮取二升，去滓，温服一升，不愈再服一升。现代用法：水煎服。

	　　【功效】清热解毒，凉血止痢。

	　　【主治】热毒痢疾。腹痛，里急后重，肛门灼热，下利脓血，赤多白少，渴欲饮水，舌红苔黄，脉弦数。

	　　【方解】本方证是因湿热疫毒深陷血分，下迫大肠所致。疫毒壅滞大肠，损伤血络，见下痢脓血、赤多白少；热毒阻滞气机，则腹痛里急后重；渴欲饮水，舌红苔黄，脉弦数皆为热邪内盛之象。治宜清热解毒，凉血止痢。方中白头翁专人大肠经，清热解毒，凉血止痢，尤善清胃肠湿热和血分热毒，乃治热毒血痢之要药，为君药。黄连苦寒，泻火解毒，燥湿厚肠，为治痢要药；黄柏善清下焦湿热而止痢，两药共助君药清热解毒燥湿，为臣药。秦皮苦寒而涩，既清热解毒，又兼以涩肠止痢，为佐药。四味清热解毒止痢药合用，功专力宏，为治热毒血痢之良方。

	　　【临床运用】

	　　1.用方要点本方为治疗热毒深陷血分下痢的常用方。临床以腹痛下痢，赤多白少，里急后重，舌红苔黄，脉弦数为辨证要点。

	　　2.现代运用本方常用于治疗阿米巴痢疾、细菌性痢疾属热毒偏盛者。

	　　【使用注意】使用注意素体脾胃虚弱者当慎用。

	　　【功用鉴别】本方与芍药汤同为治痢之方。但本方主治热毒血痢，乃热毒深陷大肠血分，下痢以赤多白少，或纯下鲜紫脓血为主。治以清热解毒，凉血止痢，使热毒解，痢止而后重自除；芍药汤主治湿热痢疾，乃湿热壅滞大肠，气血失调所致，下痢以赤白相兼为主，治以清热燥湿与调和气血并进，且取“通因通用”之法，使“行血则便脓自愈，调气则后重自除”。

	　　【方歌】 白头翁汤治热痢，黄连黄柏与秦皮。清热解毒并凉血，赤多白少脓血医。
 
        
      
        
        最近更新时间：2013-12-16
",http://www.zhongyoo.com/fangji/btwt_1014.html,,
" 
	　　【方剂名】参苓白术散，出自《太平惠民和剂局方》

	　　【组成】莲子肉去皮一斤(500g)，薏苡仁一斤(500g)，缩砂仁一斤(500g)，桔梗炒令深黄色一斤(500g)，白扁豆姜汁浸去皮，微炒一斤半(750g)，白茯苓二斤(1000g)，人参二斤(1000g)，甘草炒二斤(1000g)，白术二斤(1000g)，甘草二两炙(6g)，山药二斤(1000g)。

	　　【用法】上为细末。每服二钱(6g)，枣汤调下。小儿量岁数加减服之。现代用法：水煎服，用量按原方比例酌减。

	　　【功效】益气健脾，渗湿止泻。

	　　【主治】脾虚湿盛证。饮食不化，胸脘痞闷，肠鸣泄泻，四肢乏力，形体消瘦，面色萎黄，舌淡苔白腻，脉虚缓。

	　　【方解】本方证是由脾虚不运，湿浊内阻所致。脾虚不运，饮食不化；湿浊内阻，气机不畅，清浊不分，故见胸脘痞闷，肠鸣泄泻；脾虚气血生化不足，肢体肌肤失于濡养，故四肢无力、形体消瘦、面色萎黄；舌淡，苔白腻，脉虚缓皆为脾虚湿盛之象。治宜补益脾胃，兼以渗湿止泻。方中人参、白术、茯苓益气健脾渗湿为君。配伍山药、莲子肉助君药以健脾益气，兼能止泻；并用白扁豆、薏苡仁助白术、茯苓以健脾渗湿，均为臣药。更用砂仁醒脾和胃，行气化滞，是为佐药。桔梗宣肺利气，通调水道，又能载药上行，培土生金，为佐药；炒甘草健脾和中，调和诸药，为使药。综观全方，补中气，渗湿浊，行气滞，使脾气健运，湿邪得去，则诸症自除。本方是在四君子汤基础上加山药、莲子、白扁豆、薏苡仁、砂仁、桔梗而成。两方均有益气健脾之功，但四君子汤以补气为主，为治脾胃气虚的基础方；参苓白术散兼有渗湿行气作用，并有保肺之效，是治疗脾虚湿盛证及体现“培土生金”治法的常用方剂。《古今医鉴》所载参苓白术散，较本方多陈皮一味，适用于脾胃气虚兼有湿阻气滞者。

	　　【临床运用】

	　　1.用方要点：本方药性平和，温而不燥，是治疗脾虚湿盛泄泻的常用方。临床应用以泄泻，舌苔白腻，脉虚缓为辨证要点。

	　　2.现代运用：本方常用于治疗慢性胃肠炎、贫血、慢性支气管炎、慢性肾炎以及妇女带下清稀量多等病属脾虚湿盛者。

	　　知识延伸：本方体现了“培土生金”的一种治法。即补脾益肺法。肺金而致脾肺虚弱之证。脾与肺为土金相生的母子关系，脾于脾，肺气盛衰取决于脾运的强弱，根据“虚则补其母”之而达益的作用，即“培土生金”。

	　　【方歌】参苓白术扁豆陈，莲草山药砂苡仁，桔梗上浮兼保肺，枣汤调服益脾神。
 
        
      
        
        最近更新时间：2014-03-24
",http://www.zhongyoo.com/fangji/clbss_1410.html,,
" 
	　　【方剂名】麦门冬汤，出自《金匮要略》

	　　【组成】麦门冬七升(70g)、半夏一升(10g) 、人参三两(9g)、 甘草二两(6g)、粳米三合(3g)、大枣十二枚(4枚)。

	　　【用法】上六味，以水一斗二升，煮取六升，温服一升，日三夜一服。现代用法：水煎服。

	　　【功效】润肺益胃，降逆下气。

	　　【主治】肺痿。咳唾涎沫，短气喘促，咽喉干燥，舌红少苔，脉虚数。

	　　【方解】本方所治之肺痿，是由肺胃阴虚，虚火上炎，气逆不降所致。其病在肺，其源在胃，《医门法律&amp;middot；肺痿肺痈门》“总由胃中津液不输于肺，肺失所养，转枯转燥”。胃津不足，不能上输养肺，肺伤津液不布，而聚生浊唾涎沫，并随肺气上逆而咳出，故咳唾涎沫；燥胜则干，故咽喉干燥；舌红少苔，脉虚数均为肺胃阴虚有热，热灼津枯之象。治宜润肺盖胃，降逆下气。方中重用麦门冬甘寒清润，滋润肺胃之阴而清虚热，为君药。臣以人参、甘草益气生津，补益脾肺；佐以粳米、大枣益胃气，养胃阴，胃津充足，则津液自能上归于肺；肺胃气逆，配以少量半夏降逆下气，化其痰涎，其性虽温燥，但与大量麦门冬配伍则其燥性被制，降逆化痰之功犹存，且麦门冬得半夏之伍则滋而不腻，起到相反相成的效果。其中，甘草又能润肺利咽，调和诸药，兼以为使。本方六味，健脾胃补肺，以补土生金，益母而实子，主从有序，润降得宜，生胃阴而润肺燥，下逆气而止浊唾。

	　　【临床运用】

	　　1.用方要点本方为治虚热肺痿的常用方，以咳唾涎沫，短气喘促，舌红少苔，脉虚数为辨证要点。

	　　2.现代运用本方常用于治疗慢性支气管炎、支气管扩张、慢性咽喉炎、矽肺、肺结核等属肺胃阴虚，气火上逆者。

	　　【使用注意】肺痿属于虚寒证者，不宜使用本方。

	　　【方歌】麦门冬汤麦冬多，参草枣米半夏合，益胃生津此方珍，肺瘘咳逆因虚火。
 
        
      
        
        最近更新时间：2013-12-24
",http://www.zhongyoo.com/fangji/mmdt_1054.html,,
" 
	　　【方剂名】安宫牛黄丸，出自《温病条辨》

	　　【组成】 牛黄、郁金、犀角(水牛角浓缩粉代) 、黄连、黄芩、山栀、朱砂、雄黄各一两(30g) ，梅片、麝香各二钱五分(7.5g) ，珍珠五钱(15g) 、金箔衣。

	　　【用法】上为极细粉，炼老蜜为丸，每丸一钱(3g)，金箔为衣，蜡护。脉虚者人参汤下，脉实者，用银花、薄荷煎汤下，每服一丸。大人病重体实者，日再服，甚至日三服；小儿服半丸，不知，再服半丸。现代用法：以水牛角浓缩粉30g代犀角。以上11味，珍珠水飞或粉碎成极细粉，朱砂、雄黄分别水飞成极细粉；黄连、黄芩、栀子、郁金粉碎成细粉；将牛黄、水牛角浓缩粉、麝香、冰片研细，与上述粉末配研，过筛，混匀，加适量炼蜜制成大蜜丸，即得。每服一丸，每日1次；小儿3岁以内一次1/4丸，4岁至6岁一次1/2丸，每日1次；或遵医嘱。

	　　【功效】清热开窍，豁痰解毒。

	　　【主治】热邪内陷心包证。高热烦躁，神昏谵语，口渴唇燥，舌红或绛，脉数，以及中风昏迷、小儿惊厥属痰热内闭者。

	　　【方解】本证为温热毒邪内陷心包所致。邪热内陷心包，必热扰神明，故高热烦躁，神昏谵语；热盛伤津，故口渴唇燥；舌红绛，脉数，均为热盛伤津之征。治宜芳香开窍，清心解毒，豁痰安神。方中牛黄味苦性凉，善清心解毒，豁痰开窍；麝香通行十二经，善于开窍通关，为开窍醒神回苏的要药，共为君药。水牛角清心凉血解毒而定惊；黄连、黄芩、栀子助牛黄清热泻火解毒；冰片、郁金芳香辟秽，通窍开闭，助麝香以开窍，同为臣药。朱砂镇心安神；珍珠清心安神，以除烦躁不安；雄黄豁痰解毒，共为佐药。蜂蜜和胃调中，为使药。金箔为衣，取其重镇安神之效。本方清心泻火，凉血解毒与芳香开窍药结合运用，为凉开剂的配伍特点。

	　　【临床运用】

	　　1.用方要点本方为清热开窍的重要方剂，以神昏谵语，高热烦躁，舌红或绛，脉数为辨证要点。

	　　2.现代运用本方常用于治疗流行性乙型脑炎、流行性脑脊髓膜炎、中毒性痢疾、尿毒症、脑血管意外、肝昏迷等属痰热内闭者。

	　　3.使用注意孕妇慎用、寒闭证禁用。

	　　【方歌】安宫牛黄开窍方，芩连栀郁朱雄黄，牛角珍珠冰麝箔，热闲心包功效良。

	　　【知识拓展】安宫牛黄丸是我国传统中药中最负盛名的急症用药，多用于中风、偏瘫、及温热病内陷心包之高热昏迷危象的急救，自古有“救急症于即.时，挽垂危于顷刻”的美称。为“治温病三宝”之一。但古方的剂型明显不适应临床急症的需要，故现代将本方进行了剂型改革，并将药源稀少的牛黄用牛黄的有效成分牛胆酸和猪胆酸代之，价格昂贵的犀角、珍珠用水牛角、珍珠母代之，减去朱砂、金箔，并加板蓝根等以增强清热解毒之功，研制成清开灵注射液，它不仅保留了原方独到的疗效，更增加了临床的适应证，变口服为肌注或静脉滴注，使作用迅速，疗效显著提高。宫，古代指帝王之址，现指心包。中医学认为，心在人体内犹如君主，处于至高无上的地位，心包犹如心的宫城，保护心主神圣不可侵犯。若温热毒邪攻心，心包便挺身而出代心受邪。方中牛黄为君，以清心包之邪热，“安宫”用以形容服用该丸药后，能使心安居其宫。故名“安宫牛黄丸”。
 
        
      
        
        最近更新时间：2013-12-11
",http://www.zhongyoo.com/fangji/agnhw_575.html,,
" 
	　　【方剂名】小陷胸汤，出自《伤寒论》

	　　【组成】黄连一两(6g)半夏洗，半升(12g) 瓜蒌实大者一枚(20g)

	　　【用法】上三味，以水六升，先煮瓜蒌，取三升，去滓，内诸药，煮取二升，去滓，分温三服。

	　　现代用法：水煎服。

	　　【功效】清热化痰，宽胸散结。

	　　【主治】痰热互结证。胸脘痞闷，按之则痛，或咳嗽痰黄稠，口苦，舌苔黄腻，脉滑数。

	　　【方解】本方证为痰热互结，结于心下所致。痰热互结心下，气郁不通，故胸脘痞满，按之则痛；痰热互结，肺气不宣，故咳嗽痰黄而稠；痰热引动胆热上犯，则口苦；舌苔黄腻，脉滑数，为痰热之征。治宜清热化痰，理气散结。方中瓜蒌清热化痰，理气宽胸散结，为君药。黄连苦寒，清热泻火以除痞；半夏辛燥，化痰降逆以散结；二药相伍，一苦一辛，辛开苦降，散结消痞，善治痰热内阻，胸脘痞满，共为臣药。药仅三味，配伍精当，为治痰热互结，胸脘痞痛之良剂。

	　　【临床运用】

	　　1.用方要点本方为治痰热互结的代表方，以胸脘痞闷，按之则痛，舌苔黄腻，脉滑数为辨证要点。

	　　2.现代运用本方常用于治疗慢性胃炎、胸膜炎、胸膜粘连、急性支气管炎、肋间神经痛等属痰热互结者。

	　　【方歌】 小陷胸汤夏连蒌，宽胸开结涤痰优，痰热互结胸满痛，小结胸证此方求。
 
        
      
        
        最近更新时间：2013-05-04
",http://www.zhongyoo.com/fangji/xxxt_549.html,,
" 
	　　【方剂名】犀角地黄汤，出自《备急千金要方》

	　　【组成】犀角一两(水牛角代30g) 生地黄八两(24g) 芍药三两(12g) 牡丹皮二两(9g)

	　　【用法】上药四味，畋咀，以水九升，煮取三升，分三服。

	　　现代用法：作汤剂，水煎服，水牛角镑片先煎，余药后下。

	　　【功效】清热解毒，凉血散瘀。

	　　【主治】

	　　1.热入血分证身热谵语，斑色紫黑，舌绛起刺，脉细数。

	　　2.热伤血络证吐血，衄血，便血，尿血等。

	　　3.蓄血瘀热证喜忘如狂，漱水不欲咽，大便色黑易解等。

	　　【方解】本方治证由营热不解，深陷血分所致。心主血，又主神明，热人血分，一则热扰心神，致躁扰昏狂；二则热邪迫血妄行，致使血不循经，上溢则见吐血、衄血；下出则见便血、尿血；外溢肌肤则见发斑；三则血分热毒耗伤血中津液，则舌紫绛而干；又与热互结，致蓄血瘀热，喜忘如狂，但因邪居阴分，热蒸阴液上潮，故漱水不欲咽。此际不清其热则血热不宁，不散其血则瘀血不去，不滋其阴则火热不熄，正如叶天士所谓“入血就恐耗血动血，直须凉血散血。”治以清热解毒，凉血散瘀。方中犀角(现以水牛角代)咸寒，直人血分，清心、凉血、解毒，使热清血宁，为君药。生地黄清热凉血，养阴生津，既助君药清解血分热毒，又可复已伤之阴血，为臣药。赤芍、牡丹皮清热凉血，活血散瘀，既能增强凉血之力，又可防止留瘀之弊，共为佐药。本方四药相合，清热、养阴、凉血、散瘀并用，使热清血宁而无耗血动血之虑，凉血止血而无留瘀之弊。本方现又称为“清热地黄汤”。

	　　【临床运用】

	　　1.用方要点本方为治疗温热病热入血分证的常用方。临床以各种失血，斑色紫黑，神昏谵语，身热舌绛为辨证要点。

	　　2.现代运用本方常用于治疗急性重症肝炎、肝昏迷、弥漫型血管内凝血、尿毒症、过敏性紫癜、急性白血病、败血症等属于血分热盛者。

	　　3.使用注意本方药性寒凉，对于阳虚或气虚之失血，脾胃虚弱者忌用。

	　　【功用鉴别】清营汤与犀角地黄汤均以水牛角、生地黄为主，用治热入营血证。但清营汤配伍金银花、连翘等轻清宣透之品，寓有“透热转气”之意，适用于热邪初入营分尚未动血之证；犀角地黄汤配伍赤芍、牡丹皮泄热散瘀，寓有“凉血散血”之意，适用于热入血分而见动血、耗血之证。

	　　【方歌】犀角地黄芍药丹，血热妄行吐衄斑， 蓄血发狂舌质绛，清热凉血散瘀专。
 
        
      
        
        最近更新时间：2013-05-04
",http://www.zhongyoo.com/fangji/xjdht_565.html,,
" 
	&amp;nbsp；

	　　【方剂名】小蓟饮子，出自《济生方》

	　　【组成】生地黄洗，四两(30g)小蓟半两(15g) 滑石半两(15g) 蒲黄半两(9g) 藕节半两(9g) 淡竹叶半两(9g) 当归酒浸，半两(9g) 山栀子半两(各9g) 木通半两(6g)炙甘草半两(6g)

	　　【用法】上畋咀，每服四钱(12g)，水一盏半，煎至八分，去滓温服，空心食前。现代用法：作汤剂，水煎服。

	　　【功效】凉血止血，利水通淋。

	　　【主治】血淋、尿血。尿中带血，小便频数，赤涩热痛，舌红，脉数有力。

	　　【方解】本方证为下焦瘀热，损伤膀胱血络，膀胱气化不利所致。瘀热结于下焦，损伤血络，血渗于尿中，故尿中带血；热聚膀胱，气化失司，故小便频数，赤涩热痛；舌红，脉数均为下焦热结之征。治宜凉血止血，利尿通淋。方中用小蓟既凉血止血，又利尿通淋，尤宜于血淋、尿血之症，为君药。重用生地黄养阴清热，凉血止血，使利尿不伤阴；藕节、蒲黄凉血止血消瘀，使血止而不留瘀，共为臣药。滑石、木通、淡竹叶清热利水通淋；栀子通利三焦，导热下行；当归养血活血，并能引血归经，共为佐药。甘草缓急止痛，调和诸药，为使药。全方以凉血止血药与利尿通淋药合用，但以凉血止血为主，又在凉血止血中寓以化瘀之法，使血止而不留瘀；以利尿通淋药为辅，又在利尿通淋中寓以养阴之法，使利尿而不伤阴。

	　　【临床运用】

	　　1.用方要点本方为治疗血淋、尿血属实热证的代表方，以小便赤涩热痛，舌红脉数为辨证要点。

	　　2.现代应用本方常用于治疗急性泌尿系感染、泌尿系结石、急性肾小球肾炎、精囊炎等属下焦瘀热者。

	　　3.使用注意本方只适用于实证，血淋、尿血日久而兼阴伤者或气不摄血者，不宜使用。孕妇忌用。

	　　【方歌】小蓟饮子藕蒲黄，木通滑石生地襄，归草黑栀淡竹叶，血淋热结服之康。
 
        
      
        
        最近更新时间：2013-05-04
",http://www.zhongyoo.com/fangji/xjyz_553.html,,
" 
	　　【方剂名】五苓散，出自《伤寒论》

	　　【组成】猪苓去皮，十八铢( 9g) 泽泻一两六铢(15g) 白术十八铢(9g) 茯苓十八铢(9g)桂枝去皮，半两(6g)

	　　【用法】捣为散，以白饮和服方寸匕，日三服，多饮暖水，汗出愈，如法将息。现代用法：共为细末，每次6g，每日3次，服后多钦开水，汗出愈。或作汤剂，水煎服。

	　　【功效】利水渗湿，温阳化气。

	　　【主治】

	　　1.外感风寒，水湿内停证小便不利，头痛发热，烦渴欲饮，甚或水入即吐，苔白，脉浮。

	　　2.水湿内停之水肿，泄泻，小便不利。

	　　3.痰饮内停证脐下动悸，吐涎沫而头眩，或短气而咳者。

	　　【方解】本方证为膀胱气化不利，水蓄下焦所致。本方原治太阳表邪未解，内传太阳之腑，以致膀胱气化不利，遂成太阳经腑同病之“蓄水证”。外有太阳表邪未解，故发热头痛，苔白脉浮；邪热内传膀胱，气化失常，则小便不利；因水蓄不行，津液不布，而烦渴饮水；由于水蓄于内，不得输布，故水人即吐，即为“水逆证”。水湿内停，泛溢肌肤，则为水肿；水走肠间，而为泄泻；气化失常，则小便不利；水饮内停，亦可成为痰饮证，痰饮内停于下，故脐下动悸；痰饮上逆，则吐涎沫；气化不利，阻碍清阳，故头眩；痰饮凌肺，则短气而咳。以上所治虽临床表现不一，但病机都是膀胱气化不利，水湿内停，主证为小便不利。治宜利水渗湿，通阳化气，兼解表邪。方中重用泽泻，利水渗湿，为君药。茯苓、猪苓甘淡利水，健脾渗湿，共为臣药。白术健脾祛湿；桂枝助阳化气，解表散寒，共为佐药。五药合用，使水行气化，表解脾健，蓄水留饮自除。

	　　【临床运用】

	　　1.用方要点 本方为化气利水的代表方，以小便不利，舌苔白，脉浮为辨证要点。

	　　2.现代运用本方常用于治疗肾炎、心脏病、肝硬化引起的水肿，以及急性肠炎、尿潴留、脑积水等属水湿内盛者。

	　　【附】胃苓汤(《丹溪心法》) 五苓散平胃散各3g 用生姜、大枣煎汤，空腹送服。功效：祛湿和胃，行气利水。主治：夏秋之间，脾胃伤冷，水谷不分，泄泻不止，以及水肿、腹胀、小便不利者。胃苓汤即五苓散与平胃散合方，因综合了两方的功效，故能祛湿和胃，行气利水，适用于水湿内盛之泄泻、水肿、小便不利等。

	　　【方歌】五苓散用猪茯苓，泽泻白术桂枝应，利水渗湿又化气，利便解表治水停。
 
        
      
        
        最近更新时间：2013-05-04
",http://www.zhongyoo.com/fangji/wls_561.html,,
" 
	　　【方剂名】小柴胡汤，出自《伤寒论》

	　　【组成】柴胡半斤(24g) 黄芩三两(9g) 人参三两(9g) 半夏半升，洗(9g) 甘草三两，炙(6g)生姜三两，切(9g)大枣十二枚，擘(4枚)

	　　【用法】上七味，以水一斗三升，煮取六升，去滓，再煎，取三升，温服一升，日三服。现代用法：水煎服。

	　　【功效】和解少阳。

	　　【主治】

	　　1.伤寒少阳证往来寒热，胸胁苦满，默默不欲饮食，心烦喜呕，口苦，咽于，目眩，舌苔薄白，脉弦。

	　　2.妇人伤寒，热人血室，经水适断，寒热发作有时。

	　　3.黄疸、疟疾等内伤杂病而见少阳证者。

	　　【方解】本方证为正虚邪入，邪犯少阳所致。少阳位于太阳、阳明表里之间，邪犯少阳，邪正相争，正胜欲拒邪出于表则热，邪胜欲入里并于阴则寒，故往来寒热；足少阳经脉起于目锐眦，循胸胁，邪在少阳，经气不利，化热上炎，致胸胁苦满、心烦、口苦、咽干、目眩；胆热犯胃，胃失和降，故默默不欲饮食而喜呕；若妇女经期，感受风邪，热与血结，血热瘀滞，疏泄失常，故经水不当断而断、寒热发作有时；黄疸、疟疾见有少阳证，亦属本方证的范畴。此时，邪在表里之间，则非汗、吐、下所宜，故唯宜和解之法。方中柴胡苦平，入肝胆经，为少阳经之专药，既透泄少阳半表之邪外散，又疏泄少阳气机之郁滞，为君药。黄芩苦寒，清泄少阳半里之热，为臣药。君臣相配，使少阳之邪外透内清，是和解少阳的基本结构。胆气犯胃，胃失和降，佐以半夏、生姜和胃降逆止呕，且生姜又制半夏毒；邪人少阳，缘于正气本虚，故又佐以人参、大枣益气健脾，既扶正以祛邪，又御邪内传。炙甘草助参、枣扶正，且能调和诸药，为使药。诸药合用，以和解少阳为主，兼和胃气，使邪气得解，枢机得利，胃气调和，则诸症自除。

	　　【临床运用】

	　　1.用方要点本方为治疗伤寒少阳证的基础方，又是和解少阳法的代表方。临床应用以往来寒热，胸胁苦满，默默不欲饮食，心烦喜呕，口苦，咽干，苔白，脉弦为辨证要点。临床上只要抓住前四者中的一二主证，便可用本方治疗，不必待其证候悉具。

	　　2.现代应用本方常用于感冒、流行性感冒、疟疾、慢性肝炎、肝硬化、急慢性胆囊炎、胆结石、急性胰腺炎、胸膜炎、中耳炎、产褥热、急性乳腺炎、睾丸炎、胆汁反流性胃炎、胃溃疡等属邪踞少阳，胆胃不和者。

	　　3.使用注意因方中柴胡升散，芩、夏性燥，故对阴虚血少者禁用。

	　　【方歌】小柴胡汤和解方，半夏人参甘草藏，更用黄芩加姜枣，少阳寒热用之良。
 
        
      
        
        最近更新时间：2013-05-04
",http://www.zhongyoo.com/fangji/xcht_551.html,,
" 
	　　【方剂名】十枣汤，出自《伤寒论》

	　　【组成】芫花熬 甘遂 大戟各等分

	　　【用法】三味等分，各别捣为散。以水一升半，先煮大枣肥者十枚，取八合去滓，内药末。强人服一钱匕，赢人服半钱，温服之，平旦服。若下后病不除者，明日更服，加半钱，得快下利后，糜粥自养。

	　　现代用法：上3味各等分为末，或装入胶囊，每服0.5～1g，每日1次，以大枣10枚煎汤送服，清晨空腹服。得下之后，服糜粥以调养胃气。

	　　【功效】攻逐水饮。

	　　【主治】

	　　1.悬饮咳唾胸胁引痛，甚或胸背掣痛不得息，心下痞硬，干呕短气，头痛目眩，舌苔滑，脉沉弦。

	　　2.水肿一身悉肿，尤以身半以下为重，腹胀喘满，二便不利。

	　　【方解】本方证因水饮壅盛于里，停于胸胁，或内停脘腹，或外溢肌肤所致。饮停胸胁，气机阻滞，故胸胁引痛；水饮上迫犯肺，肺气不利，咳唾短气，甚或胸背掣痛不得息；水停心下，气结于中，胃失和降，则心下痞硬，干呕；饮邪停聚，上扰清阳，则头痛目眩；若饮停脘腹，三焦水道受阻，故腹胀喘满，二便不利；若水饮泛溢肌肤，则见全身水肿；饮邪壅盛，水性趋下，必肿势严重而以身半以下为重；苔滑脉沉弦，均为内有水饮之象。此证非一般化饮利水之剂所能胜任，当投峻剂攻逐，使水邪速下。方中甘遂、大戟、芫花三药逐水力猛，且有毒，但各有所长，甘遂善逐经隧之水湿；大戟善泻脏腑之水邪；芫花善消胸胁伏饮痰癖。三药合而用之，将胸腹积水攻逐体外，疗效迅速。用大枣10枚煎汤送服，一则取其甘缓之性，既缓其烈性，又制其毒性；二则益气护胃，使下不伤正；三则培土制水，邪正兼顾。寓有深意，故以“十枣”名之。

	　　【临床运用】

	　　1.用方要点本方为攻逐水饮之峻剂，以咳唾胸胁引痛，或水肿腹胀，二便不利，脉沉弦为辨证要点。

	　　2.现代应用本方常用于治疗渗出性胸膜炎、肝硬化腹水、肾炎水肿，以及晚期血吸虫病所致的腹水等属水饮内停里实证者。

	　　3.使用注意本方为逐水峻剂，用时宜从小量开始，逐渐加量，中病即止，勿使过剂。年老体虚慎用，孕妇忌服。忌与甘草配伍。

	　　【方歌】十枣逐水效堪夸，大戟甘遂与芜花，胁下悬饮大腹肿，三药为末枣汤下。
 
        
      
        
        最近更新时间：2013-05-04
",http://www.zhongyoo.com/fangji/szt_571.html,,
" 
	　　【方剂名】苏子降气汤，出自《太平惠民和剂局方》

	　　【组成】紫苏子半夏汤洗七次，各二两半(各75g) 川当归去芦，两半(45g) 甘草炙，二两(6g) 前胡去芦 厚朴去粗皮，姜汁拌炒，各一两(各30g) 肉桂去皮，一两半(45g)

	　　【用法】上为细末，每服二大钱(6g)，水一盏半，人生姜二片，大枣一枚，苏叶五片，同煎至八分，去滓热服，不拘时候。现代用法：方中药物用量按原方比例酌定，加生姜，枣子1个，苏叶2g，水煎服。

	　　【功效】降气平喘，祛痰止咳。

	　　【主治】上实下虚之痰喘证。咳喘短气，痰涎壅盛，痰质稀色白，胸膈满闷，或腰痛脚弱，肢体浮肿，舌苔白滑或白腻。

	　　【方解】本方证为痰涎壅肺，肾阳不足所致。即“上实下虚”。其“上实”，是由痰涎上壅于肺，致肺失宣降，症见咳喘痰多，胸膈满闷；其“下虚”，是由下元肾阳虚衰，肾不纳气所致，一见肾虚腰痛脚弱；二见肾不纳气呼多吸少，咳逆短气；三见水气不化，致上泛为痰，外溢为肿等。“上实”为病之标，“下虚”为病之本，治宜治上顾下，但以降逆平喘，止咳祛痰治标急为主，温肾纳气治下虚为辅。方中苏子人肺与大肠经，降气平喘。

	　　【临床运用】现代应用本方常用于治疗支气管炎、慢性支气管炎等属痰热蕴肺者。

	　　【功用鉴别】定喘汤与苏子降气汤均能化痰平喘，用治咳喘痰多证。但定喘汤长于宣肺降气定喘，清热化痰，主治痰热蕴肺，肺失宣降所致的哮喘，症见喘咳气急，痰多黄稠，微恶风寒，苔黄腻，脉滑数。而苏子降气汤长于降气平喘，温化寒痰，主治上实下虚，寒痰壅肺所致的咳喘，症见喘咳短气，痰多稀白，或腰痛脚弱，舌苔白腻。前者为痰热蕴肺，后者为寒痰壅肺。

	　　【方歌】定喘白果与麻黄，款冬半夏杏仁桑，苏子黄芩同甘草，肺寒膈热哮喘尝。
 
        
      
        
        最近更新时间：2013-05-04
",http://www.zhongyoo.com/fangji/szjqt_569.html,,
" 
	　　【方剂名】吴茱萸汤，出自《伤寒论》

	　　【组成】吴茱萸一升，洗(9g) 人参三两(9g) 大枣十二枚，擘(4枚) 生姜六两，切(18g)

	　　【用法】上四味，以水七升，煮取二升，去滓。温服七合，日三服。现代用法：水煎服。

	　　【功效】温中补虚，降逆止呕。

	　　【主治】虚寒呕吐。阳明胃痛，畏寒喜热，胃脘痞塞，食谷欲呕，吞酸嘈杂；或厥阴头痛，干呕，吐涎沫；或少阴吐利，手足逆冷，烦躁欲死。舌淡苔白滑，脉沉弦或迟。

	　　【方解】本方证治是由肝胃虚寒，浊阴上逆所致。本方原治三种证候，一为阳明寒呕，二为厥阴头痛，三为少阴吐利。其证虽有阳明、厥阴、少阴之别，但其见症均有呕吐，均与中虚寒气上逆有关。治宜温中补虚，降逆止呕。方中吴茱萸辛苦大热，一则温胃止呕.二则暖肝降逆，三则温肾止吐利，一药而三病皆宜，故为君药。生姜为呕家圣药，重用为臣药，温胃散寒，降逆止呕。君臣相配，散寒降逆之功益著。人参甘温，益气健脾，既扶中气之虚，又顾津液之伤，为佐药。大枣甘平，助人参以益脾气，合生姜以调脾胃，并能调和诸药，为佐使药。四药合用，共奏温中补虚，暖肝和胃，降逆止呕之功，为一首治呕之良方。

	　　【临床运用】

	　　1.用方要点本方为治肝胃虚寒.浊阴上逆的常用方。临床应用以食后欲吐，或巅顶头痛，干呕吐涎沫，畏寒肢凉，舌淡苔白滑，脉弦细而迟为辨证要点。

	　　2.现代运用本方常用于治疗慢性胃炎、妊娠呕吐、神经性呕吐、神经性头痛、耳源性眩晕等属肝胃虚寒者。

	　　3.使用注意 胃热呕吐，阴虚呕吐，或肝阳上亢之头痛均禁用本方。

	　　【方歌】吴茱人参枣生姜，肝胃虚寒是良方，明寒呕少阴利，厥阴头痛亦堪尝。
 
        
      
        
        最近更新时间：2013-05-04
",http://www.zhongyoo.com/fangji/wzyt_574.html,,
" 
	　　【方剂名】四逆散，出自《伤寒论》

	　　【组成】甘草炙枳实破，水渍，炙干柴胡 芍药各十分(各6g)

	　　【用法】上四味，捣筛，白饮和服方寸匕，日三服。现代用法：水煎服。

	　　【功效】透邪解郁，疏肝理脾。

	　　【主治】

	　　1.阳郁厥逆证手足不温，或腹痛，或泻利下重，脉弦。

	　　2.肝脾气郁证胁肋胀闷，脘腹疼痛，脉弦。

	　　【方解】 四逆者，乃手足不温也。其证缘于外邪传经入里，气机为之郁遏，不达于四末所致。此“四逆”与阳衰阴盛的四肢厥逆有本质区别。正如李中梓云：“此证虽云四逆，必不甚冷，或指头微温，或脉不沉微，乃阴中涵阳之证，唯气不宣通，是为逆冷。”阳郁于里，而不外达，则身微热；肝郁脾滞，气机不畅，则胁肋胀闷，脘腹疼痛，或泄利下重，脉弦。治宜透解郁热，疏肝理脾。方中柴胡条达肝气解肝郁，透热外出解郁热，为君药。芍药养血敛阴，柔肝缓急，为臣药。芍药与柴胡相配，散收同用，既补肝体，又利肝用，使柴胡升散而无伤阴血之弊。枳实行气消痞，理气开郁，，为佐药，与柴胡相伍，一升一降，肝脾并调，加强疏畅气机，升清降浊之功。与芍药合用，又可调理气血。甘草调和诸药，为使药。与芍药同用，又缓急止痛。全方四药，配伍严谨，柴、芍相配以治肝；枳、草相伍以治脾，肝脾并调，为疏肝理脾的基础方，后世常以本方加减治疗肝郁气滞与肝脾不和诸证。

	　　【临床运用】

	　　1.用方要点本方原治阳郁厥逆证，后世多用作疏肝理脾的基础方。临床以手足不温，胁肋或脘腹疼痛，脉弦为辨证要点。

	　　2.现代运用本方常用于治疗慢性肝炎、胆囊炎、胆石症、肋间神经痛、胃溃疡、胃炎、胃肠神经官能症、附件炎、输卵管阻塞等属于肝脾不和者。

	　　3.使用注意热盛厥甚的热厥证和阳衰阴盛的寒厥证，忌用本方。

	　　【方歌】四逆散里用柴胡，芍药枳实甘草补，阳气内郁成厥逆，疏肝理脾此方主。
 
        
      
        
        最近更新时间：2014-08-11
",http://www.zhongyoo.com/fangji/xys_558.html,,
" 
	　　【方剂名】阳和汤，出自《外科证治全生集》

	　　【组成】熟地黄一两(30g) 白芥子炒，研，二钱(6g) 鹿角胶三钱(9g) 肉桂去皮，研粉，一钱(3g) 麻黄五分(2g) 姜炭五分(2g) 生甘草一钱(3g)

	　　【用法】水煎服。

	　　【功效】温阳补血，散寒通滞。

	　　【主治】阴疽。患处漫肿无头，皮色不变，酸痛无热，口不渴，舌淡苔白，脉沉细或沉迟；或脱疽、贴骨疽、流注、鹤膝风、痰核、瘰疬等属于阴证者。

	　　【方解】本方证为阳虚血弱，寒凝痰滞，气血不畅，痹阻肌肉、筋骨、关节、经脉所致。营血虚弱，寒凝痰滞，气血不畅，故局部漫肿无头，皮色不变，酸痛无热，并见全身虚寒证候；寒为阴邪，故口不渴；舌淡苔白，脉沉细或沉迟，均为虚寒之象。治宜温阳补血以治其本，散寒通滞以疗其标。方中重用熟地黄滋补阴血，填精益髓，此为“阴中求阳”之法，使阳气生化有充足的物质基础；配用鹿角胶，补肾助阳，强壮筋骨，两药合用，养血助阳，以治其本，共为君药。寒凝湿滞，非温通而不足以化，故用肉桂、姜炭温阳散寒通血脉，以治其标，共为臣药。用少量麻黄，开腠理，以宣散体表之寒凝；用白芥子祛痰除湿，宣通气血，可除皮里膜外之痰，两药合用，既宣通气血，又令熟地黄、鹿角胶补而不滞，共为佐药。生甘草解毒、调和诸药，为使药。综观全方，补阴药与温阳药合用，辛散药与滋补药配伍，使寒湿得宣而不伤正，精血得充而不恋邪，用治阴疽，可化阴凝而布阳和，故名“阳和汤”。

	　　【临床运用】

	　　1.用方要点本方为治外科阴证之痈疽疮疡的著名方剂，以患部不红、不热、漫肿、酸痛、舌淡、脉细为辨证要点。

	　　2.现代运用本方常用于治疗骨结核、腹膜结核、慢性骨髓炎、骨膜炎、慢性淋巴结炎、类风湿性关节炎、血栓闭塞性脉管炎、肌肉深部脓肿等属血虚寒凝者。

	　　【使用注意】阳证疮疡忌用。

	　　【方歌】阳和熟地鹿角胶，白芥桂姜麻黄草，温阳补血散寒滞，阴疽疮疡服之消。
 
        
      
        
        最近更新时间：2013-05-04
",http://www.zhongyoo.com/fangji/yht_550.html,,
" 
	　　【方剂名】消风散，出自《外科正宗》

	　　【组成】当归 生地黄防风蝉蜕知母苦参胡麻仁荆芥苍术牛蒡子石膏各一钱(各6g) 甘草 木通各五分(各3g)

	　　【用法】水二盅，煎八分，食远服。现代用法：水煎服。

	　　【功效】疏风止痒，清热除湿。

	　　【主治】风疹、湿疹。皮肤疹出色红，或遍身云片斑点，瘙痒，抓破后渗出水液，苔白或黄，脉浮数。

	　　【方解】本方证多由外感风湿或风热之邪，侵入血脉，郁于肌肤腠理所致。风邪外袭，郁于肌腠，内不得疏泄，外不得透达，故皮肤瘙痒，疹出色红，或遍身云片斑点；湿热浸淫，则抓破后渗出津水。治宜疏风止痒为主，辅以清热除湿。古人云：“痒自风来，止痒必先疏风。”故方中用荆芥、防风、牛蒡子、蝉蜕开泄腠理，疏风透表止痒，且荆芥又善祛血中之风，共为君药。苍术祛风燥湿；苦参清热燥湿；木通渗利湿热，是为湿邪而设，以除湿止痒；石膏、知母清热泻火除烦，是为热邪而用，共为臣药。又因“治风先治血，血行风自灭”，故用当归、生地黄、胡麻仁养血活血，滋阴润燥，以防风药之燥性，共为佐药。甘草清热解毒，调和诸药，为使药。诸药合用，外疏内清下渗，分消风热湿邪；活血治风，邪正兼顾。

	　　【临床运用】

	　　1.用方要点本方为治风疹、湿疹的常用方，以皮肤瘙痒，疹出色红，或遍身云片斑点为辨证要点。

	　　2.现代应用本方常用于治疗荨麻疹、过敏性皮炎、稻田性皮炎、药物性皮炎、神经性皮炎、扁平疣、疥疮等属风热或风湿为患者。

	　　3.使用注意服药期间忌食辛辣、鱼腥、烟酒、浓茶等，以免影响疗效。

	　　【方歌】消风散内用荆防，蝉蜕胡麻苦参苍，知膏蒡通归草地，风疹湿疹服之康。
 
        
      
        
        最近更新时间：2013-05-04
",http://www.zhongyoo.com/fangji/xfs_552.html,,
" 
	　　【方剂名】八正散，出自《太平惠民和剂局方》

	　　【组成】车前子、瞿麦、扁蓄、滑石、山栀子仁 、甘草炙 、木通 、大黄面裹煨，去面，切，焙，各一斤(各500g)。

	　　【用法】上为散，每服二钱，水一盏，入灯心，煎至七分，去滓，温服，食后临卧。小儿量力少少与之。现代用法：共为散剂，每服6～10g，加灯心草煎汤送服；或加灯心草作汤剂，水煎服，用量酌定。

	　　【功效】清热泻火，利水通淋。

	　　【主治】湿热淋证。尿频尿急，溺时涩痛，淋漓不畅，甚则癃闭不通，小腹胀急，口燥咽干，舌苔黄腻，脉滑数。

	　　【方解】本方证为湿热下注，蕴结膀胱所致。湿热蕴结膀胱，水道不利，故尿频尿急，溺时涩痛，淋漓不畅，甚则癃闭不通，小腹胀急；邪热伤津，故口燥咽干；舌苔黄腻，脉沉数，均为湿热之征。治宜清热泻火，利水通淋。方中篇蓄、瞿麦苦寒，善清利膀胱湿热，引湿热下行，为君药。滑石、木通、车前子均能清热利尿，通淋利窍，为臣药。栀子通泻三焦之火，大黄通腑泻热，使湿热之邪从二便分消，为佐药。甘草调和诸药，缓急止痛；加少量灯心草导热下行，为使药。

	　　【临床运用】

	　　1.用方要点本方为治疗湿热淋证的常用方，以尿频尿急，溺时涩痛，舌苔黄腻，脉滑数为辨证要点。

	　　2.现代运用本方常用于治疗膀胱炎、尿道炎、急性前列腺炎、泌尿系结石、肾盂肾炎等属湿热为患者。

	　　【使用注意】凡劳淋体虚者，不宜使用本方。

	　　【方歌】八正木通与车前，篇蓄大黄滑石研，甘草瞿麦兼栀子，煎加灯草热淋痊。
 
        
      
        
        最近更新时间：2013-12-11
",http://www.zhongyoo.com/fangji/bzs_1001.html,,
" 
	　　【方剂名】 仙方活命饮，出自《校注妇人良方》

	　　【组成】 白芷贝母 防风赤芍 当归尾 甘草节皂角刺炒穿山甲炙天花粉乳香 没药各一钱(各6g) 金银花 陈皮各三钱(各9g)

	　　【用法】上用酒一大碗，煎五、七沸服。现代用法：水煎服或水酒各半煎服。

	　　【功效】清热解毒，消肿溃坚，活血止痛。

	　　【主治】痈疡肿毒初起。患处红肿，焮痛，或身热微恶寒，舌苔薄白或微黄，脉数有力。

	　　【方解】本方所治为热毒壅聚、营卫不畅，气滞血瘀所致，属于阳证痈疡。热毒壅聚，则局部红肿热痛；邪正交争于肌表，则身热微恶寒；舌苔薄白或微黄，脉数有力，为阳证痈疡之征。本证的特征是发病迅速，易肿易成脓、易溃易敛。阳证疮疡初起者，必治以清热解毒，并配以理气活血，散结疏风之法。方中金银花功善清热解毒，既能解气分热毒，又能清血分之热毒，且芳香透达，为治阳证疮疡之要药；当归尾、赤芍、乳香、没药、活血散瘀，消肿止痛；陈皮理气行滞，消肿止痛；防风、白芷辛散疏透，疏散壅滞而散其结，使热毒从外透解，白芷又长于消肿排脓；浙贝母、天花粉清热化痰排脓，可使脓未成即消；穿山甲、皂角刺活血通络，透脓溃坚，可使脓成即溃；甘草清热解毒，调和诸药；酒煎则能活血通络以助药效。诸药合用，使热毒消解，气血畅通，肿消痛止。

	　　【临床运用】

	　　1.用方要点本方为治阳证疮疡初起的代表方，以局部红肿焮痛，伴有身热微恶寒，脉数有力为辨证要点。

	　　2.现代运用本方常用于治疗化脓性炎症，如蜂窝织炎、化脓性扁桃体炎、乳腺炎、脓疱疮、疖肿等属阳证、实证者。

	　　【使用注意】疮疡已溃及阴疽患者忌用，脾胃素虚，气血不足者慎用。

	　　【方歌】仙方活命金银花，防芷归陈草芍加，贝母花粉兼乳没，山甲皂刺酒煎佳。

	　　【知识拓展】仙方活命饮出自宋代&amp;middot；陈自明的《校注妇人良方》，为治疮疡肿毒之名方。前人称本方为“疮疡之圣药，外科之首方”，通治一切阳证疮疡肿毒，具有脓未成者即散，脓已成者即溃之效，常用于皮肤组织感染性疾病，故有“疡门开手攻毒第一方”之美称。
 
        
      
        
        最近更新时间：2013-05-04
",http://www.zhongyoo.com/fangji/xfhmy_560.html,,
" 
	　　【方剂名】天麻钩藤饮，出自《中医内科杂病证治新义》

	　　【组成】天麻9g 钩藤12g(后下)石决明18g(先煎)栀子黄芩各9g 川牛膝12g杜仲益母革桑寄生夜交藤朱茯神各9g

	　　【用法】水煎，分2～3次服。

	　　【功效】平肝息风，清热活血，补益肝肾。

	　　【主治】肝阳偏亢，肝风上扰证。症见头痛，眩晕，失眠，震颤，或口苦面红，舌红苔黄，脉弦或数。

	　　【方解】本方证为肝肾不足，肝阳偏亢，肝风上扰所致。肝肾不足，肝阳偏亢，风阳上扰，则头痛，眩晕；阳亢化热扰心，则失眠；风火内扰，则舌红苔黄，脉弦数。治宜平肝息风，兼以清降、补肾、安神。方中天麻平肝息风止眩；钩藤清肝息风定眩，共为君药。石决明长于平肝潜阳，清热明目，助君平肝息风；川牛膝活血利水，引血下行，直折亢阳，共为臣药。益母草活血利水，与牛膝配伍以平降肝阳；栀子、黄芩清肝降火，以折其亢阳；杜仲、桑寄生补益肝肾，以治其本；夜交藤、朱茯神宁心安神，为佐药。诸药合用，标本兼顾，以平肝息风治标为主，兼以补益肝肾，清热安神。

	　　【临床运用】

	　　1.用方要点本方为肝肾不足，肝阳偏亢，肝风上扰的常用方，以头痛，眩晕，失眠，舌红苔黄，脉弦为辨证要点。

	　　2.现代应用本方常用于治疗高血压病、急性脑血管病、更年期综合征等属肝肾不足，肝阳上亢者。

	　　3.使用注意肝经实火之头痛，眩晕，不宜使用本方。

	　　【功用鉴别】镇肝熄风汤与天麻钩藤饮均有平肝息风之功，同为治疗肝阳化风之头痛、眩晕的常用方。但镇肝熄风汤是以牛膝为君，配伍代赭石、生龙骨、生牡蛎等，镇潜息风之力较强，而天麻钩藤饮则以天麻、钩藤为君，配伍栀子、黄芩、茯神、夜交藤等，重在平肝息风，清热安神。

	　　【方歌】 天麻钧藤栀决明，桑芩杜藤益牛神.息风清热补肝肾，头痛眩晕失眠宁。

	　　【知识拓展】本方诞生于20世纪50年代，为高血压头痛而设。其创制者在学术上力主中西医汇通结合。提出：“在不违背中医学术辨证论治的基础上，逐步地和现代的基础医学和临床医学知识联系起来，丰富中医学的内容，提高它的理论和技术水平，更好地发挥中医学的特点”。在制方中：一方面以中医理论为指导，认为高血压头痛病因多为肝火厥逆，上攻头脑所致。故在选药上，多以平肝息风药天麻、钩藤与清肝降火药黄芩、栀子相伍。另一方面，将方中所选的中药与现代药理作用相结合，方中之黄芩、杜仲、益母草、桑寄生等均有降压作用，且西医在治疗高血压病的过程中，常用利尿剂和扩血管药物，方中之牛膝、益母草均有良好的扩血管及利尿作用，提高了方剂配伍的针对性、有效性，融合中、西医理论组成本方。
 
        
      
        
        最近更新时间：2013-05-04
",http://www.zhongyoo.com/fangji/tmgty_562.html,,
" 
	　　【方剂名】六一散，出自《伤寒直格》

	　　【组成】滑石六两(180g)， 甘草一两(30g)。

	　　【用法】为细末，每服三钱，加蜜少许，温水调下，或无蜜亦可，每日三服。或欲冷饮者，新井泉调下亦得。现代用法：为细末，每服9～18g，包煎，或温开水调下，日2～3服，亦常加入其他方药中煎服。

	　　【功效】清暑利湿。

	　　【主治】暑湿证。身热烦渴，小便不利，或泄泻。

	　　【方解】本方证是由暑热夹湿所致。暑为阳邪，内通于心，伤于暑热，故见身热心烦，口渴；湿热下注，膀胱气化不利，故小便不利；暑湿下渗大肠，则为泄泻。治宜清暑利湿。方中重用滑石，甘淡性寒，质重而滑，淡能渗湿，寒能清热，重能下降，滑能利窍，既清心解暑，又渗湿利小便，使湿热之邪从小便而解，为君药。甘草清热和中，与滑石配伍，一则甘寒生津，使利小便而津不伤；二则防滑石寒凉质重伐胃，为佐药。因其用量比例为6:1，故名“六一散”。为治暑湿证的常用良方。

	　　【临床运用】

	　　1.用方要点：本方为治疗暑热夹湿证的常用方。临床以身热烦渴，小便不利为辨证要点。

	　　2.现代运用：本方常用于治疗膀胱炎、尿道炎、急性肾盂肾炎，泌尿系结石等属暑湿或膀胱湿热者。

	　　【使用注意】若阴虚，内无湿热者，或小便清长者忌用。

	　　【方歌】六一散用滑石草，清暑利湿此方好，或加青黛名碧玉，目赤咽痛俱可消。
 
        
      
        
        最近更新时间：2014-01-26
",http://www.zhongyoo.com/fangji/lys_1208.html,,
" 
	　　【方剂名】大黄附子汤，出自《金匮要略》

	　　【组成】大黄三两(9g)，附子三枚炮(9g)， 细辛二两(3g)。

	　　【用法】以水五升，煮取二升，分温三服。若强人煮取二升半，分温三服。服后如人行四五里，进一服。现代用法：水煎服。

	　　【功效】温里散寒，通便止痛。

	　　【主治】寒积里实证。腹痛便秘，胁下偏痛，发热，手足不温，舌苔白腻，脉弦紧。

	　　【方解】本方证为寒邪与积滞互结于肠道，阳气不运所致。寒邪内侵，阳气不通，肠道传化失职，故腹痛、大便秘结；寒邪凝聚于厥阴，则胁下偏痛；积滞内停，阳气不达四末，则见手足不温；阳气郁闭，故见发热，但非大热；阴寒内盛，舌苔白腻，脉弦紧为寒实之象。治宜温通并用，以温散寒凝而开闭结，通下大便而除积滞。方中附子大辛大热，温阳祛寒，为君药。大黄苦寒，荡涤肠胃积滞，为臣药，二者寒温并用，温阳之中具有导滞之功。细辛辛散温通，散寒止痛，为佐药。三药合用，温里以祛寒，通下以泻实，共奏温下之功。

	　　【临床运用】

	　　1.用方要点：本方为温下的代表方，以便秘腹痛，手足不温，舌苔白腻，脉弦紧为辨证要点。

	　　2.现代应用：本方常用于治胆绞痛、胆囊术后综合征、急性阑尾炎、急性肠梗阻、慢性痢疾、尿毒症等属寒积者。

	　　【使用注意】方中大黄的用量一般不宜超过附子。

	　　【方歌】金匮大黄附子汤，细辛散寒止痛良，冷积内结成实证，功专温下妙非常。
 
        
      
        
        最近更新时间：2014-02-18
",http://www.zhongyoo.com/fangji/dhfzt_1264.html,,
" 
	　　【方剂名】痛泻要方，出自《丹溪心法》

	　　【组成】白术炒，三两(90g) 白芍药炒，二两(60g) 陈皮炒，一两五钱(45g) 防风一两(30g)

	　　【用法】上细切，分作八服，水煎或丸服。现代用法：作汤剂，水煎服，用量按原方比例酌减。

	　　【功效】补脾柔肝，祛湿止泻。

	　　【主治】肝郁脾虚之痛泻。肠鸣腹痛，大便泄泻，泻必腹痛，舌苔薄白，脉两关不调，弦而缓。

	　　【方解】本方证由土虚木乘，肝脾不和，脾运失常所致。脾气素虚，复因情绪的变化，脾受肝制，致升降运化失常，致使清浊不分，而致痛泻。其特点为腹痛泄泻，泻必腹痛，泻后痛暂减，反复发作。治宜补脾疏肝，祛湿止泻。方中白术健脾以御木乘，燥湿以止泄泻，为君药。白芍养血柔肝，缓急止痛为臣药，君臣相配，可“土中泻木”。脾虚易生湿，故用陈皮理气燥湿，醒脾和胃，为佐药。配少量防风，一则辛散调肝，使肝气条达不再乘脾；二则舒脾升清，胜湿止泻；又为脾经引经之药，兼为佐使。四药合用，能补脾胜湿而止泻，柔肝理气而止痛，使脾健肝和，痛泻自止。

	　　【临床运用】

	　　1.用方要点本方为治疗肝脾不和之痛泻的常用方。临床以肠鸣腹痛，大便泄泻，泻必腹痛，脉象弦缓为辨证要点。

	　　2.现代运用本方常用于治疗急慢性肠炎、慢性结肠炎、肠道易激综合征等属肝旺脾虚者。

	　　3.使用注意阳明湿热和热毒的腹痛腹泻者，忌用本方。

	　　【方歌】痛泻要方用陈皮，术芍防风共成剂，肠鸣泄泻腹又痛，治在泻肝与补脾。

	　　【知识拓展】本方疏肝为何不用柴胡，而用防风?因防风辛香升浮，入肝脾二经，一则香能入脾，舒脾升清，既升阳止泻，又助白术胜湿止泻；二则辛散入肝，能行气调肝，以复肝之疏泄，且散肝而无耗阴之弊。而柴胡虽善疏肝解郁，但只入肝胆经，而不归脾经，无胜湿止泻之功，故不用柴胡。方中白术、白芍药、陈皮三药为何要用土炒?白芍借土气入脾，以增养血和脾止泻作用；白术借土气助脾，使补脾止泻力强；陈皮土炒能增温中理气燥湿作用，因脾性喜燥恶湿，三药炒香尤能燥湿醒脾。
 
        
      
        
        最近更新时间：2013-05-04
",http://www.zhongyoo.com/fangji/txyf_564.html,,
" 
	　　【方剂名】镇肝熄风汤，出自《医学衷中参西录》

	　　【组成】怀牛膝一两(30g) 生赭石轧细，一两(30g) 生龙骨捣碎，五钱(15g) 生牡蛎捣碎，五钱(15g) 生龟甲捣碎，五钱(15g) 生杭芍五钱(15g) 玄参五钱(15g) 天冬五钱(15g) 川楝子捣碎，二钱(6g) 生麦芽二钱(6g) 茵陈二钱(6g) 甘草一钱半(4.5g)

	　　【用法】水煎服。

	　　【功效】镇肝息风，滋阴潜阳。

	　　【主治】类中风。头目眩晕，目胀耳鸣，脑中热痛，心中烦热，面色如醉，或时常噫气，或肢体渐觉不利，口眼渐形歪斜，甚或眩晕颠仆，昏不知人，移时始醒，醒后不能复原，脉弦长有力。

	　　【方解】本方证是由肝肾阴虚，肝阳上亢，气血逆乱所致。阴虚阳亢，风阳上扰，故头目眩晕，目胀耳鸣，脑中热痛，心中烦热，面色如醉，或时常噫气，此为类中风的先兆症状。若肝阳上升太过，气血逆乱，遂致卒中。轻者中经络，则肢体渐觉不利，口眼渐形喁斜；重者中脏腑，则眩晕至于颠仆，昏不知人，移时始醒，醒后不能复原；脉弦长有力，为肝阳上亢，肝风内动之征。治宜镇肝息风，滋阴潜阳。方中重用怀牛膝引血下行，折其阳亢，兼滋养肝肾，为君药。代赭石重镇沉降，镇肝降逆，与牛膝相配，引气血下行；生龙骨、生牡蛎潜阳降逆，既可潜降上亢之肝阳，又可平镇上逆之气血；共为臣药。

	　　生龟甲、玄参、天冬、杭白芍滋阴养血，柔肝息风，使阴液充足，以制阳亢；肝为刚脏，性喜条达而恶抑郁，过用重镇之品，势必影响其条达之性，故用茵陈、川楝子、生麦芽清泻肝阳，条达肝气，使肝气疏达，而肝阳自平，共为佐药。生甘草调和诸药，与生麦芽合用，又能养胃和中，以防金石药碍胃，为使药。诸药合用，以镇肝息风为主，又能滋阴潜阳，标本兼治，而以治标为主。

	　　【临床运用】

	　　1.用方要点本方为治类中风属阴虚阳亢，肝风内动的常用方，以头目眩晕，脑中热痛，面色如醉，心中烦热，脉弦长有力为辨证要点。

	　　2.现代应用本方常用于治疗高血压病、血管神经性头痛、脑血管意外等属肝肾阴亏，肝阳上亢者。

	　　【方歌】镇肝息风十二般，赭石龙骨牡蛎板，玄参天冬牛膝芍，蒿麦川楝甘草缓。
 
        
      
        
        最近更新时间：2013-05-04
",http://www.zhongyoo.com/fangji/zgxft_537.html,,
" 
	　　【方剂名】银翘散，出自《温病条辨》

	　　【组成】银花一两(30g) 连翘一两(30g) 桔梗六钱(18g) 薄荷六钱(18g) 竹叶四钱(12g) 生甘草五钱(15g) 荆芥穗四钱(12g) 淡豆豉五钱(15g) 牛蒡子六钱(18g)

	　　【用法】上杵为散。每服六钱(18g)，鲜苇根汤煎，香气大出，即取服，勿过煎。肺药取轻清，过煎则味厚人中焦矣。病重者，约二时一服，日三服，夜一服；轻者，三时一服，日二服，夜一服；病不解者，作再服。 现代用法：作汤剂，水煎服，用量按原方比例酌定。亦可作丸剂或散剂服用。

	　　【功效】辛凉透表，清热解毒。

	　　【主治】温病初起。发热无汗，或有汗不畅，微恶风寒，头痛口渴，咳嗽咽痛，舌尖红，苔薄白或薄黄，脉浮数。

	　　【方解】本方证为温病初起，卫气被郁，肺失宣降所致。邪在卫分，卫气被郁，开合失司，故发热头痛，微恶风寒，无汗或有汗不畅。温热毒邪犯肺，肺气失宣，则咳嗽咽痛，邪热伤津，则口渴，邪在卫表，故舌尖红，苔薄白，脉浮数。治宜辛凉透散以散其表，清泄肺热以解其毒，宣降肺气以复其清肃。方中银花、连翘芳香清解，既轻宣透表，又清热解毒，重用为君。薄荷、牛蒡子辛凉宣散，疏散风热，清利头目；豆豉、荆芥辛而

	　　微温，透邪外出，两药虽为辛温解表药，但辛而不烈，温而不燥，配伍在辛凉药中，可增强透表之力，共为臣药。桔梗宣肺止咳；竹叶清上焦热；芦根清热生津，同为佐药。甘草调和诸药为使。本方的配伍特点，一是于辛凉之中配伍少量辛温之品，既有利于透邪，又不违辛凉之意；二是疏散风热与清热解毒相配，既外散风热，又解毒辟秽，从而构成清疏兼顾，以疏为主之剂。为“辛凉平剂”。

	　　【临床运用】

	　　1.用方要点本方为一首“辛凉平剂”，是治疗风热表证的常用方，以发热，微恶风寒，咽痛口渴，脉浮数为辨证要点。

	　　2.现代应用本方常用于治疗流行性感冒、急性扁桃体炎、麻疹初起，以及乙脑、流脑、腮腺炎、咽炎、咽峡疱疹等属温病初起，邪郁肺卫者。

	　　3.使用注意方中多为轻清之品，故不宜久煎，用量不宜过大。

	　　【功用鉴别】桑菊饮与银翘散均能辛凉解表，为治温病初起的常用方。二方组成均有连翘、桔梗、甘草、薄荷、芦根五药，但桑菊饮以桑叶、菊花为君，配伍杏仁，肃肺止咳之力较强；适用于风温初起，表热较轻而咳嗽较重者，为“辛凉轻剂”；银翘散以银花、连翘为君，配伍荆芥、豆豉、牛蒡子、竹叶，解表清热之力较强，适用于外感风热表证或温病初起，表热较重者，为“辛凉平剂”。

	　　【方歌】辛凉解表银翘散，芥薄牛蒡竹叶甘, 豆豉桔梗芦根入，上焦风热服之安。
 
        
      
        
        最近更新时间：2013-05-04
",http://www.zhongyoo.com/fangji/yqs_544.html,,
" 
	&amp;nbsp；

	　　【方剂名】杏苏散，出自《温病条辨》

	　　【组成】苏叶杏仁半夏茯苓前胡各9g 陈皮桔梗枳壳各6g 甘草3g生姜3片大枣3枚(原书未注用量)

	　　【用法】水煎温服。

	　　【功效】轻宣温润，止咳化痰。

	　　【主治】外感凉燥证。恶寒无汗，头微痛，咳嗽痰稀，鼻塞咽干，苔薄白，脉浮弦。

	　　【方解】本方证为凉燥外袭，肺气不宣，痰湿内阻所致。肺合皮毛，凉燥袭表，故恶寒无汗，头微痛；凉燥伤肺，肺气不宣，津液不布，聚湿生痰，故咳嗽痰稀；鼻为肺窍，咽为肺系，肺气失宣，津液不布，故鼻塞咽干；舌苔薄白，脉浮弦，均为外感凉燥之征。此证类似风寒感冒，但又有干燥之象，且在秋季发病，故为凉燥证。治宜轻宣凉燥，宣肺化痰。方中苏叶辛温不燥，发表宣肺，使凉燥之邪从表而解；杏仁性降而润，降利肺气以止咳，共为君药。前胡既助苏叶疏散外邪，又助杏仁降气化痰；桔梗、枳壳一升一降，宣降肺气，止咳化痰，共为臣药。半夏、茯苓、陈皮化痰理气，共为佐药。生姜、大枣调和营卫；甘草调和诸药，共为使药。诸药合用，辛散宣肺而使凉燥得解，化痰理气而使咳嗽得愈。

	　　【临床运用】

	　　1.用方要点本方为治凉燥的常用方，以微恶风寒，无汗，头微痛，咳嗽痰稀，咽干，舌苔薄白，脉浮弦为辨证要点。

	　　2.现代运用本方常用于治疗流行性感冒、慢性支气管炎、肺气肿等属外感凉燥者。

	　　【方歌】杏苏散内陈夏前，甘桔枳苓姜枣研，轻宣温润治凉燥，服后微汗病自安。
 
        
      
        
        最近更新时间：2013-05-04
",http://www.zhongyoo.com/fangji/xss_548.html,,
" 
	　　【方剂名】炙甘草汤，出自《伤寒论》

	　　【组成】甘草四两，炙(12g) 生姜三两，切(9g) 人参二两(6g) 生地黄一斤(50g)桂枝三两，去皮(9g) 阿胶二两(6g) 麦门冬半升，去心(lOg) 麻仁半升(lOg) 大枣三十枚，擘(10枚)

	　　【用法】上以清酒七升，水八升，先煮八味，取三升，去滓，内胶烊消尽，温服一升，日三服。现代用法：水煎服，阿胶烊化，冲服。

	　　【功效】滋阴养血，益气复脉。

	　　【主治】

	　　1.阴血不足，阳气虚弱证脉结代，心动悸，虚赢少气，舌光少苔，或质干而瘦小。

	　　2.虚劳肺痿咳嗽，或吐涎沫，形瘦短气，自汗盗汗，虚烦不眠，咽干舌燥，大便干结，脉虚数。

	　　【方解】本方是《伤寒论》治疗心动悸、脉结代的名方。其证是由阴血不足，阳气不振所致。阴血不足，血脉无以充盈，加之阳气不振，无力鼓动血脉，脉气不相接续，故脉结代；阴血不足，心体失养，或心阳虚弱，不能温养心脉，故心动悸。治宜滋心阴，养心血，益心气，温心阳，以复脉定悸。方中炙甘草甘温益气，通经脉，利血气，缓急养心为君；生地黄滋阴养心，养血充脉。二药重用，益气养血以复脉，共为君药。人参、大枣补益心脾，合炙甘草益心气，补脾气，以资气血化生之源；阿胶、麦冬、麻仁滋阴养血补心，配生地黄滋心阴，养心血，以充血脉，共为臣药。桂枝、生姜温心阳而通血脉，使气血畅通脉气接续有源，并使诸味厚之品滋而不腻，共为佐药。桂枝与甘草合用，又能辛甘化阳，通心脉而和气血，以振心阳。用法中加清酒煎服，温阳通脉，以助药力，为使药。诸药合用，滋而不腻，温而不燥，使气血充沛，阴阳调和，共奏益气养血，滋阴复脉之功。由于炙甘草、人参亦可补肺气，润肺止咳；阿胶、麦冬又善养肺阴，润肺燥；生地黄、火麻仁长于滋补肾水，与阿胶、麦冬合用，有“金水相生”之功，故可用于虚劳肺痿属气阴两伤者的治疗。但对阴伤肺燥较甚者，方中姜、桂、酒应减少用量或不用，因为温药毕竟有耗伤阴液之弊，故应慎用。

	　　【临床运用】

	　　1.用方要点本方为阴阳气血并补之剂。临床应用以心动悸，脉结代，虚赢少气，舌光少苔为辨证要点。

	　　2.现代运用常用本方加减治疗功能性心律不齐、期外收缩、冠心病、风湿性心脏病、病毒性心肌炎、甲状腺功能亢进等而有心悸、气短、脉结代等属阴血不足，阳气虚弱者。

	　　3.使用注意采用水酒合煎，文火久煎；阴虚内热者慎用。

	　　【方歌】炙甘草汤参桂姜，麦地胶枣麻仁裹，心动悸兮脉结代，虚劳肺痿俱可尝。
 
        
      
        
        最近更新时间：2013-05-04
",http://www.zhongyoo.com/fangji/zgct_540.html,,
" 
	　　【方剂名】茵陈蒿汤，出自《伤寒论》

	　　【组成】茵陈六两(18g) 栀子十四枚(9g) 大黄去皮，二两(6g)

	　　【用法】上三味，以水一斗二升，先煎茵陈，减六升，内二味，煮取三升，去滓，分三服。小便当利，尿如皂角汁状，色正赤，一宿腹减，黄从小便出也。

	　　现代用法：水煎服。

	　　【功效】清热，利湿，退黄。

	　　【主治】湿热黄疸。一身面目俱黄，黄色鲜明，食少呕恶，腹满便秘，小便黄赤，舌苔黄腻，脉沉数。

	　　【方解】本方证为湿热交蒸，熏蒸肝胆，胆汁不循常道，渗溢肌肤所致。症见一身面目俱黄，黄色鲜明；湿阻中焦，气机不畅，故食少呕恶，腹满便秘；湿热内郁，决渎失职，则小便黄赤；舌苔黄腻，脉沉数，均为湿热之征，治宜清利湿热退黄。方中重用茵陈蒿为君药，清热利湿退黄，为治疗湿热黄疸要药。臣以栀子清利三焦，使湿热之邪从小便而出；大黄泻热通便，使湿热之邪随大便而下。三药合用，以利湿与泄热相伍，使二便通利，前后分消，湿热得行，郁热得下，则黄疸自退。

	　　【临床运用】

	　　1.用方要点本方善能清热利湿退黄，为治疗阳黄证的主方。以一身面目俱黄，黄色鲜明，舌苔黄腻，脉沉数为辨证要点。

	　　2.现代运用 本方常用于治疗急性黄疸型肝炎、胆囊炎、胆石症、钩端螺旋体病等引起的黄疸，属湿热内蕴者。

	　　【使用注意】本方药性寒凉，寒湿黄疸(阴黄)不宜使用。

	　　【方歌】茵陈蒿汤治黄疸，阴阳寒热细端详，阳黄栀子大黄入，阴黄附子草干姜。
 
        
      
        
        最近更新时间：2014-10-26
",http://www.zhongyoo.com/fangji/ycgt_543.html,,
" 
	　　【方剂名】越鞠丸，出自《丹溪心法》

	　　【组成】香附川芎莶术神曲栀子各等分(各6g)

	　　【用法】共为细末，水泛为丸，如绿豆大(原书未著用法用量)。现代用法：水丸，每服6～9g，温开水送服；亦可作汤剂煎服。

	　　【功效】行气解郁。

	　　【主治】六郁证。胸膈痞闷，胁腹胀痛或刺痛，吞酸嘈杂，暖气呕恶，饮食不消等。

	　　【方解】本方由肝脾气机郁滞，以致气、血、火、湿、痰、食相因成郁，以气郁为先。人以气为本，气和则病无由生，若喜怒无常，忧思过度，或饮食失节，寒温不适等，均可引起气机郁滞。肝气郁结，气机不畅，则胸膈痞闷胀痛；气郁日久势必及血，而致血郁，则胁腹刺痛而有定处；郁久化火，则病火郁，则吞酸嘈杂；肝郁乘脾，运化失司，脾不胜湿则湿郁；湿聚生痰则痰郁，暖气呕恶；水谷不运，则饮食不消为食郁。气、血、火郁责之于肝，湿、痰、食郁责之于脾，由此可见，六郁之病主要在肝脾郁滞，尤以气郁为主。其治法，重在行气解郁，使气行则血行，气顺则火、湿、痰、食诸郁皆消。方中香附行气舒肝开郁，以治气郁，为君药。川芎为血中之气药，既助君药行气开郁，又可活血祛瘀，以治血郁；苍术燥湿健脾，以治湿郁；神曲消食和胃，以治食郁；栀子清热泻火，以治火郁，共为臣佐药。本方五药，理气为先，统治六郁证。

	　　【临床运用】

	　　1.用方要点本方为治六郁证的代表方，以胸膈痞闷，胁腹胀痛，饮食不消为辨证要点。

	　　2.现代应用本方常用于治疗胃神经官能症、胃及十二指肠溃疡、慢性胃炎、胆石症、胆囊炎、肝炎、肋间神经痛、痛经、月经不调等而有六郁见证者。

	　　3.使用注意本方所治诸郁均属实证，凡郁证属虚者，不宜单独使用。

	　　【方歌】越鞠丸治六郁侵，气血痰火食湿因，香附芎苍六曲栀，行气解郁除病根。

	　　【知识拓展】越鞠丸主治气、血、火、湿、痰、食六郁之证，方中只用五味药，未用治痰药，为何能治痰郁?因痰郁是由气郁湿聚成痰，或食滞痰生，或火郁炼液生痰而成，而方中五药能使气行、湿化、食消、火清，今五郁得解，则痰郁亦随之而消，故方中不再另配化痰药，此即治病求本之意。
 
        
      
        
        最近更新时间：2013-05-04
",http://www.zhongyoo.com/fangji/yjw_534.html,,
" 
	　　【方剂名】朱砂安神丸，出自《内外伤辨惑论》

	　　【组成】朱砂五钱(15g)另研，水飞为衣 黄连去须，净，酒洗，六钱(18g) 炙甘草五钱半(16. 5g) 生地黄一钱半(4.5g) 当归二钱半(7.5g)

	　　【用法】上四味共为细末，另研朱砂，水飞如尘，阴干，为衣，汤浸蒸饼为丸，如黍米大，每服十五丸(6g)，津唾咽之，食后。 现代用法：上药研末，炼蜜为丸，朱砂另研，水飞为衣。每次服6～9g，临睡前温开水送服；亦可作汤剂，用量按原方比例酌定，朱砂研细末水飞，以药汤送服。

	　　【功效】镇心安神，清热养阴。

	　　【主治】心火亢盛，阴血不足证。心神烦乱，惊悸不安，失眠多梦，胸中烦热，舌红，脉细数。

	　　【方解】本方证为心火亢盛，灼伤阴血所致。心为君火之脏，若五志过极，心火旺盛，心神被扰，则心神烦乱，惊悸不安，失眠多梦；心火内炽，灼伤胸膈，则胸中烦热；热灼阴伤，阴虚生热，故舌红，脉细数。治宜镇心安神，清热养阴。方中朱砂甘寒质重，人心经为君，既镇心安神，又清心火，治标之中兼以治本。黄连为臣，善清心泻火除烦，助君药增强泻心安神之功，二药配伍，一镇一清，使心镇、火清、神安。当归补血养心，使阴血足而神自安；生地黄入肾滋阴凉血，使肾水上升，以制上炎心火，二药合之以补被灼伤之阴血，共为佐药。甘草为使，调和诸药，防朱砂、黄连质重苦寒之品碍胃。诸药合用，则心火得清，阴血得养，心神自安，故以“安神”名之。

	　　【临床运用】

	　　1.用方要点本方为重镇安神的代表方，以惊悸不安，失眠多梦，舌红，脉细数为辨证要点。

	　　2.现代运用本方常用于治疗神经衰弱之心悸失眠；或精神抑郁症之神志恍惚属心火上炎，心血不足者。

	　　3.使用注意方中朱砂含汞有毒，尤忌火煅，不宜多服、久服，以防汞中毒。

	　　【方歌】朱砂安神有黄连，当归生地甘草全，惊悸失眠心烦乱，镇心安神服之安。
 
        
      
        
        最近更新时间：2013-05-04
",http://www.zhongyoo.com/fangji/zsasw_541.html,,
" 
	　　【方剂名】真武汤，出自《伤寒论》

	　　【组成】茯苓三两(9g) 芍药三两(9g) 白术二两(6g) 生姜切，三两(9g) 附子炮，去皮，一枚，破八片(9g)

	　　【用法】以水八升，煮取三升，去滓，温服七合，日三服。现代用法：水煎温服。

	　　【功效】温阳利水。

	　　【主治】脾肾阳虚水肿。全身浮肿，四肢沉重，小便不利，恶寒肢冷，腹痛下利，舌质淡胖，舌苔白滑，脉沉细。

	　　【方解】本方证为脾肾阳虚，气化不行，水湿内停所致。脾肾阳虚，水气不化，下无出路，则小便不利；水湿泛滥肌肤，轻者四肢沉重，重者则全身浮肿，阳虚不能温煦，故恶寒肢冷；脾虚湿盛，阴寒凝结，故腹痛下利；舌质淡胖，舌苔白滑，脉沉细，均为阳虚水湿内停之征。治宜温补脾肾阳气，利水消肿。方用炮附子为君，温肾助阳，以化气行水，兼暖脾土，以温运水湿。白术、茯苓健脾益气，利水渗湿，使水邪从小便而去，共为臣药。生姜宣肺暖胃，既助附子温阳化气以行水，又助术、苓健脾以化湿；白芍酸甘缓急以治腹痛，并能监制附子、生姜辛热伤阴之弊，共为佐药。诸药合用，有温阳利水之功。

	　　【临床运用】

	　　1.用方要点本方为温阳利水的代表方，以小便不利，肢体沉重或浮肿，苔白脉沉为辨证要点。

	　　2.现代运用本方常用于治疗慢性肾小球肾炎、心源性水肿、甲状腺功能低下、慢性支气管炎、慢性肠炎、梅尼埃病等属脾肾阳虚，水湿内盛者。

	　　【方歌】真武汤壮肾中阳，茯苓术芍附生姜， 少阴腹痛有水气，温阳利水保安康。
 
        
      
        
        最近更新时间：2013-05-04
",http://www.zhongyoo.com/fangji/zwt_535.html,,
" 
	　　【方剂名】止嗽散，出自《医学心悟》

	　　【组成】紫菀蒸 百部蒸 白前蒸，各二斤(各l000g) 甘草炒，十二两(500g)三钱，开水调下，食后，临卧服。初感风寒，生姜汤调下。服9g，温开水或姜汤送下。亦可作汤剂，水煎服，用量按原方比例酌定。

	　　【功效】止咳化痰，宣肺疏表。

	　　【主治】风邪犯肺。咳嗽咽痒，咳痰不爽，或微有恶风发热，舌苔薄白。

	　　【方解】本方证为风邪稽留于肺，肺失宣畅所致。用治外感咳嗽，经服解表宣肺药后而咳仍不止者。风邪犯肺，或因解表不彻而风邪未尽，故咽痒咳嗽，因外邪已去十之八九，故微有恶风发热，舌苔薄白。治宜止咳化痰，疏表宣肺。方中紫菀、百部，均入肺经，其性温润，能润肺化痰止嗽，为君药。桔梗味苦辛，善于宣肺化痰；白前味辛甘，长于降气化痰。两者协同，一宣一降，以复肺气之宣降，增强君药止咳化痰之力，共为臣药。荆芥祛风解表，使外邪从表而解，则肺气得宣，虽重不在解表，但解表又实不可缺；陈皮理气化痰，均为佐药。甘草缓急和中，调和诸药，合桔梗、荆芥又有利咽止咳之功，是为佐使之用。药虽七味，用量轻微，具备了温而不燥，润而不腻，散寒不助热，解表不伤正的特点。

	　　【临床运用】

	　　1.用方要点本方为治外感风邪，咳嗽吐痰的常用方，以咳嗽咽痒，微有恶风发热，苔薄白为辨证要点。

	　　2.现代运用本方常用于治疗上呼吸道感染、急慢性支气管炎、百日咳等属风邪犯肺者。

	　　【方歌】止嗽散用百部菀，陈皮桔梗加白前，甘草荆芥共同用，止咳化痰此方变。
 
        
      
        
        最近更新时间：2013-05-04
",http://www.zhongyoo.com/fangji/zss_539.html,,
" 
	　　【方剂名】羌活胜湿汤，出自《内外伤辨惑论》

	　　【组成】羌活独活各一钱(各6g) 藁本防风甘草炙川芎各五分(各3g) 蔓荆子三分(2g)

	　　【用法】上畋咀，都作一服，水二盏，煎至一盏，去滓，大温服，空心食前。现代用法：水煎，食前温服。

	　　【功效】发汗祛风，除湿止痛。

	　　【主治】风湿在表证。头痛身重，肩背疼痛不可回顾，或腰脊疼痛，难以转侧，苔白脉浮。

	　　【方解】本方证多由汗出当风，或久居湿地，风湿相搏，郁于肌表所致。风湿之邪客于肌表，经脉不畅，故头痛身重，或肩背疼痛不可回顾，或腰脊疼痛，难以转侧；苔白脉浮，为风湿在表之征。治以祛风胜湿。方中羌活、独活辛温发散，祛风胜湿。其中羌活善祛上半身风湿，独活善祛下半身风湿，二药合用，能散周身风湿，舒利关节而通痹止痛，共为君药。防风祛风除湿以解表；藁本辛散温通，能散风寒湿邪止头痛，共为臣药。川芎

	　　活血祛风止痛；蔓荆子辛散祛风止头痛，共为佐药。炙甘草调和诸药，为使药。服后若微发其汗，效果更佳，能使风湿尽去，诸痛则止。

	　　【临床运用】

	　　1.用方要点本方为治风湿在表的常用方，以头痛身重，腰脊疼痛，苔白脉浮为辨证要点。

	　　2.现代运用本方常用于治疗感冒、风湿性关节炎、风湿性心肌炎、神经性头痛等属风湿在表者。

	　　【方歌】 羌活胜湿羌独芎，蔓甘藁本与防风，风湿在表头身痛，祛风除湿有奇劝。
 
        
      
        
        最近更新时间：2013-05-04
",http://www.zhongyoo.com/fangji/qhsst_536.html,,
